Subject,Model,Beta_Frequency,Beta_Semantic,Beta_Phonological,Negative_Log_Likelihood_Optimized
CAF-657,forage_dynamic_simdrop,8.303431505144564,2.351143808316928,,155.65667280713078
CAF-657,forage_random_baseline,0.0,0.0,,177.9940845685009
CAJ-663,forage_dynamic_simdrop,7.724051858340258,1.7127167068567606,,112.8344223431565
CAJ-663,forage_random_baseline,0.0,0.0,,122.75454108172474
CAM-666,forage_dynamic_simdrop,8.829448679998935,2.2852737103028753,,134.61447562098357
CAM-666,forage_random_baseline,0.0,0.0,,153.44317635215594
CAP-671,forage_dynamic_simdrop,10.005850043995068,2.0030369648531603,,99.34833248100982
CAP-671,forage_random_baseline,0.0,0.0,,116.6168140276385
CAQ-672,forage_dynamic_simdrop,8.295149141420621,2.505788464687746,,125.8924924534901
CAQ-672,forage_random_baseline,0.0,0.0,,141.16772224398346
CAR-673,forage_dynamic_simdrop,8.552777666118464,2.925973346360732,,122.75243972805893
CAR-673,forage_random_baseline,0.0,0.0,,141.16772224398346
CAS-674,forage_dynamic_simdrop,6.712496209296417,2.927873979100804,,115.09664574999967
CAS-674,forage_random_baseline,0.0,0.0,,128.89226813581098
CAV-678,forage_dynamic_simdrop,6.333746195976657,2.2066358466265,,160.07470906032228
CAV-678,forage_random_baseline,0.0,0.0,,171.85635751441467
CAY-681,forage_dynamic_simdrop,8.737252724717761,2.8786877627808787,,120.82826206863095
CAY-681,forage_random_baseline,0.0,0.0,,141.16772224398346
CBD-686,forage_dynamic_simdrop,8.1730092424584,2.88223982046075,,109.40027929990347
CBD-686,forage_random_baseline,0.0,0.0,,128.89226813581098
CBF-691,forage_dynamic_simdrop,8.27798745486549,2.432629790767907,,104.2945872797367
CBF-691,forage_random_baseline,0.0,0.0,,116.6168140276385
CBH-693,forage_dynamic_simdrop,7.826903638733865,3.1346642131323215,,123.53489635995872
CBH-693,forage_random_baseline,0.0,0.0,,147.3054492980697
CBJ-697,forage_dynamic_simdrop,6.841484871740763,1.8517776262891446,,131.89327848605453
CBJ-697,forage_random_baseline,0.0,0.0,,141.16772224398346
CBL-698,forage_dynamic_simdrop,5.547205547175826,2.9263415814057177,,111.38130361942441
CBL-698,forage_random_baseline,0.0,0.0,,122.75454108172474
CBM-702,forage_dynamic_simdrop,7.035461745169465,2.898251164883378,,148.08419981713888
CBM-702,forage_random_baseline,0.0,0.0,,165.71863046032843
CBP-707,forage_dynamic_simdrop,8.438033323943705,2.40788470968508,,151.88907249047358
CBP-707,forage_random_baseline,0.0,0.0,,171.85635751441467
CBS-711,forage_dynamic_simdrop,6.4292092148778215,2.319840319828449,,136.09505134724515
CBS-711,forage_random_baseline,0.0,0.0,,147.3054492980697
CBW-715,forage_dynamic_simdrop,8.118683541096384,2.8411357056584077,,96.7684346123985
CBW-715,forage_random_baseline,0.0,0.0,,110.47908697355226
CCB-720,forage_dynamic_simdrop,7.20107164600585,1.4570914109912732,,80.47364150991243
CCB-720,forage_random_baseline,0.0,0.0,,85.92817875720729
CCC-721,forage_dynamic_simdrop,11.706202424591096,2.0899005301414424,,72.65290277093425
CCC-721,forage_random_baseline,0.0,0.0,,92.06590581129353
CCD-722,forage_dynamic_simdrop,7.686641419347447,2.2803188744404035,,159.8558107678459
CCD-722,forage_random_baseline,0.0,0.0,,177.9940845685009
CCF-724,forage_dynamic_simdrop,10.95713353196627,2.135715062370846,,90.32974315525723
CCF-724,forage_random_baseline,0.0,0.0,,110.47908697355226
CCH-726,forage_dynamic_simdrop,9.485125064772486,2.3345845601446524,,121.5547328857234
CCH-726,forage_random_baseline,0.0,0.0,,141.16772224398346
CCL-730,forage_dynamic_simdrop,8.754315579674104,2.351122254555526,,126.25690217898128
CCL-730,forage_random_baseline,0.0,0.0,,147.3054492980697
CCX-744,forage_dynamic_simdrop,10.828497583241385,1.3202222361626161,,92.8315827761025
CCX-744,forage_random_baseline,0.0,0.0,,110.47908697355226
CDG-753,forage_dynamic_simdrop,7.015320429787802,3.068286546737944,,126.09445064489584
CDG-753,forage_random_baseline,0.0,0.0,,147.3054492980697
CDH-754,forage_dynamic_simdrop,7.8590327965819275,3.194691420736348,,75.71710480864819
CDH-754,forage_random_baseline,0.0,0.0,,85.92817875720729
CDM-759,forage_dynamic_simdrop,8.893663709370282,2.0911599050448095,,103.87561885867581
CDM-759,forage_random_baseline,0.0,0.0,,116.6168140276385
CDR-764,forage_dynamic_simdrop,7.644829994318996,1.3024935333903158,,102.00472888408046
CDR-764,forage_random_baseline,0.0,0.0,,110.47908697355226
CDU-767,forage_dynamic_simdrop,9.114992334999704,1.4135788571406087,,103.24229713951428
CDU-767,forage_random_baseline,0.0,0.0,,116.6168140276385
SGO-159,forage_dynamic_simdrop,8.279107067358902,2.5575786440811634,,196.7283033265421
SGO-159,forage_random_baseline,0.0,0.0,,220.9581739471046
SIU-211,forage_dynamic_simdrop,8.445558529209286,2.7479421844495517,,125.58983470437713
SIU-211,forage_random_baseline,0.0,0.0,,147.3054492980697
SIZ-390,forage_dynamic_simdrop,8.68547103871809,1.6354230935965315,,93.66313322664004
SIZ-390,forage_random_baseline,0.0,0.0,,104.34135991946602
SKE-234,forage_dynamic_simdrop,7.962624482111935,2.7155141735202712,,151.84060837386184
SKE-234,forage_random_baseline,0.0,0.0,,171.85635751441467
SMK-401,forage_dynamic_simdrop,8.713073307687075,2.531242634057184,,124.90826471642617
SMK-401,forage_random_baseline,0.0,0.0,,147.3054492980697
SNI-300,forage_dynamic_simdrop,8.192707764211772,2.8630059879789314,,95.3156066788174
SNI-300,forage_random_baseline,0.0,0.0,,110.47908697355226
SNR-308,forage_dynamic_simdrop,8.87964210064045,2.320123602587072,,86.01056152263045
SNR-308,forage_random_baseline,0.0,0.0,,98.20363286537977
SNT-310,forage_dynamic_simdrop,10.019078841161656,2.9926149790503316,,137.85079221540877
SNT-310,forage_random_baseline,0.0,0.0,,165.71863046032843
SNV-312,forage_dynamic_simdrop,10.947269503179648,2.40826433828533,,88.47805725597479
SNV-312,forage_random_baseline,0.0,0.0,,110.47908697355226
SNY-315,forage_dynamic_simdrop,9.15361330222069,1.8580585171909985,,106.78741672479508
SNY-315,forage_random_baseline,0.0,0.0,,122.75454108172474
SOE-320,forage_dynamic_simdrop,10.658114643763291,2.794268914894894,,65.00470250355396
SOE-320,forage_random_baseline,0.0,0.0,,79.79045170312105
SOQ-329,forage_dynamic_simdrop,9.0966067334314,2.3674226766552655,,122.55621542443187
SOQ-329,forage_random_baseline,0.0,0.0,,141.16772224398346
SOX-335,forage_dynamic_simdrop,10.327743827192807,2.0124266975860223,,56.75613943819523
SOX-335,forage_random_baseline,0.0,0.0,,67.51499759494857
SPA-338,forage_dynamic_simdrop,7.926039650001109,3.0233401985368804,,89.885021217642
SPA-338,forage_random_baseline,0.0,0.0,,104.34135991946602
SPC-340,forage_dynamic_simdrop,8.657687772836157,2.426362852768732,,105.27786181432693
SPC-340,forage_random_baseline,0.0,0.0,,122.75454108172474
SPH-344,forage_dynamic_simdrop,9.569340428769387,2.687282836348111,,51.49017255609009
SPH-344,forage_random_baseline,0.0,0.0,,61.37727054086234
SPL-436,forage_dynamic_simdrop,8.808379102936966,2.5404725476797165,,86.94055539051318
SPL-436,forage_random_baseline,0.0,0.0,,104.34135991946602
SPV-450,forage_dynamic_simdrop,9.514225006687578,3.006410939918856,,97.70803623347447
SPV-450,forage_random_baseline,0.0,0.0,,116.6168140276385
SPX-452,forage_dynamic_simdrop,8.099479994788087,3.00341937476917,,113.82786350978037
SPX-452,forage_random_baseline,0.0,0.0,,135.02999518989722
SRF-483,forage_dynamic_simdrop,10.006987837604392,2.138105481143171,,83.32986173372355
SRF-483,forage_random_baseline,0.0,0.0,,98.20363286537977
SRR-498,forage_dynamic_simdrop,9.212238623866863,1.7838550189318318,,97.60566286464281
SRR-498,forage_random_baseline,0.0,0.0,,110.47908697355226
SSG-520,forage_dynamic_simdrop,11.195237150838825,3.2705915360569398,,71.48023085845273
SSG-520,forage_random_baseline,0.0,0.0,,98.20363286537977
SSZ-539,forage_dynamic_simdrop,9.218656621732913,2.0607191277644326,,70.90198721326018
SSZ-539,forage_random_baseline,0.0,0.0,,79.79045170312105
SUG-544,forage_dynamic_simdrop,9.530078026603652,2.7429638557795766,,77.31399161333373
SUG-544,forage_random_baseline,0.0,0.0,,92.06590581129353
SUT-556,forage_dynamic_simdrop,10.210215489730764,1.5884023618903371,,80.03832735757503
SUT-556,forage_random_baseline,0.0,0.0,,92.06590581129353
SUV-558,forage_dynamic_simdrop,6.895100252440949,2.428674025223722,,104.85617601033002
SUV-558,forage_random_baseline,0.0,0.0,,116.6168140276385
SVA-563,forage_dynamic_simdrop,7.609919035438427,2.307627938597395,,114.7980806960873
SVA-563,forage_random_baseline,0.0,0.0,,128.89226813581098
SVH-570,forage_dynamic_simdrop,8.17715954197069,2.531945593813357,,81.64286632979874
SVH-570,forage_random_baseline,0.0,0.0,,92.06590581129353
SVY-587,forage_dynamic_simdrop,7.896851159678833,3.0043283835120427,,100.5217566397871
SVY-587,forage_random_baseline,0.0,0.0,,116.6168140276385
SZA-781,forage_dynamic_simdrop,7.783285611866798,3.3840208080523118,,90.3529015808885
SZA-781,forage_random_baseline,0.0,0.0,,104.34135991946602
