Subject,Model,Beta_Frequency,Beta_Semantic,Beta_Phonological,Negative_Log_Likelihood_Optimized
CAF-657,forage_static,8.698622665844827,1.2322739846047412,,162.69912312120306
CAF-657,forage_dynamic_simdrop,8.605878753924458,2.229359731242603,,158.21517673789418
CAF-657,forage_phonologicalstatic,8.649337791349723,1.1999677756425573,0.023686512025461987,162.5959841368018
CAF-657,forage_phonologicaldynamicglobal_simdrop,8.582743261592595,2.2011986672867314,0.010744379094380517,158.194448987883
CAF-657,forage_phonologicaldynamiclocal_simdrop,8.635558437975035,2.270928646941355,-0.01572084380571036,158.18430301144218
CAF-657,forage_phonologicaldynamicswitch_simdrop,8.582234989357746,2.229023667785523,0.07234535148364009,157.9287424206978
CAF-657,forage_random_baseline,0.0,0.0,,177.9940845685009
CAJ-663,forage_static,7.656794220241118,0.7357100650828005,,114.69042079904268
CAJ-663,forage_dynamic_simdrop,8.027400441332782,1.9232149363913023,,112.3704124916072
CAJ-663,forage_phonologicalstatic,7.5008677324909945,0.6750207265541669,0.076046463275697,113.93428103229478
CAJ-663,forage_phonologicaldynamicglobal_simdrop,7.862264031774984,1.7982779339430315,0.06977666431603222,111.73965472299432
CAJ-663,forage_phonologicaldynamiclocal_simdrop,7.795402967041031,1.7195405078066486,0.11879277832343597,111.03304653937914
CAJ-663,forage_phonologicaldynamicswitch_simdrop,8.05179662957289,1.924927961718706,-0.08921990778166167,112.17189528860462
CAJ-663,forage_random_baseline,0.0,0.0,,122.75454108172474
CAM-666,forage_static,9.502199684370348,1.7276775504333208,,136.80281851035326
CAM-666,forage_dynamic_simdrop,9.462949696276162,2.508620403012678,,133.89186124552907
CAM-666,forage_phonologicalstatic,9.614646444231708,1.8329720409090886,-0.04389137778102447,136.53352217240356
CAM-666,forage_phonologicaldynamicglobal_simdrop,9.589697718452477,2.7156219530938586,-0.05714782425676551,133.45042325142114
CAM-666,forage_phonologicaldynamiclocal_simdrop,9.54690708213801,2.6317339611610047,-0.03415054924910181,133.77087357590102
CAM-666,forage_phonologicaldynamicswitch_simdrop,9.429359335144802,2.5074749340403497,-0.13877942757085793,133.34526431367925
CAM-666,forage_random_baseline,0.0,0.0,,153.44317635215594
CAP-671,forage_static,10.119068852481123,1.0785472660919657,,102.97075187428347
CAP-671,forage_dynamic_simdrop,10.207786763040598,1.8625001395749954,,101.19266319054891
CAP-671,forage_phonologicalstatic,10.079193875936287,1.053076978706521,0.020139097851131483,102.92237848564123
CAP-671,forage_phonologicaldynamicglobal_simdrop,10.182759039500514,1.8377093660540573,0.009771672958662792,101.18143797823627
CAP-671,forage_phonologicaldynamiclocal_simdrop,9.997722101736993,1.6504716467691418,0.08698867973643609,100.55017919719742
CAP-671,forage_phonologicaldynamicswitch_simdrop,10.204282795150343,1.8623262865361652,-2.2409433005621135,99.23734978369731
CAP-671,forage_random_baseline,0.0,0.0,,116.6168140276385
CAQ-672,forage_static,8.71225378264249,1.6021828734435857,,128.59395736147843
CAQ-672,forage_dynamic_simdrop,8.633719581160607,2.4622472304536935,,127.5274243855199
CAQ-672,forage_phonologicalstatic,8.771223135677198,1.6544281627027135,-0.02355311178660369,128.51844069965205
CAQ-672,forage_phonologicaldynamicglobal_simdrop,8.682158782842077,2.544504480223759,-0.025270413036947232,127.4405739606169
CAQ-672,forage_phonologicaldynamiclocal_simdrop,8.631452826782594,2.4575355985043834,0.0014576931463215201,127.5272369811365
CAQ-672,forage_phonologicaldynamicswitch_simdrop,8.65993585239895,2.4641305059047625,-0.07422508504254857,127.27026924866117
CAQ-672,forage_random_baseline,0.0,0.0,,141.16772224398346
CAR-673,forage_static,8.95486042910571,2.2524035963116296,,125.1236852907218
CAR-673,forage_dynamic_simdrop,8.637920936940855,3.5228909431099815,,120.30739055157875
CAR-673,forage_phonologicalstatic,9.254114038462045,2.4636910620676495,-0.0693368683689511,124.49675349619069
CAR-673,forage_phonologicaldynamicglobal_simdrop,9.002828970750766,4.0114846668250035,-0.0958280362899004,119.16913025626015
CAR-673,forage_phonologicaldynamiclocal_simdrop,9.125323091485583,4.306730196162189,-0.15018423343891868,118.58059871695436
CAR-673,forage_phonologicaldynamicswitch_simdrop,8.639103738604666,3.5228898265932327,-0.002011019593735523,120.30720303902606
CAR-673,forage_random_baseline,0.0,0.0,,141.16772224398346
CAS-674,forage_static,7.639375164519406,2.944786411097335,,114.6083320599641
CAS-674,forage_dynamic_simdrop,7.138702958409756,3.753026146120906,,114.39060903766878
CAS-674,forage_phonologicalstatic,7.759495199024913,3.1772641248353577,-0.05844555476230373,114.19438522097477
CAS-674,forage_phonologicaldynamicglobal_simdrop,7.206135533003592,4.047890715611597,-0.05927662694016335,113.9766265984435
CAS-674,forage_phonologicaldynamiclocal_simdrop,7.11056488783358,3.614952310037282,0.02990399598542917,114.31641317903974
CAS-674,forage_phonologicaldynamicswitch_simdrop,7.1540960768189015,3.7530851802561562,-2.0159455580988412,111.17332670511524
CAS-674,forage_random_baseline,0.0,0.0,,128.89226813581098
CAV-678,forage_static,6.974141224973833,1.9012547864980058,,160.94075036356745
CAV-678,forage_dynamic_simdrop,6.748521446595723,2.453344784741939,,160.38682352194198
CAV-678,forage_phonologicalstatic,7.0207959801229896,1.9464584004708754,-0.0201064639081633,160.87126520191327
CAV-678,forage_phonologicaldynamicglobal_simdrop,6.790965349626899,2.514734444340319,-0.020910490690641294,160.3126131911034
CAV-678,forage_phonologicaldynamiclocal_simdrop,6.777310129292765,2.488917243986675,-0.012059999845152693,160.36892067468858
CAV-678,forage_phonologicaldynamicswitch_simdrop,6.732666555175187,2.4524701276656384,-0.0454009796846758,160.29459966320422
CAV-678,forage_random_baseline,0.0,0.0,,171.85635751441467
CAY-681,forage_static,8.657609267439348,2.332882844725491,,123.01467064920101
CAY-681,forage_dynamic_simdrop,8.960413128944955,3.2315474126070076,,121.31426049180482
CAY-681,forage_phonologicalstatic,9.059459038045409,2.6440080903208623,-0.10314834173503684,121.7655135676861
CAY-681,forage_phonologicaldynamicglobal_simdrop,9.301992043968678,3.664262757787049,-0.1046506850935325,120.03039108946595
CAY-681,forage_phonologicaldynamiclocal_simdrop,9.124125528278427,3.5343057446781243,-0.07520735901461773,120.83956031135739
CAY-681,forage_phonologicaldynamicswitch_simdrop,9.120969648754425,3.2369038523764684,-0.178389396631495,120.29558136643911
CAY-681,forage_random_baseline,0.0,0.0,,141.16772224398346
CBD-686,forage_static,9.313166291763896,2.588773000056702,,111.50842730311157
CBD-686,forage_dynamic_simdrop,8.467262432587212,3.504097868568447,,107.97689926330796
CBD-686,forage_phonologicalstatic,9.414690594788437,2.7009315005809547,-0.03063294833210296,111.3945546242464
CBD-686,forage_phonologicaldynamicglobal_simdrop,8.578489431228634,3.7658177267235233,-0.0541573441780531,107.64943381496163
CBD-686,forage_phonologicaldynamiclocal_simdrop,8.584577486385522,3.7590251724525827,-0.052830196995499304,107.78031952503811
CBD-686,forage_phonologicaldynamicswitch_simdrop,8.457396424550558,3.504254173982261,-0.0566143168602239,107.84532153633438
CBD-686,forage_random_baseline,0.0,0.0,,128.89226813581098
CBF-691,forage_static,8.805667876113949,2.1220862881951725,,104.12279721153979
CBF-691,forage_dynamic_simdrop,8.562410530510608,2.7395901530982782,,103.7158402994699
CBF-691,forage_phonologicalstatic,8.723398728401639,2.066717225894613,0.020918809910015452,104.07008427797606
CBF-691,forage_phonologicaldynamicglobal_simdrop,8.497926865578215,2.674591268037899,0.01673652669415708,103.68222129670372
CBF-691,forage_phonologicaldynamiclocal_simdrop,8.241701644778022,2.1467122967488845,0.17737926953370306,101.33051550379194
CBF-691,forage_phonologicaldynamicswitch_simdrop,9.130220814926524,2.7601927683096936,-2.500803964954676,99.25087857521436
CBF-691,forage_random_baseline,0.0,0.0,,116.6168140276385
CBH-693,forage_static,8.589031241927511,2.2216053612934057,,130.81047262088634
CBH-693,forage_dynamic_simdrop,8.121346354971571,3.362966225634689,,125.30111845327075
CBH-693,forage_phonologicalstatic,8.35493918511616,1.9627462783712075,0.08177495280486505,129.78679993260187
CBH-693,forage_phonologicaldynamicglobal_simdrop,7.97887758627474,3.08652018229002,0.060191065281860856,124.77518653719676
CBH-693,forage_phonologicaldynamiclocal_simdrop,7.857992058839334,2.9168758674306545,0.10105704792511998,124.30721852117951
CBH-693,forage_phonologicaldynamicswitch_simdrop,8.112424111195802,3.3631278460952703,-0.027133222615881136,125.27056573951386
CBH-693,forage_random_baseline,0.0,0.0,,147.3054492980697
CBJ-697,forage_static,6.848149712615674,1.1531461087834185,,133.6733027529661
CBJ-697,forage_dynamic_simdrop,7.067913041514284,2.645082031301346,,129.44992231031625
CBJ-697,forage_phonologicalstatic,6.955461813983101,1.2020782247720283,-0.04599094721062383,133.39300255167166
CBJ-697,forage_phonologicaldynamicglobal_simdrop,7.263595912272327,2.8485031906833247,-0.06226256006330947,128.9416937268113
CBJ-697,forage_phonologicaldynamiclocal_simdrop,7.133379230995534,2.727451361031059,-0.025592627343359754,129.3824876264189
CBJ-697,forage_phonologicaldynamicswitch_simdrop,7.1698504406487995,2.6497966722292396,-0.18612968898098434,128.46231050230892
CBJ-697,forage_random_baseline,0.0,0.0,,141.16772224398346
CBL-698,forage_static,6.447631126836434,2.7982151876020764,,112.54166120458822
CBL-698,forage_dynamic_simdrop,5.904368816087633,3.8845625354716997,,107.4626923233028
CBL-698,forage_phonologicalstatic,6.492859359221626,2.852211068883561,-0.015997824028628392,112.51127503688448
CBL-698,forage_phonologicaldynamicglobal_simdrop,6.012574117139948,4.084889953087246,-0.043675619594007356,107.25450934056217
CBL-698,forage_phonologicaldynamiclocal_simdrop,6.144580174034415,4.246249384074865,-0.07706942745178373,106.98745321107438
CBL-698,forage_phonologicaldynamicswitch_simdrop,5.93115569303231,3.883803290339108,0.04508440785827477,107.39761873638452
CBL-698,forage_random_baseline,0.0,0.0,,122.75454108172474
CBM-702,forage_static,7.533887198865425,1.9492133471676714,,153.9195919467364
CBM-702,forage_dynamic_simdrop,7.570972449015785,2.9133073861626415,,151.06467426646554
CBM-702,forage_phonologicalstatic,7.390773858820577,1.7246329892993497,0.09820567530933329,152.2117658638984
CBM-702,forage_phonologicaldynamicglobal_simdrop,7.444850020029121,2.5967756150466905,0.09039876978824335,149.65506226507412
CBM-702,forage_phonologicaldynamiclocal_simdrop,7.5083704023615025,2.7644244650788603,0.0408009904474342,150.85756323551422
CBM-702,forage_phonologicaldynamicswitch_simdrop,7.585087476660046,2.9140918359044665,0.22801568264395633,148.71453524307046
CBM-702,forage_random_baseline,0.0,0.0,,165.71863046032843
CBP-707,forage_static,9.032416574205868,2.073036145366385,,153.4788942978025
CBP-707,forage_dynamic_simdrop,8.568712927194623,2.9054511513558445,,150.99360517483004
CBP-707,forage_phonologicalstatic,9.270741873920143,2.3126283850015406,-0.07789225820989691,152.5594462699757
CBP-707,forage_phonologicaldynamicglobal_simdrop,8.818875063495648,3.3327566543837706,-0.09329430880163161,149.74032594160553
CBP-707,forage_phonologicaldynamiclocal_simdrop,8.76412303141061,3.2352761182101943,-0.07258190503528425,150.44211320197908
CBP-707,forage_phonologicaldynamicswitch_simdrop,8.563861714495435,2.905433186163447,-0.15593461178059778,150.13163186402065
CBP-707,forage_random_baseline,0.0,0.0,,171.85635751441467
CBS-711,forage_static,7.0459190162991145,1.6256048931137579,,138.5867853668961
CBS-711,forage_dynamic_simdrop,6.789510421573745,2.0484345290080825,,138.1185983181932
CBS-711,forage_phonologicalstatic,7.065008658671103,1.64349839398979,-0.008581020197522465,138.57605588273924
CBS-711,forage_phonologicaldynamicglobal_simdrop,6.818173224747093,2.088111118545558,-0.01317372717845829,138.09355978809495
CBS-711,forage_phonologicaldynamiclocal_simdrop,6.784808115701667,2.040891365412646,0.0025258405172211844,138.11791958287088
CBS-711,forage_phonologicaldynamicswitch_simdrop,6.8066306055286026,2.0494474497584134,-0.056653217504189154,137.9975329478194
CBS-711,forage_random_baseline,0.0,0.0,,147.3054492980697
CBW-715,forage_static,8.605102413215729,2.8558574672265102,,95.89986462291239
CBW-715,forage_dynamic_simdrop,8.40621419433468,3.411161383699006,,95.42239601070928
CBW-715,forage_phonologicalstatic,8.609344186409107,2.8635939921516576,-0.0017742317681096545,95.89955029059121
CBW-715,forage_phonologicaldynamicglobal_simdrop,8.409019365766847,3.4209765493178215,-0.001957162801376479,95.42202764497318
CBW-715,forage_phonologicaldynamiclocal_simdrop,8.629550933627357,4.128133384325279,-0.13318585665590252,94.37571298158544
CBW-715,forage_phonologicaldynamicswitch_simdrop,8.309703518183097,3.409314831121113,0.3105026197910298,92.83150177702689
CBW-715,forage_random_baseline,0.0,0.0,,110.47908697355226
CCB-720,forage_static,6.965965918480771,0.576822848869526,,81.41910210532261
CCB-720,forage_dynamic_simdrop,7.1624520202395745,1.171115687635618,,80.91583931109386
CCB-720,forage_phonologicalstatic,7.0212956558159,0.5376975489460823,0.08277997266640295,80.8305300966227
CCB-720,forage_phonologicaldynamicglobal_simdrop,7.182928586937081,1.083013409236267,0.07963798084232157,80.36932493034982
CCB-720,forage_phonologicaldynamiclocal_simdrop,7.17930731422462,1.2507297713066716,-0.08704535325720585,80.58218517047116
CCB-720,forage_phonologicaldynamicswitch_simdrop,7.316347689587882,1.1874082151850156,0.6762826705794968,76.18873378286644
CCB-720,forage_random_baseline,0.0,0.0,,85.92817875720729
CCC-721,forage_static,12.431899285898918,1.942993271550087,,72.94554406966482
CCC-721,forage_dynamic_simdrop,12.024373991435404,2.4900706543553,,71.76173622789359
CCC-721,forage_phonologicalstatic,12.83789375466792,2.2036349573073704,-0.08419973832508525,72.4263484760092
CCC-721,forage_phonologicaldynamicglobal_simdrop,12.471972951156651,2.9059884575766604,-0.10533527010041464,71.01805443384495
CCC-721,forage_phonologicaldynamiclocal_simdrop,12.424453353302157,2.974037882804091,-0.12170276028630103,71.07929507887482
CCC-721,forage_phonologicaldynamicswitch_simdrop,12.089920374813058,2.4905572783862597,-0.06548083560387737,71.66646199373476
CCC-721,forage_random_baseline,0.0,0.0,,92.06590581129353
CCD-722,forage_static,7.952445883568039,1.200790678249751,,164.7725374661959
CCD-722,forage_dynamic_simdrop,8.044462705262307,2.5394761116581392,,159.01788452262906
CCD-722,forage_phonologicalstatic,8.003754655003315,1.2443818983297679,-0.033991682858931865,164.57003522635927
CCD-722,forage_phonologicaldynamicglobal_simdrop,8.13791127640112,2.696861433142654,-0.05069420133493918,158.57468009259142
CCD-722,forage_phonologicaldynamiclocal_simdrop,8.077021319243759,2.6020124548146972,-0.020379604932382268,158.96518835008027
CCD-722,forage_phonologicaldynamicswitch_simdrop,8.070637360090185,2.540108511544086,-0.13595465136838675,158.211544994861
CCD-722,forage_random_baseline,0.0,0.0,,177.9940845685009
CCF-724,forage_static,11.33022887288414,1.6254591013201434,,92.85605262717726
CCF-724,forage_dynamic_simdrop,11.393401653860744,2.2290537537894037,,90.78520536893625
CCF-724,forage_phonologicalstatic,11.265725470154448,1.5701073696576002,0.02430936565651759,92.78965764911885
CCF-724,forage_phonologicaldynamicglobal_simdrop,11.360036176589805,2.192152806255413,0.01164749461055528,90.77031835308183
CCF-724,forage_phonologicaldynamiclocal_simdrop,11.3593544738279,2.1858043665231284,0.013723447879688896,90.7682024399869
CCF-724,forage_phonologicaldynamicswitch_simdrop,11.3926226155279,2.229024295725251,0.001999033717639637,90.78512722035971
CCF-724,forage_random_baseline,0.0,0.0,,110.47908697355226
CCH-726,forage_static,9.670840221715187,1.6606692721097764,,124.09157905430791
CCH-726,forage_dynamic_simdrop,9.72139976751774,2.2514963892998927,,123.51780949839186
CCH-726,forage_phonologicalstatic,9.7538339496704,1.7252464741179703,-0.02912542600626853,123.98070106524706
CCH-726,forage_phonologicaldynamicglobal_simdrop,9.837489732586587,2.3656474307820377,-0.034228121657616455,123.3635818424705
CCH-726,forage_phonologicaldynamiclocal_simdrop,9.882652280849012,2.4498536539811497,-0.05997510626797094,123.19846590964544
CCH-726,forage_phonologicaldynamicswitch_simdrop,9.705834686081896,2.2508022017430784,0.021763382255544698,123.498257016041
CCH-726,forage_random_baseline,0.0,0.0,,141.16772224398346
CCL-730,forage_static,9.55216151476514,1.5988168616026355,,130.56654418078836
CCL-730,forage_dynamic_simdrop,9.605953670308592,2.86255712623758,,125.31710778437326
CCL-730,forage_phonologicalstatic,9.676835184051598,1.7371296589544665,-0.06437544852893583,130.04649415042053
CCL-730,forage_phonologicaldynamicglobal_simdrop,9.858752029933397,3.332708426506601,-0.10182533074562394,124.10869572482
CCL-730,forage_phonologicaldynamiclocal_simdrop,9.767513049886551,3.367000360990783,-0.10915915180793917,124.38101897387185
CCL-730,forage_phonologicaldynamicswitch_simdrop,9.692096989841573,2.8631839370912875,-0.08547103661732446,125.03702999599082
CCL-730,forage_random_baseline,0.0,0.0,,147.3054492980697
CCX-744,forage_static,11.08613880143057,0.8951924392489751,,93.98661820532088
CCX-744,forage_dynamic_simdrop,11.033356285683938,1.673920243763511,,91.94651555020646
CCX-744,forage_phonologicalstatic,10.928221532649811,0.8115531286779429,0.06342229605693785,93.5424808604814
CCX-744,forage_phonologicaldynamicglobal_simdrop,10.906454831913893,1.5606305836335064,0.051717417504291,91.65665492656483
CCX-744,forage_phonologicaldynamiclocal_simdrop,10.90545616193008,1.4646543251269362,0.09951821334199902,91.1802022633732
CCX-744,forage_phonologicaldynamicswitch_simdrop,11.104240622031496,1.6747883007243567,-0.06245762811978148,91.82025980903349
CCX-744,forage_random_baseline,0.0,0.0,,110.47908697355226
CDG-753,forage_static,7.802798301402096,2.519156567939436,,129.50325944226765
CDG-753,forage_dynamic_simdrop,7.278875399520459,3.643783496034874,,123.07892617191801
CDG-753,forage_phonologicalstatic,7.964182924846641,2.674147008386415,-0.049471490587749974,129.1702267517019
CDG-753,forage_phonologicaldynamicglobal_simdrop,7.545672857921068,4.121919034519614,-0.09327039914852694,122.03020970986559
CDG-753,forage_phonologicaldynamiclocal_simdrop,7.4327311401305005,3.960101890649165,-0.06264541441969862,122.72357051598038
CDG-753,forage_phonologicaldynamicswitch_simdrop,7.330843445552338,3.641523068747806,-0.18769000209579542,122.08397848401825
CDG-753,forage_random_baseline,0.0,0.0,,147.3054492980697
CDH-754,forage_static,8.18241016339445,2.770219979118591,,75.74593452834029
CDH-754,forage_dynamic_simdrop,7.90320133162722,3.1900819429066596,,75.6332144151821
CDH-754,forage_phonologicalstatic,8.060325302663736,2.538784021156811,0.06824769403745524,75.3335673324452
CDH-754,forage_phonologicaldynamicglobal_simdrop,7.829607451695348,2.9323125976852427,0.06790532927676407,75.23795071860484
CDH-754,forage_phonologicaldynamiclocal_simdrop,7.862818998523458,3.032952336683614,0.04022788372043217,75.52680449716902
CDH-754,forage_phonologicaldynamicswitch_simdrop,7.882747904235854,3.1898399144116234,0.16429388886810375,75.11882657413832
CDH-754,forage_random_baseline,0.0,0.0,,85.92817875720729
CDM-759,forage_static,9.32786601393099,1.4957233220399533,,105.37447821019903
CDM-759,forage_dynamic_simdrop,9.165873562602448,2.0940214523740948,,104.3749088502457
CDM-759,forage_phonologicalstatic,9.269276276175908,1.460305560687313,0.020551449822620377,105.3258128448639
CDM-759,forage_phonologicaldynamicglobal_simdrop,9.125425903438474,2.0524239943928864,0.014707512382568053,104.35005210563854
CDM-759,forage_phonologicaldynamiclocal_simdrop,9.013409334855433,1.8932962241101958,0.07309052403746419,103.91430793963467
CDM-759,forage_phonologicaldynamicswitch_simdrop,9.285205539858845,2.1016841814784573,-0.176939452203176,103.62356632232795
CDM-759,forage_random_baseline,0.0,0.0,,116.6168140276385
CDR-764,forage_static,7.4291955268750485,0.3512394796880837,,103.36551524024092
CDR-764,forage_dynamic_simdrop,7.781464362718931,1.2100062112134389,,102.23090794108661
CDR-764,forage_phonologicalstatic,7.567217578336292,0.4024383332513886,-0.07043916704629946,102.92383755407283
CDR-764,forage_phonologicaldynamicglobal_simdrop,7.9607521741571,1.3156973616386334,-0.07674341364564136,101.70573213284096
CDR-764,forage_phonologicaldynamiclocal_simdrop,7.918647627219321,1.3158654127291258,-0.07959222047144698,101.80939346883095
CDR-764,forage_phonologicaldynamicswitch_simdrop,7.821089011065172,1.2124458627598222,-0.06739377390106979,102.12659319388582
CDR-764,forage_random_baseline,0.0,0.0,,110.47908697355226
CDU-767,forage_static,9.589182513014121,1.156581913562237,,103.66397007893498
CDU-767,forage_dynamic_simdrop,9.758492269097552,2.0115366824550187,,101.99345848563928
CDU-767,forage_phonologicalstatic,9.88770761687384,1.3134949692051479,-0.09927289401481683,102.74384948447286
CDU-767,forage_phonologicaldynamicglobal_simdrop,10.098177043471598,2.3054054755823046,-0.10614960975647397,100.91354162119924
CDU-767,forage_phonologicaldynamiclocal_simdrop,9.92872783065949,2.2346415926825354,-0.08102285447781463,101.52317376546421
CDU-767,forage_phonologicaldynamicswitch_simdrop,9.924128361556273,2.018091475926966,-0.16973982385456,101.26020110611314
CDU-767,forage_random_baseline,0.0,0.0,,116.6168140276385
SGO-159,forage_static,8.643279974730035,1.8035979346604878,,199.7913324020954
SGO-159,forage_dynamic_simdrop,8.438673306700586,2.7329614400721796,,197.22467245903897
SGO-159,forage_phonologicalstatic,8.628551545587571,1.78912052503588,0.007030888741356706,199.78029114669633
SGO-159,forage_phonologicaldynamicglobal_simdrop,8.444153804291334,2.741818189689611,-0.0023608549472568757,197.22344344050515
SGO-159,forage_phonologicaldynamiclocal_simdrop,8.447299701742113,2.7492364324515943,-0.004343493575930417,197.22200585754518
SGO-159,forage_phonologicaldynamicswitch_simdrop,8.438274749265453,2.7329497898337274,0.0011794505777771313,197.2245618518963
SGO-159,forage_random_baseline,0.0,0.0,,220.9581739471046
SIU-211,forage_static,9.141206911932438,2.0173964578716648,,131.32125900333853
SIU-211,forage_dynamic_simdrop,8.685835348786437,2.9353976972544644,,126.95407735031311
SIU-211,forage_phonologicalstatic,8.942034586709935,1.7447878811425448,0.09783618364203371,129.83965767615794
SIU-211,forage_phonologicaldynamicglobal_simdrop,8.569312221905873,2.619029139411805,0.08176287798951941,125.96705321117797
SIU-211,forage_phonologicaldynamiclocal_simdrop,8.6015632414576,2.735724660638236,0.05026746141323446,126.70687465251959
SIU-211,forage_phonologicaldynamicswitch_simdrop,8.709610937686707,2.9351346016688833,0.14519974522601162,125.91298448086829
SIU-211,forage_random_baseline,0.0,0.0,,147.3054492980697
SIZ-390,forage_static,8.774353291416134,1.202734207850502,,94.51108875707871
SIZ-390,forage_dynamic_simdrop,8.786493264634887,1.6175697122344361,,93.94431963618108
SIZ-390,forage_phonologicalstatic,8.689290929299666,1.1506129172240842,0.029274233571618215,94.4246793964551
SIZ-390,forage_phonologicaldynamicglobal_simdrop,8.712300420056241,1.560282249392659,0.029600782536673628,93.85603526594606
SIZ-390,forage_phonologicaldynamiclocal_simdrop,8.711106337814781,1.566369032543115,0.02619121949729816,93.8878632112333
SIZ-390,forage_phonologicaldynamicswitch_simdrop,8.803363645792164,1.6184969385845942,0.04488721280367646,93.90678937621568
SIZ-390,forage_random_baseline,0.0,0.0,,104.34135991946602
SKE-234,forage_static,8.63383952837436,2.3093337256086865,,153.57316744985735
SKE-234,forage_dynamic_simdrop,8.280021220038664,3.1000103174405504,,150.9519003270354
SKE-234,forage_phonologicalstatic,8.55999916195566,2.2170217611474135,0.031148859555714583,153.39747476320778
SKE-234,forage_phonologicaldynamicglobal_simdrop,8.228919665404938,3.004982415573526,0.023952624062761475,150.85091082952715
SKE-234,forage_phonologicaldynamiclocal_simdrop,8.364160846741292,3.2395075905235338,-0.03359362857851922,150.81773308446932
SKE-234,forage_phonologicaldynamicswitch_simdrop,8.326328216394034,3.1007026565966282,0.15117114352165498,149.68998010841793
SKE-234,forage_random_baseline,0.0,0.0,,171.85635751441467
SMK-401,forage_static,9.590654053620456,2.0524409156909336,,128.06887204600235
SMK-401,forage_dynamic_simdrop,8.855412831530664,2.8493293008961,,124.70230510205329
SMK-401,forage_phonologicalstatic,9.470971250256541,1.9192818074365148,0.05260183193316576,127.65493721881563
SMK-401,forage_phonologicaldynamicglobal_simdrop,8.797733954573573,2.715483228754143,0.0344789282759438,124.53149441188394
SMK-401,forage_phonologicaldynamiclocal_simdrop,8.909917810277811,3.146851223409531,-0.07153657690329711,124.31619605266944
SMK-401,forage_phonologicaldynamicswitch_simdrop,8.644694990081165,2.855300471135941,0.19918810905148462,122.68688194567268
SMK-401,forage_random_baseline,0.0,0.0,,147.3054492980697
SNI-300,forage_static,8.72122056911797,2.6572442642656333,,96.26730829417718
SNI-300,forage_dynamic_simdrop,8.952524276093575,3.4711450428628856,,94.90980484187936
SNI-300,forage_phonologicalstatic,8.474156053745803,2.4003007753521297,0.07639624801660927,95.6288019630388
SNI-300,forage_phonologicaldynamicglobal_simdrop,8.75789215282643,3.151474038427703,0.07316705271235235,94.32711596568113
SNI-300,forage_phonologicaldynamiclocal_simdrop,8.785903125254805,3.166148931570968,0.0696923005298077,94.50436263336864
SNI-300,forage_phonologicaldynamicswitch_simdrop,8.928748628044554,3.470320488158245,0.08364601390961589,94.72965438302728
SNI-300,forage_random_baseline,0.0,0.0,,110.47908697355226
SNR-308,forage_static,9.242647865638585,1.9861340843278408,,86.85866240672107
SNR-308,forage_dynamic_simdrop,9.12481240058372,2.496600752244383,,86.32961395335916
SNR-308,forage_phonologicalstatic,9.068157282563549,1.8339719253904192,0.05574634558279262,86.55021798514763
SNR-308,forage_phonologicaldynamicglobal_simdrop,8.95084479957696,2.324345725298005,0.05453497397880369,86.03752595534944
SNR-308,forage_phonologicaldynamiclocal_simdrop,8.856426499600461,2.242194615221785,0.0821828763833272,85.84612324572853
SNR-308,forage_phonologicaldynamicswitch_simdrop,9.12160321650041,2.4964693917565697,-0.02579962502759739,86.31493237090851
SNR-308,forage_random_baseline,0.0,0.0,,98.20363286537977
SNT-310,forage_static,9.998626074629314,1.694600287660312,,145.0753117639991
SNT-310,forage_dynamic_simdrop,10.346079535730716,3.16502721501149,,139.25346956854466
SNT-310,forage_phonologicalstatic,9.929660742423533,1.6269724997323947,0.03065508022694328,144.91470436540445
SNT-310,forage_phonologicaldynamicglobal_simdrop,10.327258388457313,3.1339507231010733,0.0066126088852403045,139.24634966449727
SNT-310,forage_phonologicaldynamiclocal_simdrop,10.407220970240656,3.287543851111754,-0.02555117479824222,139.183516589099
SNT-310,forage_phonologicaldynamicswitch_simdrop,10.309096191832674,3.163827615701583,0.07128116555570105,138.9760224487291
SNT-310,forage_random_baseline,0.0,0.0,,165.71863046032843
SNV-312,forage_static,11.884700823694264,2.3749857724672214,,88.48792556292634
SNV-312,forage_dynamic_simdrop,11.28128183226169,2.649131224678407,,88.45954403444203
SNV-312,forage_phonologicalstatic,12.020534059034004,2.52032658287621,-0.03790688661343104,88.35117935291171
SNV-312,forage_phonologicaldynamicglobal_simdrop,11.386179741307124,2.814618198102109,-0.03947659564104496,88.31518580169771
SNV-312,forage_phonologicaldynamiclocal_simdrop,11.665484124275125,3.367719392356587,-0.16239603618029058,87.09055466566087
SNV-312,forage_phonologicaldynamicswitch_simdrop,11.170003554945845,2.6489870169204353,0.1584223392381047,87.58421574706233
SNV-312,forage_random_baseline,0.0,0.0,,110.47908697355226
SNY-315,forage_static,9.77690151400445,1.7354680472414654,,107.23595864881432
SNY-315,forage_dynamic_simdrop,9.3609401647545,1.853642953401595,,107.5846391701022
SNY-315,forage_phonologicalstatic,9.737561313926308,1.6800099277548763,0.025071522408907018,107.15975217413796
SNY-315,forage_phonologicaldynamicglobal_simdrop,9.32941170805279,1.791769426607207,0.02421694329119704,107.51413819621949
SNY-315,forage_phonologicaldynamiclocal_simdrop,9.34581274272823,1.8220389971039015,0.012328342411532455,107.57072928353138
SNY-315,forage_phonologicaldynamicswitch_simdrop,9.356012232365524,1.8535889566411738,0.06386229086053295,107.4708508872
SNY-315,forage_random_baseline,0.0,0.0,,122.75454108172474
SOE-320,forage_static,10.97133827657472,2.2103762533177,,66.91700627182419
SOE-320,forage_dynamic_simdrop,11.109691509563259,3.313027863242978,,64.57975734546011
SOE-320,forage_phonologicalstatic,12.18292742371579,3.1674366946120966,-0.3067251337929746,62.96068298512144
SOE-320,forage_phonologicaldynamicglobal_simdrop,12.437857846287121,5.035646169768268,-0.35908513759387417,59.81252864476949
SOE-320,forage_phonologicaldynamiclocal_simdrop,12.330372614661915,4.970568302695849,-0.3454886537754217,60.63578221462658
SOE-320,forage_phonologicaldynamicswitch_simdrop,11.174568233727738,3.31533528014534,-2.283876306387891,63.70314709659705
SOE-320,forage_random_baseline,0.0,0.0,,79.79045170312105
SOQ-329,forage_static,9.41300370709421,1.4436300695737325,,126.52134884558208
SOQ-329,forage_dynamic_simdrop,9.30028323430589,2.309675248711136,,123.88292417515926
SOQ-329,forage_phonologicalstatic,9.157513953819532,1.2184315897502493,0.12065038876624286,124.38762886791837
SOQ-329,forage_phonologicaldynamicglobal_simdrop,9.036671594856916,1.978126898021876,0.10983872701696011,122.15049458782141
SOQ-329,forage_phonologicaldynamiclocal_simdrop,9.160024638637054,2.1264721362548626,0.05846964981866546,123.54647135482188
SOQ-329,forage_phonologicaldynamicswitch_simdrop,9.300796380769865,2.3096916683392297,0.22666596639039607,121.66026402104782
SOQ-329,forage_random_baseline,0.0,0.0,,141.16772224398346
SOX-335,forage_static,10.531761576571423,1.295298997607594,,58.42712744030484
SOX-335,forage_dynamic_simdrop,10.384819433211733,2.488854548255719,,55.69684296615688
SOX-335,forage_phonologicalstatic,10.333920727498242,1.172107226380803,0.05729109703910394,58.204352796422
SOX-335,forage_phonologicaldynamicglobal_simdrop,10.296420714874467,2.3970275231154266,0.023721661060297026,55.66054912635753
SOX-335,forage_phonologicaldynamiclocal_simdrop,10.286384983854632,2.3472510096620876,0.03677250934468207,55.62778174492043
SOX-335,forage_phonologicaldynamicswitch_simdrop,10.408737304658093,2.488504760725341,-0.023470048102924832,55.68885503527954
SOX-335,forage_random_baseline,0.0,0.0,,67.51499759494857
SPA-338,forage_static,8.82115479382704,2.193629541953633,,91.46497269096669
SPA-338,forage_dynamic_simdrop,8.215046031753092,3.6705929243797946,,88.57063804763729
SPA-338,forage_phonologicalstatic,8.709408107950125,2.0652747675468084,0.04027709219593583,91.30342257592052
SPA-338,forage_phonologicaldynamicglobal_simdrop,8.184645030220981,3.5456638521371504,0.02776650625804921,88.49780901015797
SPA-338,forage_phonologicaldynamiclocal_simdrop,8.18894719067281,3.5098809868806833,0.035892562172066024,88.50644566703228
SPA-338,forage_phonologicaldynamicswitch_simdrop,8.208547800100012,3.670819250923311,0.018711129474293774,88.55504389331273
SPA-338,forage_random_baseline,0.0,0.0,,104.34135991946602
SPC-340,forage_static,9.496114950614757,1.8643587969850592,,108.4957727142902
SPC-340,forage_dynamic_simdrop,9.172339015647934,2.7205942969842125,,106.88040788979708
SPC-340,forage_phonologicalstatic,9.3902620566395,1.7674251373478986,0.034098975834601,108.35166080936274
SPC-340,forage_phonologicaldynamicglobal_simdrop,9.097760088262813,2.6114995376566807,0.02802839283127048,106.78526857595331
SPC-340,forage_phonologicaldynamiclocal_simdrop,9.279636928380489,2.8704822102740217,-0.036613789717673,106.78189340307212
SPC-340,forage_phonologicaldynamicswitch_simdrop,9.197767191186136,2.7208327552611506,0.1314325273746535,106.06497148418629
SPC-340,forage_random_baseline,0.0,0.0,,122.75454108172474
SPH-344,forage_static,10.35548004914003,2.2437036233395857,,52.259572556135396
SPH-344,forage_dynamic_simdrop,9.85573614147694,2.8032913284569685,,52.008678260984624
SPH-344,forage_phonologicalstatic,10.459197641896376,2.3504621166315056,-0.030493986116870427,52.208860974226674
SPH-344,forage_phonologicaldynamicglobal_simdrop,9.942594753272932,2.9451774584823127,-0.03293269511106921,51.951087868494064
SPH-344,forage_phonologicaldynamiclocal_simdrop,9.744460901823171,2.6441063220517718,0.03855392230587347,51.949814727552216
SPH-344,forage_phonologicaldynamicswitch_simdrop,9.81791655266836,2.803639234776644,-1.8685558888689906,50.9801420682836
SPH-344,forage_random_baseline,0.0,0.0,,61.37727054086234
SPL-436,forage_static,9.834798731244884,1.9680690546891897,,90.24962743423889
SPL-436,forage_dynamic_simdrop,9.392450787333608,2.6026874229455244,,88.16720026160966
SPL-436,forage_phonologicalstatic,9.673315832362867,1.7720954190821054,0.06168253997864838,89.85145549789901
SPL-436,forage_phonologicaldynamicglobal_simdrop,9.278460288998907,2.4097036434391224,0.04796935160094683,87.93834990152524
SPL-436,forage_phonologicaldynamiclocal_simdrop,9.305319816495965,2.4745201766982783,0.03143229308780588,88.09270911811494
SPL-436,forage_phonologicaldynamicswitch_simdrop,9.431766155195204,2.602006313896088,0.10043066101082558,87.92337406557877
SPL-436,forage_random_baseline,0.0,0.0,,104.34135991946602
SPV-450,forage_static,10.072887074175247,2.3168908979850067,,100.53617505685105
SPV-450,forage_dynamic_simdrop,9.798432432179592,2.9172411008112733,,99.54447302559103
SPV-450,forage_phonologicalstatic,10.474731780712382,2.7210603420702637,-0.12598607146582055,99.09755143553181
SPV-450,forage_phonologicaldynamicglobal_simdrop,10.274897679798821,3.578900341427754,-0.1397921159427573,97.81312121903045
SPV-450,forage_phonologicaldynamiclocal_simdrop,10.111936595289478,3.485049467033349,-0.1210090950325635,98.59080311614325
SPV-450,forage_phonologicaldynamicswitch_simdrop,9.936459409846229,2.9197681387288825,-0.1829755329121476,98.71795958653657
SPV-450,forage_random_baseline,0.0,0.0,,116.6168140276385
SPX-452,forage_static,9.243301626235242,2.659520025553995,,115.37156269244886
SPX-452,forage_dynamic_simdrop,8.504205241411869,3.4286373332293314,,112.99946947715283
SPX-452,forage_phonologicalstatic,9.463980057916432,2.937007562363152,-0.06729599744056657,114.85473112373471
SPX-452,forage_phonologicaldynamicglobal_simdrop,8.688109869004697,3.8329997816177803,-0.08321322100929891,112.27674783689417
SPX-452,forage_phonologicaldynamiclocal_simdrop,9.096599593093703,4.549684966829055,-0.21498175706327402,110.19470617864853
SPX-452,forage_phonologicaldynamicswitch_simdrop,8.544483746593167,3.427160733351906,0.11589366226830893,112.36347575077632
SPX-452,forage_random_baseline,0.0,0.0,,135.02999518989722
SRF-483,forage_static,10.213481673041152,1.368617576731472,,85.73779404411057
SRF-483,forage_dynamic_simdrop,10.374459055259,2.02972179510769,,84.57893782356578
SRF-483,forage_phonologicalstatic,10.768029161373052,1.646560901535657,-0.1410501203330153,84.19011994400717
SRF-483,forage_phonologicaldynamicglobal_simdrop,11.01851778791225,2.462423998154016,-0.1494249788363711,82.8536103704174
SRF-483,forage_phonologicaldynamiclocal_simdrop,10.760871161931615,2.3360984027521994,-0.1075398412329271,83.79058381737855
SRF-483,forage_phonologicaldynamicswitch_simdrop,10.580137562572988,2.0401528163302802,-1.9833027024136887,82.81239699026168
SRF-483,forage_random_baseline,0.0,0.0,,98.20363286537977
SRR-498,forage_static,9.291918938242658,0.863298711093511,,99.54759475670087
SRR-498,forage_dynamic_simdrop,9.468003548691025,1.7378376410474146,,97.92364299340551
SRR-498,forage_phonologicalstatic,9.297641335168855,0.884905367261613,-0.03444487015864926,99.43577224329705
SRR-498,forage_phonologicaldynamicglobal_simdrop,9.513085263309124,1.8463744815895633,-0.045511695634973745,97.73025450319678
SRR-498,forage_phonologicaldynamiclocal_simdrop,9.521742940462232,1.8584320164007138,-0.05055197213953029,97.74510544779928
SRR-498,forage_phonologicaldynamicswitch_simdrop,9.465610343884249,1.7377145650405506,-0.030395287932860036,97.90198430515406
SRR-498,forage_random_baseline,0.0,0.0,,110.47908697355226
SSG-520,forage_static,11.958412887561868,3.2964673675533565,,71.07182345701786
SSG-520,forage_dynamic_simdrop,11.445801099254066,3.9807626825016933,,69.73518531897605
SSG-520,forage_phonologicalstatic,12.613081708616727,4.237234922168377,-0.16806059459470565,69.25854921963179
SSG-520,forage_phonologicaldynamicglobal_simdrop,12.09272934578397,5.354652951728466,-0.2071897193793418,67.44322173818273
SSG-520,forage_phonologicaldynamiclocal_simdrop,12.005370715096868,5.133701196725415,-0.17709705656950228,68.3547142877305
SSG-520,forage_phonologicaldynamicswitch_simdrop,11.432194237943786,3.980762112968973,-2.2380475838337723,68.510305130785
SSG-520,forage_random_baseline,0.0,0.0,,98.20363286537977
SSZ-539,forage_static,9.39751031703214,1.7618480451386844,,71.28898108422412
SSZ-539,forage_dynamic_simdrop,9.409282799759225,2.215645327395513,,70.7056561483454
SSZ-539,forage_phonologicalstatic,9.782299638766903,2.194417860719837,-0.1668464526103909,69.75602768683788
SSZ-539,forage_phonologicaldynamicglobal_simdrop,9.873749275788601,2.8283877644567856,-0.17734971948362635,68.99225026185766
SSZ-539,forage_phonologicaldynamiclocal_simdrop,9.75730582015546,2.7510222776783597,-0.15431411847707685,69.54779506689556
SSZ-539,forage_phonologicaldynamicswitch_simdrop,9.50556060680597,2.220797552681332,-1.7920720387161666,69.89116651518879
SSZ-539,forage_random_baseline,0.0,0.0,,79.79045170312105
SUG-544,forage_static,10.211025447747234,2.317210857772859,,78.91639312346778
SUG-544,forage_dynamic_simdrop,9.879161552027277,3.083865533423046,,77.64275442833429
SUG-544,forage_phonologicalstatic,10.078929997527192,2.204084737264738,0.03595558615067382,78.79772634879426
SUG-544,forage_phonologicaldynamicglobal_simdrop,9.796262576617943,2.9734485206310524,0.027045704390849575,77.57817262174446
SUG-544,forage_phonologicaldynamiclocal_simdrop,9.9656741963709,3.2475265040130172,-0.03843729547895797,77.55648638240972
SUG-544,forage_phonologicaldynamicswitch_simdrop,9.739420621117691,3.0814863735984512,0.18271899637128716,76.82127207940279
SUG-544,forage_random_baseline,0.0,0.0,,92.06590581129353
SUT-556,forage_static,10.193232130421993,1.1108331125747661,,80.83065119540406
SUT-556,forage_dynamic_simdrop,10.282423315199544,1.727965134448977,,80.16656052887276
SUT-556,forage_phonologicalstatic,10.418934576436108,1.248590573742119,-0.1145595154508052,79.86524353124047
SUT-556,forage_phonologicaldynamicglobal_simdrop,10.485237532081685,1.9482276959042628,-0.11444441797587614,79.19323068346944
SUT-556,forage_phonologicaldynamiclocal_simdrop,10.39500896608079,1.931227514574444,-0.10903300488213917,79.54473489886054
SUT-556,forage_phonologicaldynamicswitch_simdrop,10.372357087695697,1.7346912216046535,-0.12565519682665702,79.81356573352637
SUT-556,forage_random_baseline,0.0,0.0,,92.06590581129353
SUV-558,forage_static,7.922325005513078,2.5890921687414514,,104.34330012885613
SUV-558,forage_dynamic_simdrop,7.550113460986611,3.028651907015937,,104.10412356983035
SUV-558,forage_phonologicalstatic,7.876382894577543,2.521047305973881,0.02050590167006891,104.29490516813155
SUV-558,forage_phonologicaldynamicglobal_simdrop,7.521245380630001,2.955247338767018,0.017170389884850677,104.0702341722757
SUV-558,forage_phonologicaldynamiclocal_simdrop,7.526243461525095,2.915161202439583,0.02674922830538543,104.04505724427325
SUV-558,forage_phonologicaldynamicswitch_simdrop,7.55543991026694,3.0286840167379285,-0.006952754263008023,104.10254390773015
SUV-558,forage_random_baseline,0.0,0.0,,116.6168140276385
SVA-563,forage_static,7.338761525931331,0.5514746152929602,,120.97869565013266
SVA-563,forage_dynamic_simdrop,7.760869392032206,1.768219426006539,,118.34545439075069
SVA-563,forage_phonologicalstatic,7.33956153440649,0.5517357122312594,-0.00040950774688837876,120.97867428449217
SVA-563,forage_phonologicaldynamicglobal_simdrop,7.794813733472536,1.7925192542368142,-0.011785827609479363,118.3278532184757
SVA-563,forage_phonologicaldynamiclocal_simdrop,7.784780190675148,1.7872121639041438,-0.00927165247668988,118.3373403108199
SVA-563,forage_phonologicaldynamicswitch_simdrop,7.7663864653036745,1.7684518512432277,-0.01899415904852288,118.3337301024879
SVA-563,forage_random_baseline,0.0,0.0,,128.89226813581098
SVH-570,forage_static,8.42288327830569,1.6635524265309356,,84.08785177959264
SVH-570,forage_dynamic_simdrop,8.285406062755667,2.1194995333635474,,83.80192326622974
SVH-570,forage_phonologicalstatic,8.282485199210733,1.5972445705160865,0.033797249107189585,83.97967836385362
SVH-570,forage_phonologicaldynamicglobal_simdrop,8.159218456088063,2.0354126515618143,0.035125942758903204,83.68357546731242
SVH-570,forage_phonologicaldynamiclocal_simdrop,8.049580349220857,1.8942010121665391,0.09978825963945322,83.11482371247683
SVH-570,forage_phonologicaldynamicswitch_simdrop,8.453528847057642,2.131252277072437,-0.14488678989986603,83.31637589197423
SVH-570,forage_random_baseline,0.0,0.0,,92.06590581129353
SVY-587,forage_static,8.593441772608168,2.7926300190405917,,101.11029673744507
SVY-587,forage_dynamic_simdrop,8.143207267458086,3.5209129227693396,,101.2641050290411
SVY-587,forage_phonologicalstatic,8.818262603666396,3.0480472690508624,-0.06499962803440436,100.68677862202901
SVY-587,forage_phonologicaldynamicglobal_simdrop,8.308095787490485,3.842539253166231,-0.06327078340878226,100.86511427593662
SVY-587,forage_phonologicaldynamiclocal_simdrop,8.320756714398467,3.946189216562758,-0.08268768087078827,100.83506630821233
SVY-587,forage_phonologicaldynamicswitch_simdrop,8.157730990409544,3.520951884435602,-0.029257192839735026,101.23241836816302
SVY-587,forage_random_baseline,0.0,0.0,,116.6168140276385
SZA-781,forage_static,8.706882905623083,3.4267266023875074,,89.2338521034886
SZA-781,forage_dynamic_simdrop,8.078606327424115,3.8493288704560977,,90.50970372717401
SZA-781,forage_phonologicalstatic,9.111574386104236,4.356488637281704,-0.17753234169059215,87.0428367046722
SZA-781,forage_phonologicaldynamicglobal_simdrop,8.393446454138937,4.849282488964579,-0.17304499670737905,88.4868034842626
SZA-781,forage_phonologicaldynamiclocal_simdrop,8.843094242085519,6.105906789190799,-0.38309869928413487,86.16895490431168
SZA-781,forage_phonologicaldynamicswitch_simdrop,8.077349178128383,3.849302870553186,0.05090590432677269,90.42637574887443
SZA-781,forage_random_baseline,0.0,0.0,,104.34135991946602
