Subject,Fluency_Item,Semantic_Similarity,Frequency_Value,Phonological_Similarity
CAF-657,lizard,0.0001,5.89522027,0.0001
CAF-657,cat,0.6836730516284596,7.013143358,0.0001
CAF-657,hawk,0.6635548692489671,6.384581525,0.0001
CAF-657,dog,0.7462755516435833,7.256114028,0.3333
CAF-657,turtle,0.5674471097058487,6.229758099,0.0001
CAF-657,jellyfish,0.5960484476965371,5.224579675,0.0001
CAF-657,bear,0.240505917346452,7.366226929,0.1429
CAF-657,ant,0.4854257588716786,6.426146105,0.0001
CAF-657,mosquito,0.5157475941138816,6.026549198,0.1429
CAF-657,frog,0.5951182834564218,6.319346573,0.0001
CAF-657,tadpole,0.7202307299759209,5.208922147,0.0001
CAF-657,fish,0.5421220349777786,7.344814258,0.0001
CAF-657,shark,0.7311060676574657,6.054603863,0.0001
CAF-657,dolphin,0.5794876747021782,5.864843201,0.1667
CAF-657,gorilla,0.5136797123965792,5.657093158,0.1667
CAF-657,monkey,0.5058163155009054,6.401926546,0.0001
CAF-657,fly,0.4629229357481712,7.029176525,0.0001
CAF-657,eagle,0.7054242068554566,6.640854253,0.0001
CAF-657,toad,0.5092015765882597,5.885895277,0.0001
CAF-657,rat,0.7142708041704862,6.766463413,0.0001
CAF-657,mouse,0.7386245713292459,6.776846046,0.0001
CAF-657,rodents,0.24445835396650506,5.818422536,0.1429
CAF-657,fox,0.3025712271178955,6.849727181,0.1429
CAF-657,american,0.23527701678016055,8.145126466,0.125
CAF-657,deer,0.23845826606697962,6.706983738,0.125
CAF-657,squirrel,0.6852562484710025,6.080840335,0.0001
CAF-657,rabbit,0.774324693563415,6.568628649,0.1667
CAF-657,bird,0.6709422945428691,7.119400245,0.2
CAJ-663,peacock,0.0001,6.002633379,0.0001
CAJ-663,african,0.4327982487915023,7.284544989,0.1429
CAJ-663,elephant,0.4977698068744907,6.363660295,0.2857
CAJ-663,zebra,0.6253955199415241,5.561689192,0.1429
CAJ-663,horse,0.4448585232389701,7.396710537,0.2
CAJ-663,cat,0.43589611073932955,7.013143358,0.0001
CAJ-663,dog,0.8704034051692497,7.256114028,0.0001
CAJ-663,reptile,0.5943891779434243,5.656324398,0.0001
CAJ-663,turtle,0.5071950897732039,6.229758099,0.3333
CAJ-663,dolphin,0.439321581750186,5.864843201,0.1667
CAJ-663,penguin,0.4924053395844865,6.25042049,0.2857
CAJ-663,buffalo,0.47343734729207454,6.710471006,0.0001
CAJ-663,kangaroo,0.5031558201470054,5.566218227,0.0001
CAJ-663,goose,0.527610927340201,6.301955793,0.1667
CAJ-663,duck,0.7404666484394645,6.439638803,0.0001
CAJ-663,swan,0.5545390758178194,6.23145965,0.0001
CAJ-663,monkey,0.44789694730198626,6.401926546,0.0001
CAJ-663,primate,0.12366903761914028,5.892763902,0.0001
CAJ-663,lion,0.2179524747970697,6.723957079,0.1667
CAJ-663,tiger,0.8163197101353183,6.38952206,0.25
CAM-666,cat,0.0001,7.013143358,0.0001
CAM-666,dog,0.8704034051692497,7.256114028,0.0001
CAM-666,reptile,0.5943891779434243,5.656324398,0.0001
CAM-666,australian,0.3265967562294889,6.530851419,0.1111
CAM-666,goat,0.2975866888127061,6.365838461,0.1111
CAM-666,water,0.4993945584403976,8.128616304,0.25
CAM-666,bear,0.2908961804064166,7.366226929,0.0001
CAM-666,firefly,0.34917416552573677,5.169268746,0.0001
CAM-666,fly,0.5727900873412817,7.029176525,0.3333
CAM-666,ant,0.4508659536842624,6.426146105,0.0001
CAM-666,bird,0.4803945562749379,7.119400245,0.0001
CAM-666,eagle,0.7814678813932134,6.640854253,0.0001
CAM-666,moose,0.638468373587679,5.977754233,0.0001
CAM-666,deer,0.6802678348434315,6.706983738,0.0001
CAM-666,mouse,0.6159536587854463,6.776846046,0.0001
CAM-666,duck,0.7453924017278468,6.439638803,0.0001
CAM-666,crow,0.6814052564840997,6.398037974,0.0001
CAM-666,frog,0.7245695996382304,6.319346573,0.25
CAM-666,tadpole,0.7202307299759209,5.208922147,0.0001
CAM-666,caterpillar,0.733788581299348,5.827004623,0.375
CAM-666,butterfly,0.6070749351105628,6.225709011,0.25
CAM-666,moth,0.5753940062432501,6.090354709,0.0001
CAM-666,gorilla,0.427328688586029,5.657093158,0.0001
CAM-666,monkey,0.5058163155009054,6.401926546,0.0001
CAM-666,horse,0.48177556973814917,7.396710537,0.0001
CAP-671,african,0.0001,7.284544989,0.0001
CAP-671,elephant,0.4977698068744907,6.363660295,0.2857
CAP-671,lion,0.724533794509743,6.723957079,0.4286
CAP-671,hippopotamus,0.7115467162009654,5.258390618,0.0909
CAP-671,bat,0.42436068133422056,6.527307346,0.0909
CAP-671,fish,0.3562716976760989,7.344814258,0.0001
CAP-671,shark,0.7311060676574657,6.054603863,0.0001
CAP-671,turtle,0.5733549798572429,6.229758099,0.0001
CAP-671,snake,0.6259611262221981,6.615078486,0.0001
CAP-671,dolphin,0.4945877075955727,5.864843201,0.0001
CAP-671,whale,0.5884267855653453,6.338615042,0.1667
CAP-671,chicken,0.4371011217320119,6.827585591,0.0001
CAP-671,cow,0.6747538040546185,6.679047222,0.2
CAP-671,horse,0.7202148089326315,7.396710537,0.0001
CAP-671,butterfly,0.26304362415341187,6.225709011,0.0001
CAP-671,bear,0.35682953963171227,7.366226929,0.1429
CAP-671,deer,0.4290445291701115,6.706983738,0.3333
CAP-671,tiger,0.6529942279966585,6.38952206,0.0001
CAP-671,bird,0.6531977828730392,7.119400245,0.0001
CAQ-672,alligator,0.0001,5.714162885,0.0001
CAQ-672,water,0.5406761960263508,8.128616304,0.2857
CAQ-672,ostrich,0.45120350193396686,5.653586811,0.1667
CAQ-672,peacock,0.6587685393425419,6.002633379,0.0001
CAQ-672,bear,0.2986901869956703,7.366226929,0.0001
CAQ-672,tiger,0.379254076739424,6.38952206,0.0001
CAQ-672,lion,0.8163197101353183,6.723957079,0.25
CAQ-672,gorilla,0.4338447583454763,5.657093158,0.0001
CAQ-672,monkey,0.5058163155009054,6.401926546,0.0001
CAQ-672,dog,0.7237152428866923,7.256114028,0.0001
CAQ-672,cat,0.8704034051692497,7.013143358,0.0001
CAQ-672,hyena,0.5600847284979601,5.284998893,0.0001
CAQ-672,snake,0.6506800203567887,6.615078486,0.0001
CAQ-672,fish,0.576726062967096,7.344814258,0.0001
CAQ-672,bird,0.5643072829828503,7.119400245,0.0001
CAQ-672,rabbit,0.6709422945428691,6.568628649,0.2
CAQ-672,dolphin,0.4169993266656913,5.864843201,0.1667
CAQ-672,squirrel,0.5361126630812986,6.080840335,0.1667
CAQ-672,guinea,0.5491773150920966,6.538172807,0.0001
CAQ-672,mouse,0.49210962889062804,6.776846046,0.0001
CAQ-672,lizard,0.6896894093348869,5.89522027,0.0001
CAQ-672,reptile,0.6167002507791859,5.656324398,0.0001
CAQ-672,crocodile,0.7003215270254309,5.741384054,0.25
CAR-673,elephant,0.0001,6.363660295,0.0001
CAR-673,african,0.4977698068744907,7.284544989,0.2857
CAR-673,tiger,0.4555630035688303,6.38952206,0.0001
CAR-673,lion,0.8163197101353183,6.723957079,0.25
CAR-673,feline,0.4665254125681696,5.559176205,0.2
CAR-673,dog,0.5081645685335991,7.256114028,0.0001
CAR-673,cat,0.8704034051692497,7.013143358,0.0001
CAR-673,mouse,0.7734633828212802,6.776846046,0.0001
CAR-673,rat,0.7386245713292459,6.766463413,0.0001
CAR-673,ostrich,0.4230999806076061,5.653586811,0.1667
CAR-673,parakeet,0.615085030187421,4.868873573,0.0001
CAR-673,fish,0.5482479615352458,7.344814258,0.0001
CAR-673,rodents,0.36151109647710467,5.818422536,0.0001
CAR-673,pets,0.581294002400043,6.144792078,0.2857
CAR-673,guinea,0.5154554197343002,6.538172807,0.0001
CAR-673,rodents,0.34402257279307746,5.818422536,0.1429
CAR-673,zebra,0.5889323034085457,5.561689192,0.0001
CAR-673,horse,0.4448585232389701,7.396710537,0.2
CAR-673,tiger,0.37338752018730315,6.38952206,0.0001
CAR-673,bird,0.6531977828730392,7.119400245,0.0001
CAR-673,elk,0.5078427223428812,6.139565841,0.0001
CAR-673,deer,0.7783507670977022,6.706983738,0.0001
CAR-673,antelope,0.7592025099584916,5.845170623,0.0001
CAS-674,cat,0.0001,7.013143358,0.0001
CAS-674,dog,0.8704034051692497,7.256114028,0.0001
CAS-674,fish,0.5443175260071689,7.344814258,0.0001
CAS-674,shark,0.7311060676574657,6.054603863,0.0001
CAS-674,dolphin,0.5794876747021782,5.864843201,0.1667
CAS-674,shrimp,0.5797241515738976,6.17749985,0.0001
CAS-674,crab,0.6505282620127861,6.158116322,0.2
CAS-674,lobster,0.713231141003781,5.989108389,0.0001
CAS-674,reptile,0.42482717640677725,5.656324398,0.0001
CAS-674,bear,0.4946667484602494,7.366226929,0.1667
CAS-674,lion,0.48735393087494117,6.723957079,0.0001
CAS-674,tiger,0.8163197101353183,6.38952206,0.25
CAS-674,eagle,0.6704290005635579,6.640854253,0.0001
CAS-674,falcon,0.6660639269759655,5.93662582,0.1667
CAS-674,raven,0.698060042283615,6.2387933,0.3333
CAS-674,lizard,0.6231224790282557,5.89522027,0.0001
CAS-674,reptile,0.6167002507791859,5.656324398,0.0001
CAS-674,alligator,0.5660490468459365,5.714162885,0.0001
CAS-674,crocodile,0.7045755434988963,5.741384054,0.0001
CAS-674,mammoth,0.5630859243097769,5.911730606,0.125
CAS-674,kangaroo,0.41427839436368363,5.566218227,0.0001
CAV-678,dog,0.0001,7.256114028,0.0001
CAV-678,cat,0.8704034051692497,7.013143358,0.0001
CAV-678,bird,0.6995836501240437,7.119400245,0.0001
CAV-678,elephant,0.6420616217738196,6.363660295,0.0001
CAV-678,kangaroo,0.5206973011101991,5.566218227,0.0001
CAV-678,feline,0.42184950363675533,5.559176205,0.0001
CAV-678,lion,0.4665254125681696,6.723957079,0.2
CAV-678,tiger,0.8163197101353183,6.38952206,0.25
CAV-678,bear,0.379254076739424,7.366226929,0.0001
CAV-678,reptile,0.4946667484602494,5.656324398,0.1667
CAV-678,kangaroo,0.6167065019314355,5.566218227,0.0001
CAV-678,pelican,0.3867785243070022,5.581928051,0.0001
CAV-678,penguin,0.5211964568545356,6.25042049,0.5714
CAV-678,polar,0.519225258063852,6.534516632,0.1429
CAV-678,grizzly,0.3588578510346616,5.735626042,0.1667
CAV-678,moose,0.6847510765523358,5.977754233,0.0001
CAV-678,turtle,0.5991946684546772,6.229758099,0.0001
CAV-678,bird,0.5972612540711988,7.119400245,0.2
CAV-678,rhinoceros,0.6101664622355327,5.506841784,0.0001
CAV-678,bird,0.6101664622355327,7.119400245,0.0001
CAV-678,parakeet,0.47686411171417964,4.868873573,0.0001
CAV-678,alligator,0.6235469884502333,5.714162885,0.1429
CAV-678,crocodile,0.7045755434988963,5.741384054,0.0001
CAV-678,zebra,0.5623117270941901,5.561689192,0.125
CAV-678,horse,0.4448585232389701,7.396710537,0.2
CAV-678,rooster,0.4720793336535598,5.703855165,0.0001
CAV-678,chicken,0.5664446406674939,6.827585591,0.0001
CAV-678,pony,0.31716038715580575,6.179719502,0.0001
CAY-681,penguin,0.0001,6.25042049,0.0001
CAY-681,snake,0.38798079640812144,6.615078486,0.0001
CAY-681,elephant,0.6572538594360247,6.363660295,0.0001
CAY-681,african,0.4977698068744907,7.284544989,0.2857
CAY-681,dog,0.44081920702998,7.256114028,0.0001
CAY-681,cat,0.8704034051692497,7.013143358,0.0001
CAY-681,gorilla,0.5223856425827581,5.657093158,0.0001
CAY-681,primate,0.4147240439009119,5.892763902,0.0001
CAY-681,ape,0.29507454123685317,6.012398914,0.0001
CAY-681,insect,0.49343630974088015,6.519563532,0.0001
CAY-681,butterfly,0.553246400849561,6.225709011,0.0001
CAY-681,ladybug,0.5807032085870352,4.670032365,0.0001
CAY-681,beetle,0.6233819451296627,6.021866684,0.0001
CAY-681,worm,0.6554444564894709,6.383063674,0.0001
CAY-681,ant,0.6317707794800911,6.426146105,0.0001
CAY-681,lizard,0.5642011831265684,5.89522027,0.0001
CAY-681,insect,0.5898393668029891,6.519563532,0.0001
CAY-681,human,0.5468249262737035,7.989650076,0.0001
CAY-681,robin,0.11601570293211405,6.526197074,0.3333
CAY-681,cardinal,0.400800726502878,6.704668529,0.375
CAY-681,bird,0.49084671989340434,7.119400245,0.125
CBD-686,lion,0.0001,6.723957079,0.0001
CBD-686,tiger,0.8163197101353183,6.38952206,0.25
CBD-686,monkey,0.7163481430748395,6.401926546,0.0001
CBD-686,baboon,0.6429712114516449,5.366632115,0.0001
CBD-686,african,0.5089061512836996,7.284544989,0.2857
CBD-686,elephant,0.4977698068744907,6.363660295,0.2857
CBD-686,buffalo,0.5836974390537146,6.710471006,0.2857
CBD-686,polar,0.40466157671399006,6.534516632,0.1667
CBD-686,bear,0.21706677072563862,7.366226929,0.0001
CBD-686,grizzly,0.5023529175437934,5.735626042,0.0001
CBD-686,duck,0.5469677918741909,6.439638803,0.0001
CBD-686,crocodile,0.7045677694087144,5.741384054,0.125
CBD-686,alligator,0.7045755434988963,5.714162885,0.0001
CBD-686,crocodile,0.7045755434988963,5.741384054,0.0001
CBD-686,girdle,0.26400013417326273,5.943410914,0.25
CBD-686,asian,0.4002687281115106,6.798455065,0.2
CBD-686,sheep,0.31183176972300863,6.924172871,0.0001
CBD-686,goat,0.7117859763585288,6.365838461,0.0001
CBD-686,cow,0.7589368593406937,6.679047222,0.0001
CBD-686,pony,0.5537671594566285,6.179719502,0.0001
CBD-686,horse,0.7936016473156546,7.396710537,0.0001
CBF-691,dog,0.0001,7.256114028,0.0001
CBF-691,cat,0.8704034051692497,7.013143358,0.0001
CBF-691,fish,0.5972845892231957,7.344814258,0.0001
CBF-691,elephant,0.4811845152805695,6.363660295,0.1429
CBF-691,feline,0.43990512853814767,5.559176205,0.1429
CBF-691,tiger,0.45593976598785846,6.38952206,0.0001
CBF-691,lion,0.8163197101353183,6.723957079,0.25
CBF-691,polar,0.261129451906003,6.534516632,0.0001
CBF-691,turtle,0.30966291802958557,6.229758099,0.0001
CBF-691,penguin,0.365310335435425,6.25042049,0.1429
CBF-691,african,0.6204002654325247,7.284544989,0.2857
CBF-691,pets,0.29130507083627744,6.144792078,0.0001
CBF-691,rodents,0.581294002400043,5.818422536,0.2857
CBF-691,squirrel,0.3882046910374397,6.080840335,0.0001
CBF-691,rabbit,0.774324693563415,6.568628649,0.1667
CBF-691,coyote,0.6552433196336284,6.007340169,0.0001
CBF-691,deer,0.700118505025431,6.706983738,0.0001
CBF-691,walrus,0.6205382240494878,5.417803723,0.1667
CBF-691,eel,0.48943739100867356,5.818212033,0.1667
CBH-693,dog,0.0001,7.256114028,0.0001
CBH-693,cat,0.8704034051692497,7.013143358,0.0001
CBH-693,fish,0.5972845892231957,7.344814258,0.0001
CBH-693,jellyfish,0.7800998652897505,5.224579675,0.2857
CBH-693,shark,0.6570021848944609,6.054603863,0.0001
CBH-693,kangaroo,0.566438840612474,5.566218227,0.0001
CBH-693,camel,0.5279224291660408,6.123051541,0.1667
CBH-693,alligator,0.488118983485351,5.714162885,0.1429
CBH-693,leopard,0.6465393106957054,5.875985616,0.1429
CBH-693,penguin,0.5174197888405799,6.25042049,0.1429
CBH-693,polar,0.519225258063852,6.534516632,0.1429
CBH-693,bear,0.21706677072563862,7.366226929,0.0001
CBH-693,antelope,0.37058116986335465,5.845170623,0.0001
CBH-693,insect,0.5620127759834866,6.519563532,0.1429
CBH-693,lizard,0.5898393668029891,5.89522027,0.0001
CBH-693,bird,0.6415293762115286,7.119400245,0.2
CBH-693,peacock,0.649770292552071,6.002633379,0.0001
CBH-693,monkey,0.4994891913854145,6.401926546,0.0001
CBH-693,primate,0.12366903761914028,5.892763902,0.0001
CBH-693,lion,0.2179524747970697,6.723957079,0.1667
CBH-693,tiger,0.8163197101353183,6.38952206,0.25
CBH-693,crocodile,0.7142209299272573,5.741384054,0.0001
CBJ-697,lion,0.0001,6.723957079,0.0001
CBJ-697,tiger,0.8163197101353183,6.38952206,0.25
CBJ-697,bird,0.6531977828730392,7.119400245,0.0001
CBJ-697,monkey,0.6455745356934098,6.401926546,0.0001
CBJ-697,parrot,0.726056586528679,5.921096266,0.0001
CBJ-697,ferret,0.5193258137188698,5.531510849,0.8
CBJ-697,cat,0.5314737603139312,7.013143358,0.2
CBJ-697,dog,0.8704034051692497,7.256114028,0.0001
CBJ-697,fish,0.5443175260071689,7.344814258,0.0001
CBJ-697,primate,0.15304977643267625,5.892763902,0.0001
CBJ-697,squirrel,0.14057458464378325,6.080840335,0.0001
CBJ-697,zebra,0.6184885044478781,5.561689192,0.1667
CBJ-697,elephant,0.6253955199415241,6.363660295,0.1429
CBJ-697,jaguar,0.5937585311127013,5.702579584,0.0001
CBJ-697,feline,0.45033520830468077,5.559176205,0.0001
CBJ-697,rhinoceros,0.4348830644758508,5.506841784,0.0001
CBJ-697,asian,0.5176639636230108,6.798455065,0.125
CBJ-697,australian,0.7031131167140906,6.530851419,0.3333
CBJ-697,insect,0.33812363256476297,6.519563532,0.0001
CBJ-697,beaver,0.43405072548484824,6.273193014,0.0001
CBJ-697,porcupine,0.528275420705115,5.580630787,0.0001
CBJ-697,insect,0.5783780183155923,6.519563532,0.0001
CBJ-697,zebra,0.6122575588234368,5.561689192,0.0001
CBL-698,canine,0.0001,5.927853157,0.0001
CBL-698,terrier,0.6573795124159553,5.578885508,0.0001
CBL-698,cat,0.6481193718147168,7.013143358,0.0001
CBL-698,dog,0.8704034051692497,7.256114028,0.0001
CBL-698,bird,0.6434360201175703,7.119400245,0.0001
CBL-698,parakeet,0.47686411171417964,4.868873573,0.0001
CBL-698,pelican,0.593941204201023,5.581928051,0.5714
CBL-698,parrot,0.4500108253290256,5.921096266,0.4286
CBL-698,pelican,0.4500108253290256,5.581928051,0.4286
CBL-698,reptile,0.5307638876746325,5.656324398,0.1429
CBL-698,australian,0.3265967562294889,6.530851419,0.1111
CBL-698,kangaroo,0.23739632385809273,5.566218227,0.0001
CBL-698,african,0.39224195056266553,7.284544989,0.0001
CBL-698,elephant,0.4977698068744907,6.363660295,0.2857
CBL-698,tiger,0.5851262675244838,6.38952206,0.0001
CBL-698,zebra,0.6234785443948051,5.561689192,0.0001
CBL-698,lice,0.6108640296461605,5.822029397,0.0001
CBL-698,insect,0.48997503702276535,6.519563532,0.1667
CBL-698,beetle,0.7025106501468305,6.021866684,0.0001
CBM-702,tiger,0.0001,6.38952206,0.0001
CBM-702,dolphin,0.47408993768100893,5.864843201,0.0001
CBM-702,lion,0.6148822079895385,6.723957079,0.5
CBM-702,penguin,0.3966294547366376,6.25042049,0.2857
CBM-702,bird,0.3113941427174318,7.119400245,0.0001
CBM-702,pigeon,0.7113766999535622,6.10484819,0.0001
CBM-702,woodpecker,0.7468993859013341,5.589297111,0.0001
CBM-702,reptile,0.5332169950109852,5.656324398,0.1429
CBM-702,snake,0.6700916025279622,6.615078486,0.0001
CBM-702,snail,0.687057658867698,5.853805252,0.75
CBM-702,goldfish,0.6935577240691067,5.475262847,0.0001
CBM-702,fish,0.7506059153172259,7.344814258,0.2857
CBM-702,dog,0.5443175260071689,7.256114028,0.0001
CBM-702,cat,0.8704034051692497,7.013143358,0.0001
CBM-702,rodents,0.3570873942913193,5.818422536,0.1429
CBM-702,snake,0.3143774566672035,6.615078486,0.1429
CBM-702,pets,0.3488733707076135,6.144792078,0.0001
CBM-702,rabbit,0.5776878661494823,6.568628649,0.0001
CBM-702,reptile,0.5261917211711639,5.656324398,0.1667
CBM-702,polar,0.37027079301305166,6.534516632,0.1667
CBM-702,grizzly,0.3588578510346616,5.735626042,0.1667
CBM-702,bear,0.5023529175437934,7.366226929,0.0001
CBM-702,hedgehog,0.5145271717511463,5.301448888,0.1667
CBM-702,porcupine,0.5577093087667354,5.580630787,0.0001
CBM-702,reptile,0.4794369005074314,5.656324398,0.1111
CBP-707,cow,0.0001,6.679047222,0.0001
CBP-707,pig,0.7209760575338363,6.611542969,0.0001
CBP-707,dog,0.7124437830763098,7.256114028,0.3333
CBP-707,cat,0.8704034051692497,7.013143358,0.0001
CBP-707,fish,0.5972845892231957,7.344814258,0.0001
CBP-707,bird,0.5643072829828503,7.119400245,0.0001
CBP-707,horse,0.3845749775829015,7.396710537,0.0001
CBP-707,elephant,0.6662930986564698,6.363660295,0.0001
CBP-707,tiger,0.5851262675244838,6.38952206,0.0001
CBP-707,feline,0.45593976598785846,5.559176205,0.0001
CBP-707,penguin,0.5204196053425668,6.25042049,0.1429
CBP-707,fish,0.4811998260741197,7.344814258,0.0001
CBP-707,shark,0.7311060676574657,6.054603863,0.0001
CBP-707,dolphin,0.5794876747021782,5.864843201,0.1667
CBP-707,whale,0.5884267855653453,6.338615042,0.1667
CBP-707,ant,0.5369874544209626,6.426146105,0.0001
CBP-707,centipede,0.48277780072618426,4.986283438,0.25
CBP-707,insect,0.4237527014148911,6.519563532,0.125
CBP-707,lizard,0.5898393668029891,5.89522027,0.0001
CBP-707,reptile,0.6167002507791859,5.656324398,0.0001
CBP-707,snake,0.6700916025279622,6.615078486,0.0001
CBP-707,mouse,0.740896116426083,6.776846046,0.0001
CBP-707,rat,0.7386245713292459,6.766463413,0.0001
CBP-707,parrot,0.6916179638882158,5.921096266,0.4
CBP-707,worm,0.5183568152454503,6.383063674,0.0001
CBP-707,elephant,0.48617229452010624,6.363660295,0.0001
CBP-707,monkey,0.6110701885290226,6.401926546,0.0001
CBP-707,gorilla,0.5058163155009054,5.657093158,0.0001
CBS-711,bear,0.0001,7.366226929,0.0001
CBS-711,tiger,0.379254076739424,6.38952206,0.0001
CBS-711,rabbit,0.6751694512689834,6.568628649,0.0001
CBS-711,pets,0.5776878661494823,6.144792078,0.0001
CBS-711,rodents,0.581294002400043,5.818422536,0.2857
CBS-711,bird,0.19693667857464348,7.119400245,0.1429
CBS-711,tiger,0.6531977828730392,6.38952206,0.0001
CBS-711,dolphin,0.47408993768100893,5.864843201,0.0001
CBS-711,seal,0.46705070691009465,6.788763103,0.1667
CBS-711,horse,0.3012764021847114,7.396710537,0.0001
CBS-711,kangaroo,0.3943485609791886,5.566218227,0.0001
CBS-711,feline,0.42184950363675533,5.559176205,0.0001
CBS-711,zebra,0.5264698298095147,5.561689192,0.2
CBS-711,ostrich,0.5986736251693096,5.653586811,0.1667
CBS-711,rhinoceros,0.5803109642973637,5.506841784,0.0001
CBS-711,hippopotamus,0.731779126669075,5.258390618,0.2727
CBS-711,whale,0.6537216279612635,6.338615042,0.0001
CBS-711,jaguar,0.6156916958252168,5.702579584,0.1667
CBS-711,dog,0.5584109899271309,7.256114028,0.1667
CBS-711,cat,0.8704034051692497,7.013143358,0.0001
CBS-711,monkey,0.7000371187996466,6.401926546,0.0001
CBS-711,alligator,0.6079539423786847,5.714162885,0.0001
CBS-711,crocodile,0.7045755434988963,5.741384054,0.0001
CBS-711,bird,0.5810522850529399,7.119400245,0.125
CBW-715,horse,0.0001,7.396710537,0.0001
CBW-715,puppy,0.5409503065480593,6.031090808,0.0001
CBW-715,dog,0.7682403712512911,7.256114028,0.0001
CBW-715,pig,0.7124437830763098,6.611542969,0.3333
CBW-715,donkey,0.7013868167676354,6.018421695,0.0001
CBW-715,mule,0.6807017405880769,6.274039557,0.0001
CBW-715,goose,0.44592747281452016,6.301955793,0.25
CBW-715,duck,0.7404666484394645,6.439638803,0.0001
CBW-715,fish,0.7006729999345602,7.344814258,0.0001
CBW-715,feline,0.4300469207487292,5.559176205,0.2
CBW-715,lion,0.4665254125681696,6.723957079,0.2
CBW-715,leopard,0.7008487448620635,5.875985616,0.2
CBW-715,jaguar,0.6490746872067744,5.702579584,0.0001
CBW-715,monkey,0.49539304896790437,6.401926546,0.0001
CBW-715,gorilla,0.5058163155009054,5.657093158,0.0001
CBW-715,ape,0.409479022670342,6.012398914,0.0001
CBW-715,snake,0.6119431488252293,6.615078486,0.25
CBW-715,bee,0.6242133269593321,6.523935877,0.0001
CCB-720,zebra,0.0001,5.561689192,0.0001
CCB-720,tiger,0.6234785443948051,6.38952206,0.0001
CCB-720,lizard,0.6943094497859956,5.89522027,0.2
CCB-720,snake,0.7753538619468079,6.615078486,0.0001
CCB-720,australian,0.24101649031412697,6.530851419,0.2222
CCB-720,shark,0.29448079784879166,6.054603863,0.1111
CCB-720,fish,0.7311060676574657,7.344814258,0.0001
CCB-720,rainbow,0.4005402178429758,6.313541377,0.0001
CCB-720,bunny,0.2966320260341251,5.809424355,0.2
CCB-720,dog,0.4365916203799878,7.256114028,0.0001
CCB-720,cat,0.8704034051692497,7.013143358,0.0001
CCB-720,pets,0.5176867398627802,6.144792078,0.25
CCB-720,gopher,0.42873726308960514,5.597291411,0.0001
CCB-720,leopard,0.2562567507452397,5.875985616,0.2
CCC-721,dog,0.0001,7.256114028,0.0001
CCC-721,cat,0.8704034051692497,7.013143358,0.0001
CCC-721,lion,0.6669369320093451,6.723957079,0.0001
CCC-721,tiger,0.8163197101353183,6.38952206,0.25
CCC-721,zebra,0.6234785443948051,5.561689192,0.0001
CCC-721,chicken,0.4588621699373985,6.827585591,0.0001
CCC-721,fish,0.6264625483458524,7.344814258,0.2
CCC-721,african,0.4236547557733983,7.284544989,0.1429
CCC-721,wolf,0.4203642846136657,6.745548976,0.0001
CCC-721,mouse,0.7413315068287173,6.776846046,0.0001
CCC-721,water,0.39046266751049574,8.128616304,0.0001
CCC-721,beaver,0.42117634578140295,6.273193014,0.25
CCC-721,duck,0.6046194761023613,6.439638803,0.0001
CCC-721,goose,0.7404666484394645,6.301955793,0.0001
CCC-721,bird,0.6859034340769126,7.119400245,0.0001
CCD-722,dog,0.0001,7.256114028,0.0001
CCD-722,cat,0.8704034051692497,7.013143358,0.0001
CCD-722,horse,0.43589611073932955,7.396710537,0.0001
CCD-722,frog,0.39579258550204355,6.319346573,0.0001
CCD-722,butterfly,0.5771667189662859,6.225709011,0.0001
CCD-722,cricket,0.4136738539896836,5.980349759,0.0001
CCD-722,spider,0.4408148790961117,6.281649128,0.0001
CCD-722,african,0.3388639838973069,7.284544989,0.0001
CCD-722,elephant,0.4977698068744907,6.363660295,0.2857
CCD-722,rhinoceros,0.6601679359235135,5.506841784,0.0001
CCD-722,hippopotamus,0.731779126669075,5.258390618,0.2727
CCD-722,eagle,0.6688811590155105,6.640854253,0.0909
CCD-722,tiger,0.6704290005635579,6.38952206,0.0001
CCD-722,lion,0.8163197101353183,6.723957079,0.25
CCD-722,bear,0.48735393087494117,7.366226929,0.0001
CCD-722,polar,0.21706677072563862,6.534516632,0.0001
CCD-722,dolphin,0.3789114277234914,5.864843201,0.1667
CCD-722,penguin,0.4924053395844865,6.25042049,0.2857
CCD-722,lizard,0.38535720875415813,5.89522027,0.0001
CCD-722,snake,0.7753538619468079,6.615078486,0.0001
CCD-722,insect,0.7100776884869905,6.519563532,0.3333
CCD-722,shark,0.4624313938589326,6.054603863,0.1667
CCD-722,primate,0.1695033557444352,5.892763902,0.0001
CCD-722,sloth,0.5280368908765584,5.603616317,0.0001
CCD-722,zebra,0.3086538397443124,5.561689192,0.0001
CCD-722,african,0.5899427384461554,7.284544989,0.1429
CCD-722,deer,0.3980247676681279,6.706983738,0.1429
CCD-722,rabbit,0.584866849764478,6.568628649,0.0001
CCD-722,kangaroo,0.6475460997436301,5.566218227,0.0001
CCF-724,african,0.0001,7.284544989,0.0001
CCF-724,elephant,0.4977698068744907,6.363660295,0.2857
CCF-724,monkey,0.6110701885290226,6.401926546,0.0001
CCF-724,oscar,0.16995741066448422,6.425395628,0.2
CCF-724,ostrich,0.3238315359082078,5.653586811,0.3333
CCF-724,fish,0.5834633339574122,7.344814258,0.0001
CCF-724,shark,0.7311060676574657,6.054603863,0.0001
CCF-724,whale,0.782421344241932,6.338615042,0.0001
CCF-724,bird,0.4874721140608629,7.119400245,0.0001
CCF-724,pets,0.3842247348655945,6.144792078,0.0001
CCF-724,rat,0.3816679550019444,6.766463413,0.25
CCF-724,cat,0.7288421699627438,7.013143358,0.6667
CCF-724,dog,0.8704034051692497,7.256114028,0.0001
CCF-724,horse,0.6567041415164783,7.396710537,0.25
CCF-724,pig,0.5822593335476579,6.611542969,0.0001
CCF-724,cow,0.7209760575338363,6.679047222,0.0001
CCF-724,chicken,0.6747538040546185,6.827585591,0.2
CCF-724,seal,0.371302253726852,6.788763103,0.0001
CCH-726,african,0.0001,7.284544989,0.0001
CCH-726,hippopotamus,0.6232143523784998,5.258390618,0.1818
CCH-726,elephant,0.7068547070080161,6.363660295,0.1818
CCH-726,donkey,0.6281238903814169,6.018421695,0.0001
CCH-726,horse,0.6908863706037586,7.396710537,0.0001
CCH-726,dog,0.6567041415164783,7.256114028,0.25
CCH-726,cat,0.8704034051692497,7.013143358,0.0001
CCH-726,insect,0.6301765242607142,6.519563532,0.1667
CCH-726,fish,0.5817695764230765,7.344814258,0.0001
CCH-726,american,0.33249277791526755,8.145126466,0.0001
CCH-726,deer,0.23845826606697962,6.706983738,0.125
CCH-726,frog,0.5139082799209385,6.319346573,0.0001
CCH-726,snake,0.7085219220414753,6.615078486,0.0001
CCH-726,parrot,0.6167277346198132,5.921096266,0.0001
CCH-726,bird,0.655709638527687,7.119400245,0.0001
CCH-726,zebra,0.537138364321513,5.561689192,0.2
CCH-726,bird,0.537138364321513,7.119400245,0.2
CCH-726,duck,0.7282579393680809,6.439638803,0.0001
CCH-726,turtle,0.7939090636543892,6.229758099,0.0001
CCH-726,feline,0.3781836678760696,5.559176205,0.0001
CCH-726,jaguar,0.45033520830468077,5.702579584,0.0001
CCH-726,panther,0.6395690297486607,5.886284809,0.1667
CCH-726,lion,0.7909602795917076,6.723957079,0.0001
CCL-730,cat,0.0001,7.013143358,0.0001
CCL-730,dog,0.8704034051692497,7.256114028,0.0001
CCL-730,butterfly,0.41647004768172513,6.225709011,0.0001
CCL-730,bee,0.5650795874639009,6.523935877,0.1429
CCL-730,lion,0.4982726010970109,6.723957079,0.0001
CCL-730,zebra,0.6311300195505863,5.561689192,0.0001
CCL-730,tiger,0.6234785443948051,6.38952206,0.0001
CCL-730,elephant,0.5851262675244838,6.363660295,0.0001
CCL-730,bear,0.4549738766656334,7.366226929,0.0001
CCL-730,kangaroo,0.44639440266973407,5.566218227,0.0001
CCL-730,dolphin,0.42352620356649084,5.864843201,0.0001
CCL-730,fish,0.49029174326644664,7.344814258,0.1667
CCL-730,zebra,0.5484909429583703,5.561689192,0.0001
CCL-730,fly,0.45384702689141165,7.029176525,0.0001
CCL-730,flea,0.6300304814042567,5.81714343,0.6667
CCL-730,tiger,0.5759856631367536,6.38952206,0.0001
CCL-730,squirrel,0.7071885341294962,6.080840335,0.0001
CCL-730,american,0.28682288175164783,8.145126466,0.125
CCL-730,possum,0.22621885737518332,5.440409986,0.125
CCL-730,rat,0.6953107879481314,6.766463413,0.0001
CCL-730,mouse,0.7386245713292459,6.776846046,0.0001
CCL-730,snake,0.740896116426083,6.615078486,0.0001
CCL-730,bird,0.631728700337743,7.119400245,0.0001
CCX-744,lion,0.0001,6.723957079,0.0001
CCX-744,tiger,0.8163197101353183,6.38952206,0.25
CCX-744,bear,0.379254076739424,7.366226929,0.0001
CCX-744,african,0.2822968632419034,7.284544989,0.1429
CCX-744,elephant,0.4977698068744907,6.363660295,0.2857
CCX-744,dolphin,0.6564486669803872,5.864843201,0.4286
CCX-744,whale,0.5884267855653453,6.338615042,0.1667
CCX-744,snake,0.6061015168406536,6.615078486,0.25
CCX-744,rabbit,0.695976698345298,6.568628649,0.0001
CCX-744,lizard,0.7277545542874432,5.89522027,0.0001
CCX-744,spider,0.7163963301325266,6.281649128,0.0001
CCX-744,bat,0.47935317430361335,6.527307346,0.0001
CCX-744,american,0.2320992605276514,8.145126466,0.0001
CCX-744,fox,0.23527701678016055,6.849727181,0.125
CCX-744,wolf,0.7632219187287248,6.745548976,0.0001
CCX-744,african,0.4203642846136657,7.284544989,0.0001
CCX-744,deer,0.3980247676681279,6.706983738,0.1429
CCX-744,fish,0.6285536437628894,7.344814258,0.3333
CDG-753,tiger,0.0001,6.38952206,0.0001
CDG-753,lion,0.8163197101353183,6.723957079,0.25
CDG-753,zebra,0.6311300195505863,5.561689192,0.0001
CDG-753,mammoth,0.6333534936149678,5.911730606,0.0001
CDG-753,elephant,0.5453542503055377,6.363660295,0.1429
CDG-753,water,0.2440176655020705,8.128616304,0.0001
CDG-753,hippopotamus,0.5611108644062913,5.258390618,0.0909
CDG-753,african,0.6232143523784998,7.284544989,0.1818
CDG-753,asian,0.7857817386879399,6.798455065,0.2857
CDG-753,primate,0.4816340804641204,5.892763902,0.0001
CDG-753,sloth,0.5280368908765584,5.603616317,0.0001
CDG-753,fish,0.25217571962793717,7.344814258,0.0001
CDG-753,eel,0.654573281470206,5.818212033,0.0001
CDG-753,fish,0.654573281470206,7.344814258,0.0001
CDG-753,shark,0.7311060676574657,6.054603863,0.0001
CDG-753,dolphin,0.5794876747021782,5.864843201,0.1667
CDG-753,whale,0.5884267855653453,6.338615042,0.1667
CDG-753,monkey,0.43195489031022527,6.401926546,0.0001
CDG-753,ape,0.6007161080591402,6.012398914,0.0001
CDG-753,gorilla,0.409479022670342,5.657093158,0.0001
CDG-753,primate,0.4147240439009119,5.892763902,0.0001
CDG-753,eagle,0.2280189370625686,6.640854253,0.0001
CDG-753,hawk,0.8009017064552232,6.384581525,0.0001
CDH-754,wolf,0.0001,6.745548976,0.0001
CDH-754,bear,0.5117515005514254,7.366226929,0.0001
CDH-754,reptile,0.4946667484602494,5.656324398,0.1667
CDH-754,dragon,0.5586481938573614,6.477683302,0.0001
CDH-754,pegasus,0.5828028457728206,5.418849615,0.1429
CDH-754,reptile,0.5935309127264452,5.656324398,0.1429
CDH-754,monster,0.6489987382659819,6.500453842,0.0001
CDH-754,turtle,0.41841049962442056,6.229758099,0.0001
CDH-754,fish,0.630045531591517,7.344814258,0.0001
CDH-754,frog,0.5433975437180384,6.319346573,0.25
CDH-754,turtle,0.769612922720538,6.229758099,0.0001
CDH-754,tortoise,0.5611677073533888,5.793371249,0.5
CDH-754,african,0.39763102649982707,7.284544989,0.2857
CDM-759,dog,0.0001,7.256114028,0.0001
CDM-759,cat,0.8704034051692497,7.013143358,0.0001
CDM-759,elephant,0.5912129943698278,6.363660295,0.1429
CDM-759,squirrel,0.6341453099697104,6.080840335,0.1429
CDM-759,lion,0.6258079344355522,6.723957079,0.1667
CDM-759,lioness,0.6190726247787824,5.259252138,0.6667
CDM-759,fish,0.2749055434779568,7.344814258,0.0001
CDM-759,deer,0.6285536437628894,6.706983738,0.3333
CDM-759,rabbit,0.584866849764478,6.568628649,0.0001
CDM-759,squirrel,0.774324693563415,6.080840335,0.1667
CDM-759,pets,0.4865911528301443,6.144792078,0.0001
CDM-759,bird,0.3842247348655945,7.119400245,0.0001
CDM-759,cow,0.5400986475437942,6.679047222,0.0001
CDM-759,lizard,0.4797225534021161,5.89522027,0.0001
CDM-759,porcupine,0.5066830931093856,5.580630787,0.0001
CDM-759,australian,0.46906990885842914,6.530851419,0.2222
CDM-759,bird,0.32172381800434313,7.119400245,0.0001
CDM-759,hippopotamus,0.5907623742794509,5.258390618,0.0001
CDM-759,african,0.6232143523784998,7.284544989,0.1818
CDR-764,primate,0.0001,5.892763902,0.0001
CDR-764,monkey,0.12366903761914028,6.401926546,0.0001
CDR-764,elephant,0.6110701885290226,6.363660295,0.0001
CDR-764,bird,0.6420616217738196,7.119400245,0.0001
CDR-764,eagle,0.7814678813932134,6.640854253,0.0001
CDR-764,jaguar,0.6195203063192205,5.702579584,0.1667
CDR-764,feline,0.45033520830468077,5.559176205,0.0001
CDR-764,frog,0.3692133590649044,6.319346573,0.2
CDR-764,toad,0.7666662179833286,5.885895277,0.0001
CDR-764,bird,0.5913839810337528,7.119400245,0.3333
CDR-764,lion,0.6160107993552228,6.723957079,0.0001
CDR-764,mouse,0.6538146578334068,6.776846046,0.0001
CDR-764,bat,0.5963340466747614,6.527307346,0.0001
CDR-764,fish,0.3562716976760989,7.344814258,0.0001
CDR-764,ape,0.48883719437628925,6.012398914,0.0001
CDR-764,primate,0.29507454123685317,5.892763902,0.0001
CDR-764,rhinoceros,0.17916047066876362,5.506841784,0.0001
CDU-767,cat,0.0001,7.013143358,0.0001
CDU-767,dog,0.8704034051692497,7.256114028,0.0001
CDU-767,fish,0.5443175260071689,7.344814258,0.0001
CDU-767,tiger,0.614211513981559,6.38952206,0.0001
CDU-767,lion,0.8163197101353183,6.723957079,0.25
CDU-767,rabbit,0.5229680379240272,6.568628649,0.2
CDU-767,american,0.23431660107419083,8.145126466,0.25
CDU-767,deer,0.23845826606697962,6.706983738,0.125
CDU-767,mammoth,0.5826813719658037,5.911730606,0.0001
CDU-767,whale,0.5245887784424362,6.338615042,0.0001
CDU-767,shark,0.782421344241932,6.054603863,0.0001
CDU-767,bird,0.47824872489286696,7.119400245,0.0001
CDU-767,penguin,0.3113941427174318,6.25042049,0.0001
CDU-767,wolf,0.2716113848847864,6.745548976,0.0001
CDU-767,badger,0.5886739523179517,5.803131956,0.0001
CDU-767,fish,0.4486735134862678,7.344814258,0.0001
CDU-767,baboon,0.4792083264766568,5.366632115,0.0001
CDU-767,gorilla,0.5992052467549644,5.657093158,0.0001
CDU-767,ape,0.409479022670342,6.012398914,0.0001
SGO-159,dog,0.0001,7.256114028,0.0001
SGO-159,cat,0.8704034051692497,7.013143358,0.0001
SGO-159,ferret,0.5314737603139312,5.531510849,0.2
SGO-159,pets,0.3349431403675278,6.144792078,0.2
SGO-159,mouse,0.43876069457551226,6.776846046,0.25
SGO-159,bird,0.732733115663788,7.119400245,0.0001
SGO-159,parrot,0.655709638527687,5.921096266,0.0001
SGO-159,elephant,0.5287513830319005,6.363660295,0.2857
SGO-159,african,0.4977698068744907,7.284544989,0.2857
SGO-159,rhinoceros,0.48698573232252573,5.506841784,0.125
SGO-159,snake,0.7026420428082623,6.615078486,0.125
SGO-159,gorilla,0.5002824159455429,5.657093158,0.0001
SGO-159,ape,0.409479022670342,6.012398914,0.0001
SGO-159,monkey,0.6007161080591402,6.401926546,0.0001
SGO-159,squirrel,0.7390211807535148,6.080840335,0.0001
SGO-159,rodents,0.3882046910374397,5.818422536,0.0001
SGO-159,american,0.4545491763953087,8.145126466,0.125
SGO-159,possum,0.22621885737518332,5.440409986,0.125
SGO-159,deer,0.561338079564598,6.706983738,0.0001
SGO-159,turkey,0.33760247985244374,6.767768346,0.0001
SGO-159,coyote,0.41399928914259,6.007340169,0.2
SGO-159,moose,0.6204842756416605,5.977754233,0.0001
SGO-159,bug,0.602669924978118,6.151919343,0.0001
SGO-159,leopard,0.4828488091314804,5.875985616,0.0001
SGO-159,lion,0.7008487448620635,6.723957079,0.2
SGO-159,leopard,0.7008487448620635,5.875985616,0.2
SGO-159,cow,0.4740282686598065,6.679047222,0.0001
SGO-159,horse,0.7202148089326315,7.396710537,0.0001
SGO-159,pig,0.5822593335476579,6.611542969,0.0001
SGO-159,hog,0.6995234158057378,6.119184601,0.3333
SGO-159,turkey,0.538486656852129,6.767768346,0.0001
SGO-159,rooster,0.5885163408451712,5.703855165,0.0001
SGO-159,chicken,0.5664446406674939,6.827585591,0.0001
SGO-159,turtle,0.564240140827222,6.229758099,0.2
SGO-159,fish,0.630045531591517,7.344814258,0.0001
SGO-159,scorpion,0.5233418696372368,5.601377613,0.0001
SIU-211,frog,0.0001,6.319346573,0.0001
SIU-211,lizard,0.6392223048796993,5.89522027,0.0001
SIU-211,snake,0.7753538619468079,6.615078486,0.0001
SIU-211,lion,0.7147496578093873,6.723957079,0.0001
SIU-211,tiger,0.8163197101353183,6.38952206,0.25
SIU-211,monkey,0.7163481430748395,6.401926546,0.0001
SIU-211,bird,0.6455745356934098,7.119400245,0.0001
SIU-211,lizard,0.6415293762115286,5.89522027,0.2
SIU-211,deer,0.6173303241760116,6.706983738,0.2
SIU-211,bear,0.4290445291701115,7.366226929,0.3333
SIU-211,squirrel,0.49047303498140427,6.080840335,0.0001
SIU-211,chipmunk,0.8351342611967271,5.149619342,0.0001
SIU-211,skunk,0.7656590843449127,5.613026358,0.4286
SIU-211,fish,0.44265558098328794,7.344814258,0.0001
SIU-211,dog,0.5443175260071689,7.256114028,0.0001
SIU-211,insects,0.42838426059018886,6.715288174,0.0001
SIU-211,spider,0.5326241163409028,6.281649128,0.1429
SIU-211,fly,0.5330811815228791,7.029176525,0.2
SIU-211,ant,0.4508659536842624,6.426146105,0.0001
SIU-211,african,0.375574098810311,7.284544989,0.1429
SIU-211,elephant,0.4977698068744907,6.363660295,0.2857
SIU-211,penguin,0.4607098036029039,6.25042049,0.2857
SIU-211,hippopotamus,0.561921988531187,5.258390618,0.1818
SIZ-390,cat,0.0001,7.013143358,0.0001
SIZ-390,dog,0.8704034051692497,7.256114028,0.0001
SIZ-390,moose,0.669722109578782,5.977754233,0.0001
SIZ-390,cow,0.5928341584763416,6.679047222,0.0001
SIZ-390,kangaroo,0.5072456733936412,5.566218227,0.1667
SIZ-390,tiger,0.7770663812027828,6.38952206,0.3333
SIZ-390,lion,0.8163197101353183,6.723957079,0.25
SIZ-390,tiger,0.8163197101353183,6.38952206,0.25
SIZ-390,elephant,0.5851262675244838,6.363660295,0.0001
SIZ-390,hippopotamus,0.7068547070080161,5.258390618,0.1818
SIZ-390,rhinoceros,0.731779126669075,5.506841784,0.2727
SIZ-390,water,0.5434581092058588,8.128616304,0.125
SIZ-390,african,0.33510526142840724,7.284544989,0.0001
SIZ-390,whale,0.4699081850925848,6.338615042,0.0001
SIZ-390,bird,0.4874721140608629,7.119400245,0.0001
SIZ-390,primate,0.21212018131274624,5.892763902,0.0001
SIZ-390,monkey,0.12366903761914028,6.401926546,0.0001
SKE-234,lion,0.0001,6.723957079,0.0001
SKE-234,feline,0.4665254125681696,5.559176205,0.2
SKE-234,rhinoceros,0.4348830644758508,5.506841784,0.0001
SKE-234,zebra,0.6893349990685579,5.561689192,0.125
SKE-234,african,0.5899427384461554,7.284544989,0.1429
SKE-234,gorilla,0.39938290475828664,5.657093158,0.1429
SKE-234,monkey,0.5058163155009054,6.401926546,0.0001
SKE-234,penguin,0.26327255648637804,6.25042049,0.1429
SKE-234,polar,0.519225258063852,6.534516632,0.1429
SKE-234,seal,0.3085503928485993,6.788763103,0.25
SKE-234,killer,0.35668849441639694,6.372521515,0.25
SKE-234,dolphin,0.6187136629746389,5.864843201,0.1667
SKE-234,shark,0.5794876747021782,6.054603863,0.1667
SKE-234,wolf,0.5495969485603862,6.745548976,0.0001
SKE-234,coyote,0.7557915934610188,6.007340169,0.0001
SKE-234,squirrel,0.7066548860503354,6.080840335,0.1667
SKE-234,chipmunk,0.8351342611967271,5.149619342,0.0001
SKE-234,owl,0.5540184952699209,6.247115609,0.0001
SKE-234,eagle,0.6562232358945764,6.640854253,0.25
SKE-234,dog,0.6663780210534817,7.256114028,0.0001
SKE-234,cat,0.8704034051692497,7.013143358,0.0001
SKE-234,pig,0.7141317450618696,6.611542969,0.0001
SKE-234,horse,0.5822593335476579,7.396710537,0.0001
SKE-234,cow,0.7202148089326315,6.679047222,0.0001
SKE-234,chicken,0.6747538040546185,6.827585591,0.2
SKE-234,rooster,0.5664446406674939,5.703855165,0.0001
SKE-234,duck,0.7519133941079735,6.439638803,0.0001
SKE-234,sheep,0.6347121688325689,6.924172871,0.0001
SMK-401,dog,0.0001,7.256114028,0.0001
SMK-401,cat,0.8704034051692497,7.013143358,0.0001
SMK-401,african,0.38857806951841756,7.284544989,0.1429
SMK-401,monkey,0.36523627149535853,6.401926546,0.1429
SMK-401,dolphin,0.3815043913239031,5.864843201,0.0001
SMK-401,fish,0.49029174326644664,7.344814258,0.1667
SMK-401,goldfish,0.7506059153172259,5.475262847,0.2857
SMK-401,shark,0.6290491606153765,6.054603863,0.0001
SMK-401,deer,0.6240912461769892,6.706983738,0.25
SMK-401,buck,0.44724631161281625,6.477242551,0.0001
SMK-401,squirrel,0.5417440450107266,6.080840335,0.0001
SMK-401,american,0.28682288175164783,8.145126466,0.125
SMK-401,beaver,0.4469647313339755,6.273193014,0.0001
SMK-401,bird,0.5229516125560341,7.119400245,0.25
SMK-401,eagle,0.7814678813932134,6.640854253,0.0001
SMK-401,tiger,0.6704290005635579,6.38952206,0.0001
SMK-401,feline,0.45593976598785846,5.559176205,0.0001
SMK-401,lion,0.4665254125681696,6.723957079,0.2
SMK-401,elephant,0.724533794509743,6.363660295,0.4286
SMK-401,skunk,0.5138178448770755,5.613026358,0.0001
SMK-401,moose,0.7753657615753111,5.977754233,0.0001
SMK-401,goose,0.619376180494614,6.301955793,0.6667
SMK-401,turkey,0.5925657789805149,6.767768346,0.0001
SNI-300,dolphin,0.0001,5.864843201,0.0001
SNI-300,killer,0.6187136629746389,6.372521515,0.1667
SNI-300,whale,0.6545173494626505,6.338615042,0.25
SNI-300,shark,0.782421344241932,6.054603863,0.0001
SNI-300,water,0.6421772313791911,8.128616304,0.0001
SNI-300,penguin,0.3603253187311376,6.25042049,0.0001
SNI-300,african,0.6204002654325247,7.284544989,0.2857
SNI-300,elephant,0.4977698068744907,6.363660295,0.2857
SNI-300,alligator,0.5703907059575517,5.714162885,0.2857
SNI-300,lizard,0.7188782857450673,5.89522027,0.1429
SNI-300,feline,0.42961241492281776,5.559176205,0.0001
SNI-300,tiger,0.45593976598785846,6.38952206,0.0001
SNI-300,leopard,0.6518021943275473,5.875985616,0.2
SNI-300,jaguar,0.6490746872067744,5.702579584,0.0001
SNI-300,dog,0.5584109899271309,7.256114028,0.1667
SNI-300,cat,0.8704034051692497,7.013143358,0.0001
SNI-300,parrot,0.6880407218158899,5.921096266,0.2
SNI-300,horse,0.3804804347137949,7.396710537,0.2
SNR-308,panther,0.0001,5.886284809,0.0001
SNR-308,tiger,0.7868622128721993,6.38952206,0.2
SNR-308,feline,0.45593976598785846,5.559176205,0.0001
SNR-308,dog,0.5081645685335991,7.256114028,0.0001
SNR-308,shepherd,0.5862065773462264,6.542772537,0.0001
SNR-308,pigeon,0.5773433163328112,6.10484819,0.0001
SNR-308,falcon,0.7676116133108272,5.93662582,0.3333
SNR-308,eagle,0.6660639269759655,6.640854253,0.1667
SNR-308,fox,0.6461016474120316,6.849727181,0.0001
SNR-308,wolf,0.7632219187287248,6.745548976,0.0001
SNR-308,bear,0.5117515005514254,7.366226929,0.0001
SNR-308,buffalo,0.34407259574317384,6.710471006,0.1667
SNR-308,australian,0.4218783343778091,6.530851419,0.1111
SNR-308,polar,0.4683662515770912,6.534516632,0.1111
SNR-308,penguin,0.519225258063852,6.25042049,0.1429
SNR-308,kitten,0.3029032929872608,5.855944762,0.2857
SNT-310,penguin,0.0001,6.25042049,0.0001
SNT-310,elephant,0.4607098036029039,6.363660295,0.2857
SNT-310,zebra,0.6253955199415241,5.561689192,0.1429
SNT-310,bird,0.537138364321513,7.119400245,0.2
SNT-310,frog,0.6899086671562968,6.319346573,0.0001
SNT-310,dog,0.657924945081082,7.256114028,0.25
SNT-310,cat,0.8704034051692497,7.013143358,0.0001
SNT-310,bird,0.6995836501240437,7.119400245,0.0001
SNT-310,pigeon,0.7113766999535622,6.10484819,0.0001
SNT-310,bird,0.7113766999535622,7.119400245,0.0001
SNT-310,pig,0.5512761611642021,6.611542969,0.0001
SNT-310,cow,0.7209760575338363,6.679047222,0.0001
SNT-310,horse,0.7202148089326315,7.396710537,0.0001
SNT-310,insect,0.24752765020037204,6.519563532,0.0001
SNT-310,squirrel,0.7136553265690825,6.080840335,0.0001
SNT-310,mouse,0.7389690607308629,6.776846046,0.0001
SNT-310,skunk,0.7134835972210695,5.613026358,0.0001
SNT-310,american,0.277438749916081,8.145126466,0.125
SNT-310,fox,0.23527701678016055,6.849727181,0.125
SNT-310,bear,0.5016776065752327,7.366226929,0.0001
SNT-310,lion,0.48735393087494117,6.723957079,0.0001
SNT-310,tiger,0.8163197101353183,6.38952206,0.25
SNT-310,panther,0.7868622128721993,5.886284809,0.2
SNT-310,cougar,0.5206613909963339,5.313217401,0.2
SNT-310,moose,0.537796905346721,5.977754233,0.25
SNT-310,caribou,0.6949766149840283,5.660478423,0.0001
SNT-310,deer,0.7187061053238456,6.706983738,0.1667
SNV-312,cat,0.0001,7.013143358,0.0001
SNV-312,dog,0.8704034051692497,7.256114028,0.0001
SNV-312,fish,0.5443175260071689,7.344814258,0.0001
SNV-312,turtle,0.630045531591517,6.229758099,0.0001
SNV-312,bird,0.5972612540711988,7.119400245,0.2
SNV-312,alligator,0.6594914288063995,5.714162885,0.0001
SNV-312,tiger,0.7214466954481377,6.38952206,0.2857
SNV-312,lion,0.8163197101353183,6.723957079,0.25
SNV-312,monkey,0.585405596907942,6.401926546,0.0001
SNV-312,african,0.36523627149535853,7.284544989,0.1429
SNV-312,elephant,0.4977698068744907,6.363660295,0.2857
SNV-312,snake,0.6572538594360247,6.615078486,0.0001
SNV-312,frog,0.7085219220414753,6.319346573,0.0001
SNV-312,worm,0.5839871789376393,6.383063674,0.0001
SNV-312,bear,0.48511359248370245,7.366226929,0.0001
SNV-312,wolf,0.5117515005514254,6.745548976,0.0001
SNV-312,kangaroo,0.6640198151053841,5.566218227,0.0001
SNV-312,water,0.46109477062171833,8.128616304,0.1667
SNY-315,deer,0.0001,6.706983738,0.0001
SNY-315,american,0.23845826606697962,8.145126466,0.125
SNY-315,squirrel,0.28682288175164783,6.080840335,0.125
SNY-315,possum,0.7693468612827743,5.440409986,0.1667
SNY-315,dog,0.5946813283231975,7.256114028,0.0001
SNY-315,cat,0.8704034051692497,7.013143358,0.0001
SNY-315,rabbit,0.7397903952726612,6.568628649,0.4
SNY-315,zebra,0.5341025749063181,5.561689192,0.2
SNY-315,tiger,0.6234785443948051,6.38952206,0.0001
SNY-315,lion,0.8163197101353183,6.723957079,0.25
SNY-315,leopard,0.7008487448620635,5.875985616,0.2
SNY-315,antelope,0.5864559336872819,5.845170623,0.0001
SNY-315,cougar,0.5063406598306907,5.313217401,0.0001
SNY-315,bear,0.44944198475470976,7.366226929,0.0001
SNY-315,polar,0.21706677072563862,6.534516632,0.0001
SNY-315,wolf,0.2628871493611876,6.745548976,0.25
SNY-315,sheep,0.6513084495986406,6.924172871,0.0001
SNY-315,goat,0.7117859763585288,6.365838461,0.0001
SNY-315,cow,0.7589368593406937,6.679047222,0.0001
SNY-315,horse,0.7202148089326315,7.396710537,0.0001
SOE-320,chicken,0.0001,6.827585591,0.0001
SOE-320,goat,0.6994330165298044,6.365838461,0.0001
SOE-320,rhinoceros,0.6930030640474436,5.506841784,0.0001
SOE-320,cow,0.6114898983543712,6.679047222,0.0001
SOE-320,horse,0.7202148089326315,7.396710537,0.0001
SOE-320,cat,0.43589611073932955,7.013143358,0.0001
SOE-320,dog,0.8704034051692497,7.256114028,0.0001
SOE-320,elephant,0.7205445267852585,6.363660295,0.0001
SOE-320,zebra,0.6253955199415241,5.561689192,0.1429
SOE-320,lion,0.6311300195505863,6.723957079,0.0001
SOE-320,bird,0.6160107993552228,7.119400245,0.0001
SOE-320,asian,0.31728409469237506,6.798455065,0.0001
SOE-320,polar,0.5254195433714559,6.534516632,0.0001
SOQ-329,ant,0.0001,6.426146105,0.0001
SOQ-329,insect,0.6271670471544316,6.519563532,0.3333
SOQ-329,african,0.28130132741560276,7.284544989,0.1429
SOQ-329,elephant,0.4977698068744907,6.363660295,0.2857
SOQ-329,lion,0.724533794509743,6.723957079,0.4286
SOQ-329,tiger,0.8163197101353183,6.38952206,0.25
SOQ-329,dog,0.7406974152407655,7.256114028,0.25
SOQ-329,cat,0.8704034051692497,7.013143358,0.0001
SOQ-329,fish,0.5972845892231957,7.344814258,0.0001
SOQ-329,monkey,0.5106206227498726,6.401926546,0.0001
SOQ-329,hippopotamus,0.5519962933031063,5.258390618,0.0001
SOQ-329,rhinoceros,0.731779126669075,5.506841784,0.2727
SOQ-329,ape,0.46394248387670867,6.012398914,0.0001
SOQ-329,shark,0.4535738820365909,6.054603863,0.0001
SOQ-329,dolphin,0.5794876747021782,5.864843201,0.1667
SOQ-329,seal,0.46705070691009465,6.788763103,0.1667
SOQ-329,polar,0.3085503928485993,6.534516632,0.25
SOQ-329,bear,0.21706677072563862,7.366226929,0.0001
SOQ-329,bird,0.3930889271744309,7.119400245,0.3333
SOQ-329,crane,0.5570771729304005,6.40422836,0.0001
SOQ-329,swan,0.3372146019854776,6.23145965,0.25
SOQ-329,pigeon,0.48769236866754484,6.10484819,0.2
SOQ-329,insect,0.5912608467474885,6.519563532,0.0001
SOX-335,tiger,0.0001,6.38952206,0.0001
SOX-335,lion,0.8163197101353183,6.723957079,0.25
SOX-335,elephant,0.724533794509743,6.363660295,0.4286
SOX-335,water,0.2440176655020705,8.128616304,0.0001
SOX-335,dolphin,0.3855014041956467,5.864843201,0.0001
SOX-335,fish,0.49029174326644664,7.344814258,0.1667
SOX-335,penguin,0.4811998260741197,6.25042049,0.0001
SOX-335,monkey,0.26327255648637804,6.401926546,0.1429
SOX-335,shark,0.45860544907559864,6.054603863,0.2
SOX-335,whale,0.782421344241932,6.338615042,0.0001
SOX-335,fish,0.710499945427964,7.344814258,0.0001
SPA-338,frog,0.0001,6.319346573,0.0001
SPA-338,horse,0.39579258550204355,7.396710537,0.0001
SPA-338,tiger,0.37338752018730315,6.38952206,0.0001
SPA-338,lion,0.8163197101353183,6.723957079,0.25
SPA-338,water,0.3086683370885581,8.128616304,0.0001
SPA-338,hippopotamus,0.5611108644062913,5.258390618,0.0909
SPA-338,dolphin,0.6340636081822841,5.864843201,0.1818
SPA-338,shark,0.5794876747021782,6.054603863,0.1667
SPA-338,fish,0.7311060676574657,7.344814258,0.0001
SPA-338,zebra,0.5484909429583703,5.561689192,0.0001
SPA-338,gazelle,0.4869624088037803,5.345203116,0.0001
SPA-338,tiger,0.36625226563103586,6.38952206,0.0001
SPA-338,alligator,0.7214466954481377,5.714162885,0.2857
SPA-338,crocodile,0.7045755434988963,5.741384054,0.0001
SPA-338,african,0.42201803748458966,7.284544989,0.25
SPA-338,elephant,0.4977698068744907,6.363660295,0.2857
SPC-340,dog,0.0001,7.256114028,0.0001
SPC-340,cat,0.8704034051692497,7.013143358,0.0001
SPC-340,chicken,0.6106655114732867,6.827585591,0.2
SPC-340,rooster,0.5664446406674939,5.703855165,0.0001
SPC-340,pig,0.7184536407076094,6.611542969,0.0001
SPC-340,bird,0.5512761611642021,7.119400245,0.0001
SPC-340,horse,0.3845749775829015,7.396710537,0.0001
SPC-340,cow,0.7202148089326315,6.679047222,0.0001
SPC-340,zebra,0.4335681058007623,5.561689192,0.0001
SPC-340,feline,0.5264698298095147,5.559176205,0.2
SPC-340,leopard,0.493736754068693,5.875985616,0.0001
SPC-340,bear,0.4352652396436486,7.366226929,0.2
SPC-340,walrus,0.4307005721071906,5.417803723,0.1667
SPC-340,seal,0.614194318844962,6.788763103,0.1667
SPC-340,dolphin,0.46705070691009465,5.864843201,0.1667
SPC-340,african,0.5519473187813763,7.284544989,0.2857
SPC-340,elephant,0.4977698068744907,6.363660295,0.2857
SPC-340,monkey,0.6110701885290226,6.401926546,0.0001
SPC-340,spider,0.524945815247006,6.281649128,0.0001
SPC-340,snake,0.7058823054057103,6.615078486,0.2
SPH-344,elephant,0.0001,6.363660295,0.0001
SPH-344,zebra,0.6253955199415241,5.561689192,0.1429
SPH-344,bird,0.537138364321513,7.119400245,0.2
SPH-344,dog,0.6434360201175703,7.256114028,0.0001
SPH-344,cat,0.8704034051692497,7.013143358,0.0001
SPH-344,fish,0.5972845892231957,7.344814258,0.0001
SPH-344,lion,0.5502660971629718,6.723957079,0.0001
SPH-344,tiger,0.8163197101353183,6.38952206,0.25
SPH-344,deer,0.6529942279966585,6.706983738,0.0001
SPH-344,hippopotamus,0.6795993039824063,5.258390618,0.0001
SPL-436,horse,0.0001,7.396710537,0.0001
SPL-436,wolf,0.5952812361172293,6.745548976,0.0001
SPL-436,dog,0.7833037340739072,7.256114028,0.0001
SPL-436,cow,0.6903892278386247,6.679047222,0.0001
SPL-436,hyena,0.3929409879873138,5.284998893,0.0001
SPL-436,lion,0.6334850355712032,6.723957079,0.2
SPL-436,tiger,0.8163197101353183,6.38952206,0.25
SPL-436,bear,0.379254076739424,7.366226929,0.0001
SPL-436,feline,0.33862912956850355,5.559176205,0.0001
SPL-436,walrus,0.4257781611977638,5.417803723,0.1667
SPL-436,seal,0.614194318844962,6.788763103,0.1667
SPL-436,polar,0.3085503928485993,6.534516632,0.25
SPL-436,porcupine,0.45675595298797445,5.580630787,0.1111
SPL-436,horse,0.2839260119921463,7.396710537,0.2222
SPL-436,bull,0.61162175466973,6.953478541,0.0001
SPL-436,oxen,0.5608989803606177,6.165281134,0.0001
SPV-450,dog,0.0001,7.256114028,0.0001
SPV-450,cat,0.8704034051692497,7.013143358,0.0001
SPV-450,bird,0.6995836501240437,7.119400245,0.0001
SPV-450,pig,0.5512761611642021,6.611542969,0.0001
SPV-450,elephant,0.5616811861564716,6.363660295,0.0001
SPV-450,african,0.4977698068744907,7.284544989,0.2857
SPV-450,alligator,0.5101346931177051,5.714162885,0.1429
SPV-450,snake,0.6965573380447547,6.615078486,0.0001
SPV-450,frog,0.7085219220414753,6.319346573,0.0001
SPV-450,fish,0.5433975437180384,7.344814258,0.25
SPV-450,rodents,0.36151109647710467,5.818422536,0.0001
SPV-450,boar,0.36513749098977666,5.909126871,0.0001
SPV-450,lion,0.7792442059879673,6.723957079,0.0001
SPV-450,tiger,0.8163197101353183,6.38952206,0.25
SPV-450,wolf,0.771338136123341,6.745548976,0.0001
SPV-450,coyote,0.7557915934610188,6.007340169,0.0001
SPV-450,chicken,0.42719112445507434,6.827585591,0.0001
SPV-450,rooster,0.5664446406674939,5.703855165,0.0001
SPV-450,bunny,0.7361970849371283,5.809424355,0.0001
SPX-452,cat,0.0001,7.013143358,0.0001
SPX-452,dog,0.8704034051692497,7.256114028,0.0001
SPX-452,dolphin,0.5513573936794044,5.864843201,0.1667
SPX-452,shark,0.5794876747021782,6.054603863,0.1667
SPX-452,alligator,0.6909665906697676,5.714162885,0.0001
SPX-452,crocodile,0.7045755434988963,5.741384054,0.0001
SPX-452,bird,0.5810522850529399,7.119400245,0.125
SPX-452,bear,0.3930889271744309,7.366226929,0.3333
SPX-452,coyote,0.47035095676415173,6.007340169,0.0001
SPX-452,wolf,0.7557915934610188,6.745548976,0.0001
SPX-452,fish,0.45516535627035193,7.344814258,0.0001
SPX-452,water,0.7002410885454963,8.128616304,0.0001
SPX-452,snail,0.5364683109187577,5.853805252,0.0001
SPX-452,australian,0.34194997224507273,6.530851419,0.3333
SPX-452,asian,0.7031131167140906,6.798455065,0.3333
SPX-452,grizzly,0.4377334183613303,5.735626042,0.0001
SPX-452,hyena,0.5945273087481365,5.284998893,0.0001
SPX-452,snake,0.6506800203567887,6.615078486,0.0001
SPX-452,frog,0.7085219220414753,6.319346573,0.0001
SPX-452,toad,0.7666662179833286,5.885895277,0.0001
SPX-452,lion,0.6937816897411947,6.723957079,0.0001
SPX-452,leopard,0.7008487448620635,5.875985616,0.2
SRF-483,lion,0.0001,6.723957079,0.0001
SRF-483,bear,0.48735393087494117,7.366226929,0.0001
SRF-483,lion,0.48735393087494117,6.723957079,0.0001
SRF-483,cat,0.6669369320093451,7.013143358,0.0001
SRF-483,dog,0.8704034051692497,7.256114028,0.0001
SRF-483,lizard,0.6735514134354764,5.89522027,0.0001
SRF-483,bird,0.6415293762115286,7.119400245,0.2
SRF-483,falcon,0.6278706149453978,5.93662582,0.0001
SRF-483,pelican,0.5857274104172772,5.581928051,0.5714
SRF-483,african,0.5506339417208794,7.284544989,0.5714
SRF-483,pig,0.32477187579285527,6.611542969,0.0001
SRF-483,horse,0.5822593335476579,7.396710537,0.0001
SRF-483,chicken,0.36508780711716304,6.827585591,0.0001
SRF-483,hog,0.5591601304975257,6.119184601,0.0001
SRF-483,feline,0.34626930055913197,5.559176205,0.0001
SRF-483,duck,0.3867061091473627,6.439638803,0.0001
SRR-498,dog,0.0001,7.256114028,0.0001
SRR-498,cat,0.8704034051692497,7.013143358,0.0001
SRR-498,horse,0.43589611073932955,7.396710537,0.0001
SRR-498,turtle,0.32238121616670967,6.229758099,0.0001
SRR-498,ape,0.4023454272256647,6.012398914,0.0001
SRR-498,monkey,0.6007161080591402,6.401926546,0.0001
SRR-498,pony,0.4495463718578768,6.179719502,0.2
SRR-498,tiger,0.3685666160522326,6.38952206,0.0001
SRR-498,shark,0.5857125381321674,6.054603863,0.0001
SRR-498,lizard,0.5354236267572111,5.89522027,0.0001
SRR-498,reptile,0.6167002507791859,5.656324398,0.0001
SRR-498,ant,0.697425882290023,6.426146105,0.1667
SRR-498,worm,0.6317707794800911,6.383063674,0.0001
SRR-498,bird,0.581064610662884,7.119400245,0.3333
SRR-498,bear,0.3930889271744309,7.366226929,0.3333
SRR-498,goat,0.5328138929911408,6.365838461,0.0001
SRR-498,deer,0.6503266453966962,6.706983738,0.0001
SRR-498,lion,0.7208787068440585,6.723957079,0.0001
SSG-520,tiger,0.0001,6.38952206,0.0001
SSG-520,bird,0.6531977828730392,7.119400245,0.0001
SSG-520,monkey,0.6455745356934098,6.401926546,0.0001
SSG-520,whale,0.43195489031022527,6.338615042,0.0001
SSG-520,fish,0.710499945427964,7.344814258,0.0001
SSG-520,shark,0.7311060676574657,6.054603863,0.0001
SSG-520,panther,0.5764113967551935,5.886284809,0.0001
SSG-520,cat,0.6741377623843882,7.013143358,0.2
SSG-520,dog,0.8704034051692497,7.256114028,0.0001
SSG-520,snake,0.7131704313290484,6.615078486,0.0001
SSG-520,turtle,0.6259611262221981,6.229758099,0.0001
SSG-520,crab,0.6108937454262933,6.158116322,0.0001
SSG-520,water,0.5751451296275023,8.128616304,0.0001
SSZ-539,pig,0.0001,6.611542969,0.0001
SSZ-539,cow,0.7209760575338363,6.679047222,0.0001
SSZ-539,horse,0.7202148089326315,7.396710537,0.0001
SSZ-539,cat,0.43589611073932955,7.013143358,0.0001
SSZ-539,fish,0.5972845892231957,7.344814258,0.0001
SSZ-539,dog,0.5443175260071689,7.256114028,0.0001
SSZ-539,monkey,0.7237152428866923,6.401926546,0.0001
SSZ-539,alligator,0.6079539423786847,5.714162885,0.0001
SSZ-539,monkey,0.6079539423786847,6.401926546,0.0001
SSZ-539,hippopotamus,0.5519962933031063,5.258390618,0.0001
SSZ-539,dolphin,0.6340636081822841,5.864843201,0.1818
SSZ-539,shark,0.5794876747021782,6.054603863,0.1667
SSZ-539,rainbow,0.4468991381631562,6.313541377,0.0001
SUG-544,dog,0.0001,7.256114028,0.0001
SUG-544,cat,0.8704034051692497,7.013143358,0.0001
SUG-544,pig,0.7141317450618696,6.611542969,0.0001
SUG-544,cow,0.7209760575338363,6.679047222,0.0001
SUG-544,chicken,0.6747538040546185,6.827585591,0.2
SUG-544,elephant,0.3564392368374647,6.363660295,0.2857
SUG-544,monkey,0.6110701885290226,6.401926546,0.0001
SUG-544,fish,0.5106206227498726,7.344814258,0.0001
SUG-544,african,0.4236547557733983,7.284544989,0.1429
SUG-544,dolphin,0.5519473187813763,5.864843201,0.2857
SUG-544,zebra,0.5626081775750041,5.561689192,0.1667
SUG-544,shark,0.5470936155903178,6.054603863,0.2
SUG-544,turtle,0.5733549798572429,6.229758099,0.0001
SUG-544,cow,0.5626627390296264,6.679047222,0.0001
SUT-556,elephant,0.0001,6.363660295,0.0001
SUT-556,african,0.4977698068744907,7.284544989,0.2857
SUT-556,turtle,0.2662040283921905,6.229758099,0.1429
SUT-556,zebra,0.4230319813917486,5.561689192,0.0001
SUT-556,monkey,0.5122152078618241,6.401926546,0.0001
SUT-556,dog,0.7237152428866923,7.256114028,0.0001
SUT-556,cat,0.8704034051692497,7.013143358,0.0001
SUT-556,lizard,0.6836730516284596,5.89522027,0.0001
SUT-556,reptile,0.6167002507791859,5.656324398,0.0001
SUT-556,bear,0.4946667484602494,7.366226929,0.1667
SUT-556,dragon,0.42854562553254016,6.477683302,0.0001
SUT-556,horse,0.4338066458170927,7.396710537,0.0001
SUT-556,pig,0.5822593335476579,6.611542969,0.0001
SUT-556,cow,0.7209760575338363,6.679047222,0.0001
SUT-556,bird,0.5400986475437942,7.119400245,0.0001
SUV-558,lion,0.0001,6.723957079,0.0001
SUV-558,zebra,0.6311300195505863,5.561689192,0.0001
SUV-558,feline,0.5264698298095147,5.559176205,0.2
SUV-558,leopard,0.493736754068693,5.875985616,0.0001
SUV-558,elephant,0.6670059317544359,6.363660295,0.1429
SUV-558,zebra,0.6253955199415241,5.561689192,0.1429
SUV-558,snake,0.6656613826029034,6.615078486,0.0001
SUV-558,monkey,0.690341369854992,6.401926546,0.2
SUV-558,gorilla,0.5058163155009054,5.657093158,0.0001
SUV-558,african,0.39938290475828664,7.284544989,0.1429
SUV-558,tiger,0.4555630035688303,6.38952206,0.0001
SUV-558,cub,0.5857207512120914,5.726807053,0.0001
SUV-558,ant,0.6151190140767051,6.426146105,0.0001
SUV-558,dragon,0.4807388303852824,6.477683302,0.1667
SUV-558,zebra,0.5483058441744125,5.561689192,0.1667
SUV-558,horse,0.4448585232389701,7.396710537,0.2
SUV-558,cow,0.7202148089326315,6.679047222,0.0001
SUV-558,sheep,0.7976646192820234,6.924172871,0.0001
SUV-558,chicken,0.5377872279448656,6.827585591,0.0001
SVA-563,rhinoceros,0.0001,5.506841784,0.0001
SVA-563,primate,0.17916047066876362,5.892763902,0.0001
SVA-563,chipmunk,0.12552473332676084,5.149619342,0.1429
SVA-563,african,0.23796638717129937,7.284544989,0.0001
SVA-563,gorilla,0.39938290475828664,5.657093158,0.1429
SVA-563,dog,0.4431932749531018,7.256114028,0.0001
SVA-563,cat,0.8704034051692497,7.013143358,0.0001
SVA-563,pets,0.5176867398627802,6.144792078,0.25
SVA-563,fish,0.39171299680476945,7.344814258,0.0001
SVA-563,frog,0.5433975437180384,6.319346573,0.25
SVA-563,snake,0.7085219220414753,6.615078486,0.0001
SVA-563,caterpillar,0.5210352433738951,5.827004623,0.0001
SVA-563,african,0.09761724114767878,7.284544989,0.125
SVA-563,rhinoceros,0.48698573232252573,5.506841784,0.125
SVA-563,buffalo,0.6065405153925318,6.710471006,0.0001
SVA-563,horse,0.6032277961394042,7.396710537,0.0001
SVA-563,antelope,0.5258576988958747,5.845170623,0.0001
SVA-563,deer,0.7592025099584916,6.706983738,0.0001
SVA-563,sheep,0.7858726953746189,6.924172871,0.0001
SVH-570,dog,0.0001,7.256114028,0.0001
SVH-570,cat,0.8704034051692497,7.013143358,0.0001
SVH-570,rabbit,0.7397903952726612,6.568628649,0.4
SVH-570,pets,0.5776878661494823,6.144792078,0.0001
SVH-570,rodents,0.581294002400043,5.818422536,0.2857
SVH-570,guinea,0.34402257279307746,6.538172807,0.1429
SVH-570,penguin,0.44999414024032003,6.25042049,0.1429
SVH-570,african,0.6204002654325247,7.284544989,0.2857
SVH-570,jaguar,0.609736329488683,5.702579584,0.0001
SVH-570,lion,0.6677287112959568,6.723957079,0.0001
SVH-570,feline,0.4665254125681696,5.559176205,0.2
SVH-570,prairie,0.37834975725311826,6.511780187,0.0001
SVH-570,gorilla,0.4717948956454687,5.657093158,0.0001
SVH-570,elephant,0.4342310626866819,6.363660295,0.1429
SVH-570,tiger,0.5851262675244838,6.38952206,0.0001
SVY-587,zebra,0.0001,5.561689192,0.0001
SVY-587,african,0.5899427384461554,7.284544989,0.1429
SVY-587,penguin,0.6204002654325247,6.25042049,0.2857
SVY-587,asian,0.6269789359994558,6.798455065,0.2857
SVY-587,alligator,0.4122331480993122,5.714162885,0.1429
SVY-587,dog,0.670742706519969,7.256114028,0.1429
SVY-587,cat,0.8704034051692497,7.013143358,0.0001
SVY-587,lizard,0.6836730516284596,5.89522027,0.0001
SVY-587,reptile,0.6167002507791859,5.656324398,0.0001
SVY-587,crab,0.5851160569308692,6.158116322,0.0001
SVY-587,water,0.5751451296275023,8.128616304,0.0001
SVY-587,jellyfish,0.6150980534616284,5.224579675,0.0001
SVY-587,turtle,0.5960484476965371,6.229758099,0.0001
SVY-587,bird,0.5972612540711988,7.119400245,0.2
SVY-587,chick,0.5353419001776438,6.095076204,0.0001
SVY-587,hen,0.7178950306907921,6.445523252,0.0001
SVY-587,rooster,0.725406643794552,5.703855165,0.0001
SVY-587,crow,0.7026368307328785,6.398037974,0.0001
SZA-781,cat,0.0001,7.013143358,0.0001
SZA-781,dog,0.8704034051692497,7.256114028,0.0001
SZA-781,pig,0.7124437830763098,6.611542969,0.3333
SZA-781,cow,0.7209760575338363,6.679047222,0.0001
SZA-781,chicken,0.6747538040546185,6.827585591,0.2
SZA-781,rooster,0.5664446406674939,5.703855165,0.0001
SZA-781,frog,0.7395227811734709,6.319346573,0.0001
SZA-781,snake,0.7085219220414753,6.615078486,0.0001
SZA-781,lizard,0.7753538619468079,5.89522027,0.0001
SZA-781,reptile,0.6167002507791859,5.656324398,0.0001
SZA-781,badger,0.4012255650598282,5.803131956,0.0001
SZA-781,bulldog,0.6373341567130578,5.406485677,0.1667
SZA-781,puppy,0.7469190426866525,6.031090808,0.0001
SZA-781,kitten,0.7188685614081997,5.855944762,0.0001
SZA-781,goose,0.7343899032203716,6.301955793,0.0001
SZA-781,duck,0.7404666484394645,6.439638803,0.0001
