Subject,Model,Beta_Frequency,Beta_Semantic,Beta_Phonological,Negative_Log_Likelihood_Optimized
CAF-657,forage_dynamic_simdrop,8.455614363511092,2.5888092604738238,,155.7928205171341
CAF-657,forage_random_baseline,0.0,0.0,,177.9940845685009
CAJ-663,forage_dynamic_simdrop,7.805868703522959,2.0145614487964414,,112.45220586225659
CAJ-663,forage_random_baseline,0.0,0.0,,122.75454108172474
CAM-666,forage_dynamic_simdrop,9.107479357539786,2.7056598455287806,,132.90075416870843
CAM-666,forage_random_baseline,0.0,0.0,,153.44317635215594
CAP-671,forage_dynamic_simdrop,10.24770763571785,2.1181031975072675,,100.04303731125587
CAP-671,forage_random_baseline,0.0,0.0,,116.6168140276385
CAQ-672,forage_dynamic_simdrop,8.348499251232683,2.7176620771217634,,125.94441078561006
CAQ-672,forage_random_baseline,0.0,0.0,,141.16772224398346
CAR-673,forage_dynamic_simdrop,8.723236423908057,3.705494717241253,,119.75078286807134
CAR-673,forage_random_baseline,0.0,0.0,,141.16772224398346
CAS-674,forage_dynamic_simdrop,6.914157249930884,3.836628782818686,,113.90937079307898
CAS-674,forage_random_baseline,0.0,0.0,,128.89226813581098
CAV-678,forage_dynamic_simdrop,6.529717053366513,2.719858759021989,,159.1380285089587
CAV-678,forage_random_baseline,0.0,0.0,,171.85635751441467
CAY-681,forage_dynamic_simdrop,8.962565571945918,3.099799735458468,,121.43221316802119
CAY-681,forage_random_baseline,0.0,0.0,,141.16772224398346
CBD-686,forage_dynamic_simdrop,8.280091046226753,3.2901109168809994,,109.20702439556551
CBD-686,forage_random_baseline,0.0,0.0,,128.89226813581098
CBF-691,forage_dynamic_simdrop,8.40172263875086,2.8149230017196647,,103.37878978545035
CBF-691,forage_random_baseline,0.0,0.0,,116.6168140276385
CBH-693,forage_dynamic_simdrop,7.880857133135919,3.5567069778456366,,123.33129970997447
CBH-693,forage_random_baseline,0.0,0.0,,147.3054492980697
CBJ-697,forage_dynamic_simdrop,6.979285376294735,2.508401359339435,,129.8132822442604
CBJ-697,forage_random_baseline,0.0,0.0,,141.16772224398346
CBL-698,forage_dynamic_simdrop,5.552440266506966,3.5597062561864057,,109.4784637528314
CBL-698,forage_random_baseline,0.0,0.0,,122.75454108172474
CBM-702,forage_dynamic_simdrop,7.3791800197383655,3.1172034379406894,,149.52565134989246
CBM-702,forage_random_baseline,0.0,0.0,,165.71863046032843
CBP-707,forage_dynamic_simdrop,8.38721390911279,2.924473474575249,,151.05980455114369
CBP-707,forage_random_baseline,0.0,0.0,,171.85635751441467
CBS-711,forage_dynamic_simdrop,6.582505911088202,2.5331261233993216,,136.44952798397006
CBS-711,forage_random_baseline,0.0,0.0,,147.3054492980697
CBW-715,forage_dynamic_simdrop,8.04974173851338,3.4246446918909887,,95.75230133185343
CBW-715,forage_random_baseline,0.0,0.0,,110.47908697355226
CCB-720,forage_dynamic_simdrop,7.231962268108801,1.39676132384782,,80.59739079512585
CCB-720,forage_random_baseline,0.0,0.0,,85.92817875720729
CCC-721,forage_dynamic_simdrop,11.826666259938973,2.5730154877590476,,71.41013459373849
CCC-721,forage_random_baseline,0.0,0.0,,92.06590581129353
CCD-722,forage_dynamic_simdrop,7.871106613077875,2.5990635044741515,,159.5442054559334
CCD-722,forage_random_baseline,0.0,0.0,,177.9940845685009
CCF-724,forage_dynamic_simdrop,11.28365079717971,2.3985107304109587,,89.79085513326055
CCF-724,forage_random_baseline,0.0,0.0,,110.47908697355226
CCH-726,forage_dynamic_simdrop,9.605965328771966,2.5222030929826103,,122.15597544125997
CCH-726,forage_random_baseline,0.0,0.0,,141.16772224398346
CCL-730,forage_dynamic_simdrop,9.536324969229321,2.83161118532189,,125.29756894477453
CCL-730,forage_random_baseline,0.0,0.0,,147.3054492980697
CCX-744,forage_dynamic_simdrop,10.922155616916504,1.6971853996854622,,92.01778903587878
CCX-744,forage_random_baseline,0.0,0.0,,110.47908697355226
CDG-753,forage_dynamic_simdrop,7.016535647731389,3.6194143848399496,,123.69058563963631
CDG-753,forage_random_baseline,0.0,0.0,,147.3054492980697
CDH-754,forage_dynamic_simdrop,8.08392026665316,3.840478213446468,,74.74736380998775
CDH-754,forage_random_baseline,0.0,0.0,,85.92817875720729
CDM-759,forage_dynamic_simdrop,9.094099753522759,2.2567014035197803,,103.85423634518932
CDM-759,forage_random_baseline,0.0,0.0,,116.6168140276385
CDR-764,forage_dynamic_simdrop,7.7035194360297785,1.5417729737284505,,101.726636658316
CDR-764,forage_random_baseline,0.0,0.0,,110.47908697355226
CDU-767,forage_dynamic_simdrop,9.273221815783236,1.8485936800513785,,101.88442481845725
CDU-767,forage_random_baseline,0.0,0.0,,116.6168140276385
SGO-159,forage_dynamic_simdrop,8.300005193510831,2.974133839194843,,195.3887876001758
SGO-159,forage_random_baseline,0.0,0.0,,220.9581739471046
SIU-211,forage_dynamic_simdrop,8.487731330804149,3.0742513101751205,,125.76973128993279
SIU-211,forage_random_baseline,0.0,0.0,,147.3054492980697
SIZ-390,forage_dynamic_simdrop,8.694808926240825,1.7259144455716158,,93.81154314511761
SIZ-390,forage_random_baseline,0.0,0.0,,104.34135991946602
SKE-234,forage_dynamic_simdrop,8.063254300817059,3.141777311170192,,150.63924938851648
SKE-234,forage_random_baseline,0.0,0.0,,171.85635751441467
SMK-401,forage_dynamic_simdrop,8.949061361177776,2.7053015975603434,,125.21036420350224
SMK-401,forage_random_baseline,0.0,0.0,,147.3054492980697
SNI-300,forage_dynamic_simdrop,8.730965114457229,3.561551641750476,,94.18915349077326
SNI-300,forage_random_baseline,0.0,0.0,,110.47908697355226
SNR-308,forage_dynamic_simdrop,8.91607775262383,2.6795950645173923,,85.70017198312561
SNR-308,forage_random_baseline,0.0,0.0,,98.20363286537977
SNT-310,forage_dynamic_simdrop,10.195077486560406,3.3497191170133074,,137.713297940223
SNT-310,forage_random_baseline,0.0,0.0,,165.71863046032843
SNV-312,forage_dynamic_simdrop,11.286517391471513,2.729856674810709,,87.7129981574709
SNV-312,forage_random_baseline,0.0,0.0,,110.47908697355226
SNY-315,forage_dynamic_simdrop,9.326736114912817,2.1209590649247843,,106.52140841540086
SNY-315,forage_random_baseline,0.0,0.0,,122.75454108172474
SOE-320,forage_dynamic_simdrop,10.768832045535483,3.3068256439044297,,64.26086463731212
SOE-320,forage_random_baseline,0.0,0.0,,79.79045170312105
SOQ-329,forage_dynamic_simdrop,9.224335176002397,2.236513391697035,,124.26009321420734
SOQ-329,forage_random_baseline,0.0,0.0,,141.16772224398346
SOX-335,forage_dynamic_simdrop,10.299855370078179,2.5299454120197127,,55.65916539118404
SOX-335,forage_random_baseline,0.0,0.0,,67.51499759494857
SPA-338,forage_dynamic_simdrop,8.004505494311873,3.5974186394152246,,88.79941673576359
SPA-338,forage_random_baseline,0.0,0.0,,104.34135991946602
SPC-340,forage_dynamic_simdrop,8.99237728522032,2.8364297661111504,,106.45549724006436
SPC-340,forage_random_baseline,0.0,0.0,,122.75454108172474
SPH-344,forage_dynamic_simdrop,9.645349912485566,2.932653850333321,,51.70736614866784
SPH-344,forage_random_baseline,0.0,0.0,,61.37727054086234
SPL-436,forage_dynamic_simdrop,8.995486454298096,2.710989992884396,,87.64087948294096
SPL-436,forage_random_baseline,0.0,0.0,,104.34135991946602
SPV-450,forage_dynamic_simdrop,9.819600914259437,3.1308115145389115,,98.92305144520228
SPV-450,forage_random_baseline,0.0,0.0,,116.6168140276385
SPX-452,forage_dynamic_simdrop,8.26516451856978,3.4946810440389817,,112.76886343355903
SPX-452,forage_random_baseline,0.0,0.0,,135.02999518989722
SRF-483,forage_dynamic_simdrop,10.267460382026869,2.181874996280602,,84.21862597010333
SRF-483,forage_random_baseline,0.0,0.0,,98.20363286537977
SRR-498,forage_dynamic_simdrop,9.44784954256784,2.0388649224198234,,97.28011459519263
SRR-498,forage_random_baseline,0.0,0.0,,110.47908697355226
SSG-520,forage_dynamic_simdrop,11.279653044673687,3.90957751319284,,69.93900543871219
SSG-520,forage_random_baseline,0.0,0.0,,98.20363286537977
SSZ-539,forage_dynamic_simdrop,9.431660222872924,2.3226835158325776,,70.2181609369879
SSZ-539,forage_random_baseline,0.0,0.0,,79.79045170312105
SUG-544,forage_dynamic_simdrop,9.679322079429424,3.2455072598541284,,76.71131425676558
SUG-544,forage_random_baseline,0.0,0.0,,92.06590581129353
SUT-556,forage_dynamic_simdrop,10.283582265044487,1.9219133301529547,,79.83330708725121
SUT-556,forage_random_baseline,0.0,0.0,,92.06590581129353
SUV-558,forage_dynamic_simdrop,7.458147975756022,2.713940197591891,,105.73592685610632
SUV-558,forage_random_baseline,0.0,0.0,,116.6168140276385
SVA-563,forage_dynamic_simdrop,7.665458392481069,2.2730398986658034,,116.3609292670041
SVA-563,forage_random_baseline,0.0,0.0,,128.89226813581098
SVH-570,forage_dynamic_simdrop,8.17200961594907,2.5739984194459598,,81.7189518286391
SVH-570,forage_random_baseline,0.0,0.0,,92.06590581129353
SVY-587,forage_dynamic_simdrop,8.133646210314206,3.6567495251569664,,99.81298927241625
SVY-587,forage_random_baseline,0.0,0.0,,116.6168140276385
SZA-781,forage_dynamic_simdrop,7.821204779579409,3.9733099018146714,,89.84244602046685
SZA-781,forage_random_baseline,0.0,0.0,,104.34135991946602
