Subject,Model,Beta_Frequency,Beta_Semantic,Beta_Phonological,Negative_Log_Likelihood_Optimized
CAF-657,forage_dynamic_simdrop,8.500523188700596,4.348369278363252,,154.25376125291888
CAF-657,forage_random_baseline,0.0,0.0,,177.9940845685009
CAJ-663,forage_dynamic_simdrop,7.484905636554068,2.5512765858965984,,111.8926616643606
CAJ-663,forage_random_baseline,0.0,0.0,,122.75454108172474
CAM-666,forage_dynamic_simdrop,8.66200770805613,3.636257524635845,,134.51571540019677
CAM-666,forage_random_baseline,0.0,0.0,,153.44317635215594
CAP-671,forage_dynamic_simdrop,9.995260368822784,3.6822276204774838,,97.94385250164112
CAP-671,forage_random_baseline,0.0,0.0,,116.6168140276385
CAQ-672,forage_dynamic_simdrop,8.09723881772864,5.026305164149708,,123.06724536339932
CAQ-672,forage_random_baseline,0.0,0.0,,141.16772224398346
CAR-673,forage_dynamic_simdrop,8.202901260133354,6.025056941060256,,117.80039339214483
CAR-673,forage_random_baseline,0.0,0.0,,141.16772224398346
CAS-674,forage_dynamic_simdrop,6.472515095859387,6.05107408539605,,112.71055110828902
CAS-674,forage_random_baseline,0.0,0.0,,128.89226813581098
CAV-678,forage_dynamic_simdrop,6.100880163602238,3.8206208853870867,,158.44977742317252
CAV-678,forage_random_baseline,0.0,0.0,,171.85635751441467
CAY-681,forage_dynamic_simdrop,8.297070708315417,4.372201338895119,,121.50881004340454
CAY-681,forage_random_baseline,0.0,0.0,,141.16772224398346
CBD-686,forage_dynamic_simdrop,8.101664035055505,4.781555516634705,,108.98630115663507
CBD-686,forage_random_baseline,0.0,0.0,,128.89226813581098
CBF-691,forage_dynamic_simdrop,8.098445771049782,3.8774355169746877,,103.14365175749894
CBF-691,forage_random_baseline,0.0,0.0,,116.6168140276385
CBH-693,forage_dynamic_simdrop,7.561909397855845,5.234158863138251,,124.9057745391104
CBH-693,forage_random_baseline,0.0,0.0,,147.3054492980697
CBJ-697,forage_dynamic_simdrop,6.352519922339475,3.114542957095327,,130.0762588266729
CBJ-697,forage_random_baseline,0.0,0.0,,141.16772224398346
CBL-698,forage_dynamic_simdrop,5.147894954842067,4.506454856641672,,112.45278417526211
CBL-698,forage_random_baseline,0.0,0.0,,122.75454108172474
CBM-702,forage_dynamic_simdrop,6.516239393719934,3.3853359252274946,,153.4266394529468
CBM-702,forage_random_baseline,0.0,0.0,,165.71863046032843
CBP-707,forage_dynamic_simdrop,7.9860407946489005,4.936828022089852,,146.06684920594353
CBP-707,forage_random_baseline,0.0,0.0,,171.85635751441467
CBS-711,forage_dynamic_simdrop,6.2451662170788085,3.3541304118133923,,136.31103925792297
CBS-711,forage_random_baseline,0.0,0.0,,147.3054492980697
CBW-715,forage_dynamic_simdrop,7.213814164901173,5.6159288282933275,,93.53237186107702
CBW-715,forage_random_baseline,0.0,0.0,,110.47908697355226
CCB-720,forage_dynamic_simdrop,7.008965142585625,2.3528591961448453,,79.67973008945143
CCB-720,forage_random_baseline,0.0,0.0,,85.92817875720729
CCC-721,forage_dynamic_simdrop,12.50313381538302,4.363647655340318,,70.50451417176815
CCC-721,forage_random_baseline,0.0,0.0,,92.06590581129353
CCD-722,forage_dynamic_simdrop,7.42408546165904,3.5704971586406398,,159.35032785754575
CCD-722,forage_random_baseline,0.0,0.0,,177.9940845685009
CCF-724,forage_dynamic_simdrop,10.929359552821431,3.4417846771077865,,89.61214260170553
CCF-724,forage_random_baseline,0.0,0.0,,110.47908697355226
CCH-726,forage_dynamic_simdrop,9.283822779063716,4.390382562596406,,118.74994517239094
CCH-726,forage_random_baseline,0.0,0.0,,141.16772224398346
CCL-730,forage_dynamic_simdrop,9.296548115362182,4.5915277004923905,,123.88199952920083
CCL-730,forage_random_baseline,0.0,0.0,,147.3054492980697
CCX-744,forage_dynamic_simdrop,11.269628941595961,2.457835376960359,,92.3500930060191
CCX-744,forage_random_baseline,0.0,0.0,,110.47908697355226
CDG-753,forage_dynamic_simdrop,6.435165563466298,5.259552542191354,,123.30445771803164
CDG-753,forage_random_baseline,0.0,0.0,,147.3054492980697
CDH-754,forage_dynamic_simdrop,7.09542753301212,4.774329554686868,,75.22025352744818
CDH-754,forage_random_baseline,0.0,0.0,,85.92817875720729
CDM-759,forage_dynamic_simdrop,8.714653909181322,3.3458539243033774,,104.10108289158403
CDM-759,forage_random_baseline,0.0,0.0,,116.6168140276385
CDR-764,forage_dynamic_simdrop,7.373956438370156,1.7430735919865195,,101.8885918384862
CDR-764,forage_random_baseline,0.0,0.0,,110.47908697355226
CDU-767,forage_dynamic_simdrop,9.355215099057071,2.35725571994381,,102.96169080540734
CDU-767,forage_random_baseline,0.0,0.0,,116.6168140276385
SGO-159,forage_dynamic_simdrop,8.061115502540549,4.253346298153845,,194.50826485741126
SGO-159,forage_random_baseline,0.0,0.0,,220.9581739471046
SIU-211,forage_dynamic_simdrop,8.133296065558214,4.893788200302053,,124.34918687939403
SIU-211,forage_random_baseline,0.0,0.0,,147.3054492980697
SIZ-390,forage_dynamic_simdrop,8.311608712108667,1.8572282601213124,,94.2968044761811
SIZ-390,forage_random_baseline,0.0,0.0,,104.34135991946602
SKE-234,forage_dynamic_simdrop,7.405445933106357,5.224919024086888,,148.36203015644165
SKE-234,forage_random_baseline,0.0,0.0,,171.85635751441467
SMK-401,forage_dynamic_simdrop,8.576790723516796,4.219948247600767,,124.79667121197276
SMK-401,forage_random_baseline,0.0,0.0,,147.3054492980697
SNI-300,forage_dynamic_simdrop,8.03747367211721,5.668373528057008,,93.11999184562015
SNI-300,forage_random_baseline,0.0,0.0,,110.47908697355226
SNR-308,forage_dynamic_simdrop,8.354560645553335,3.2231846172180343,,86.49073544461748
SNR-308,forage_random_baseline,0.0,0.0,,98.20363286537977
SNT-310,forage_dynamic_simdrop,9.791049824336405,5.303081077018229,,135.4008558937035
SNT-310,forage_random_baseline,0.0,0.0,,165.71863046032843
SNV-312,forage_dynamic_simdrop,11.017580291126379,4.390098169657724,,87.00794613159313
SNV-312,forage_random_baseline,0.0,0.0,,110.47908697355226
SNY-315,forage_dynamic_simdrop,9.239876087896041,2.8476642215687797,,106.34376855622946
SNY-315,forage_random_baseline,0.0,0.0,,122.75454108172474
SOE-320,forage_dynamic_simdrop,10.19303288381429,5.967790376428628,,60.92025992620745
SOE-320,forage_random_baseline,0.0,0.0,,79.79045170312105
SOQ-329,forage_dynamic_simdrop,8.882008370049734,3.390869079386035,,123.54142336022291
SOQ-329,forage_random_baseline,0.0,0.0,,141.16772224398346
SOX-335,forage_dynamic_simdrop,9.977066813293407,4.076253706174314,,54.60313785985665
SOX-335,forage_random_baseline,0.0,0.0,,67.51499759494857
SPA-338,forage_dynamic_simdrop,7.55924053815285,5.56889410447935,,88.25549894777562
SPA-338,forage_random_baseline,0.0,0.0,,104.34135991946602
SPC-340,forage_dynamic_simdrop,8.589026220375095,4.980613209940042,,104.03440148556531
SPC-340,forage_random_baseline,0.0,0.0,,122.75454108172474
SPH-344,forage_dynamic_simdrop,9.124029178186966,6.274158881500587,,48.82977038221068
SPH-344,forage_random_baseline,0.0,0.0,,61.37727054086234
SPL-436,forage_dynamic_simdrop,8.677289675388282,4.291926066661127,,86.52451467654512
SPL-436,forage_random_baseline,0.0,0.0,,104.34135991946602
SPV-450,forage_dynamic_simdrop,9.363675628813235,5.450580168162083,,95.56294229588643
SPV-450,forage_random_baseline,0.0,0.0,,116.6168140276385
SPX-452,forage_dynamic_simdrop,7.650293735942843,5.959687267754561,,108.92240787825891
SPX-452,forage_random_baseline,0.0,0.0,,135.02999518989722
SRF-483,forage_dynamic_simdrop,10.01777432814509,2.989859638389786,,83.95093293574732
SRF-483,forage_random_baseline,0.0,0.0,,98.20363286537977
SRR-498,forage_dynamic_simdrop,9.17544376585282,3.3463557290806727,,95.79465983592044
SRR-498,forage_random_baseline,0.0,0.0,,110.47908697355226
SSG-520,forage_dynamic_simdrop,10.289103286311041,7.778324110659936,,65.7271330431384
SSG-520,forage_random_baseline,0.0,0.0,,98.20363286537977
SSZ-539,forage_dynamic_simdrop,8.966039308180639,6.016975554515479,,66.31685259364336
SSZ-539,forage_random_baseline,0.0,0.0,,79.79045170312105
SUG-544,forage_dynamic_simdrop,9.547960190624941,6.064102595307267,,72.93969765460332
SUG-544,forage_random_baseline,0.0,0.0,,92.06590581129353
SUT-556,forage_dynamic_simdrop,10.209295112586439,3.2122021104734397,,77.81873285067972
SUT-556,forage_random_baseline,0.0,0.0,,92.06590581129353
SUV-558,forage_dynamic_simdrop,6.6828033046372886,4.6513930123166976,,102.23995677431185
SUV-558,forage_random_baseline,0.0,0.0,,116.6168140276385
SVA-563,forage_dynamic_simdrop,7.254470952559728,2.6932696256759905,,117.33805084911081
SVA-563,forage_random_baseline,0.0,0.0,,128.89226813581098
SVH-570,forage_dynamic_simdrop,7.984337747242531,3.9141248513011333,,81.50613288889208
SVH-570,forage_random_baseline,0.0,0.0,,92.06590581129353
SVY-587,forage_dynamic_simdrop,7.06588455328482,5.42532767284776,,98.09939930009992
SVY-587,forage_random_baseline,0.0,0.0,,116.6168140276385
SZA-781,forage_dynamic_simdrop,7.055655824928351,7.484703708747792,,87.04988917683998
SZA-781,forage_random_baseline,0.0,0.0,,104.34135991946602
