Subject,Model,Beta_Frequency,Beta_Semantic,Beta_Phonological,Negative_Log_Likelihood_Optimized
CAF-657,forage_dynamic_simdrop,8.137830352703993,4.65048590091816,,151.2752999846231
CAF-657,forage_random_baseline,0.0,0.0,,177.9940845685009
CAJ-663,forage_dynamic_simdrop,7.368755142259525,2.0681193348986255,,112.55281736266596
CAJ-663,forage_random_baseline,0.0,0.0,,122.75454108172474
CAM-666,forage_dynamic_simdrop,8.889966720244026,4.077218124188746,,133.30690554918866
CAM-666,forage_random_baseline,0.0,0.0,,153.44317635215594
CAP-671,forage_dynamic_simdrop,9.996371120126856,3.6529805695220934,,98.07744702399724
CAP-671,forage_random_baseline,0.0,0.0,,116.6168140276385
CAQ-672,forage_dynamic_simdrop,8.120066603176456,5.102567790408342,,122.86332537872372
CAQ-672,forage_random_baseline,0.0,0.0,,141.16772224398346
CAR-673,forage_dynamic_simdrop,8.272817874882369,5.387684470294506,,119.82945396651606
CAR-673,forage_random_baseline,0.0,0.0,,141.16772224398346
CAS-674,forage_dynamic_simdrop,6.207009186526016,5.368310457661396,,114.4075067867629
CAS-674,forage_random_baseline,0.0,0.0,,128.89226813581098
CAV-678,forage_dynamic_simdrop,5.866988432910949,3.8327331651192393,,157.9495612030751
CAV-678,forage_random_baseline,0.0,0.0,,171.85635751441467
CAY-681,forage_dynamic_simdrop,8.331917591832914,3.881045222978958,,123.85425098533418
CAY-681,forage_random_baseline,0.0,0.0,,141.16772224398346
CBD-686,forage_dynamic_simdrop,8.131261444831107,4.754309176598999,,110.93732314186818
CBD-686,forage_random_baseline,0.0,0.0,,128.89226813581098
CBF-691,forage_dynamic_simdrop,7.808554982280965,3.5262288927208343,,103.45683309225221
CBF-691,forage_random_baseline,0.0,0.0,,116.6168140276385
CBH-693,forage_dynamic_simdrop,7.5822307666924695,5.102083008858029,,124.4625176717392
CBH-693,forage_random_baseline,0.0,0.0,,147.3054492980697
CBJ-697,forage_dynamic_simdrop,6.357765709389377,2.5884552838713653,,131.4492373872235
CBJ-697,forage_random_baseline,0.0,0.0,,141.16772224398346
CBL-698,forage_dynamic_simdrop,5.132439083583034,3.6526296091850754,,113.7587286256498
CBL-698,forage_random_baseline,0.0,0.0,,122.75454108172474
CBM-702,forage_dynamic_simdrop,6.424866036539298,2.681893530438046,,154.89540272799266
CBM-702,forage_random_baseline,0.0,0.0,,165.71863046032843
CBP-707,forage_dynamic_simdrop,8.017103905897427,4.793534039538886,,147.04687487181067
CBP-707,forage_random_baseline,0.0,0.0,,171.85635751441467
CBS-711,forage_dynamic_simdrop,6.068932355452771,4.052516199427352,,134.60442928350398
CBS-711,forage_random_baseline,0.0,0.0,,147.3054492980697
CBW-715,forage_dynamic_simdrop,7.289186407737264,5.098380983081013,,95.97404295082193
CBW-715,forage_random_baseline,0.0,0.0,,110.47908697355226
CCB-720,forage_dynamic_simdrop,6.926984257642128,1.7667211055924745,,80.28875967485476
CCB-720,forage_random_baseline,0.0,0.0,,85.92817875720729
CCC-721,forage_dynamic_simdrop,12.059411279376997,4.5967783121540995,,69.53079380130389
CCC-721,forage_random_baseline,0.0,0.0,,92.06590581129353
CCD-722,forage_dynamic_simdrop,7.347395727683963,3.437876554560156,,159.4401169846462
CCD-722,forage_random_baseline,0.0,0.0,,177.9940845685009
CCF-724,forage_dynamic_simdrop,11.007449503737606,3.7084947559768846,,88.42245627662795
CCF-724,forage_random_baseline,0.0,0.0,,110.47908697355226
CCH-726,forage_dynamic_simdrop,9.272820920196278,4.51673640069213,,118.28072185486239
CCH-726,forage_random_baseline,0.0,0.0,,141.16772224398346
CCL-730,forage_dynamic_simdrop,9.294555933666928,3.921887076274833,,126.64869819982904
CCL-730,forage_random_baseline,0.0,0.0,,147.3054492980697
CCX-744,forage_dynamic_simdrop,10.991007200872401,2.726108089385589,,90.28044871523149
CCX-744,forage_random_baseline,0.0,0.0,,110.47908697355226
CDG-753,forage_dynamic_simdrop,6.489457294656926,5.844343781241795,,121.96827825499844
CDG-753,forage_random_baseline,0.0,0.0,,147.3054492980697
CDH-754,forage_dynamic_simdrop,7.6728488582454295,5.314085762653469,,74.89283480267578
CDH-754,forage_random_baseline,0.0,0.0,,85.92817875720729
CDM-759,forage_dynamic_simdrop,8.855040494623868,3.746676615233314,,102.83449431714973
CDM-759,forage_random_baseline,0.0,0.0,,116.6168140276385
CDR-764,forage_dynamic_simdrop,7.356112090088291,2.0256256489164537,,101.07343804498494
CDR-764,forage_random_baseline,0.0,0.0,,110.47908697355226
CDU-767,forage_dynamic_simdrop,9.133041392021946,1.7179278596056815,,103.67562203316025
CDU-767,forage_random_baseline,0.0,0.0,,116.6168140276385
SGO-159,forage_dynamic_simdrop,7.928625635098972,3.9372759097988315,,194.75997188811746
SGO-159,forage_random_baseline,0.0,0.0,,220.9581739471046
SIU-211,forage_dynamic_simdrop,7.851615784005199,5.552792968222676,,121.71427479897237
SIU-211,forage_random_baseline,0.0,0.0,,147.3054492980697
SIZ-390,forage_dynamic_simdrop,8.332318140365766,2.343546482488382,,93.1607811953907
SIZ-390,forage_random_baseline,0.0,0.0,,104.34135991946602
SKE-234,forage_dynamic_simdrop,7.460457836062336,5.042961406112821,,149.26802581211686
SKE-234,forage_random_baseline,0.0,0.0,,171.85635751441467
SMK-401,forage_dynamic_simdrop,8.23316215462275,4.5563570167149186,,124.03866274515619
SMK-401,forage_random_baseline,0.0,0.0,,147.3054492980697
SNI-300,forage_dynamic_simdrop,7.992789165521149,5.691900871637161,,93.42150326117627
SNI-300,forage_random_baseline,0.0,0.0,,110.47908697355226
SNR-308,forage_dynamic_simdrop,8.442796393899497,2.5659395253266593,,87.81124964438732
SNR-308,forage_random_baseline,0.0,0.0,,98.20363286537977
SNT-310,forage_dynamic_simdrop,9.983893848386444,4.966852060018235,,138.10463436988266
SNT-310,forage_random_baseline,0.0,0.0,,165.71863046032843
SNV-312,forage_dynamic_simdrop,11.206592210257869,4.540168777871743,,86.45907858859287
SNV-312,forage_random_baseline,0.0,0.0,,110.47908697355226
SNY-315,forage_dynamic_simdrop,9.55408352610539,3.49001881360705,,105.96595236890734
SNY-315,forage_random_baseline,0.0,0.0,,122.75454108172474
SOE-320,forage_dynamic_simdrop,9.87361551724376,5.638845773137608,,62.78487801448738
SOE-320,forage_random_baseline,0.0,0.0,,79.79045170312105
SOQ-329,forage_dynamic_simdrop,8.704621770494429,3.123271341083005,,124.14310928817403
SOQ-329,forage_random_baseline,0.0,0.0,,141.16772224398346
SOX-335,forage_dynamic_simdrop,10.250897438896132,2.906171332169176,,56.77986051936523
SOX-335,forage_random_baseline,0.0,0.0,,67.51499759494857
SPA-338,forage_dynamic_simdrop,7.749697096701474,4.359396581414577,,90.48207628494356
SPA-338,forage_random_baseline,0.0,0.0,,104.34135991946602
SPC-340,forage_dynamic_simdrop,8.800724595453875,4.249357324843553,,107.07040030021513
SPC-340,forage_random_baseline,0.0,0.0,,122.75454108172474
SPH-344,forage_dynamic_simdrop,9.581860127328401,6.081038479669864,,48.97204082120801
SPH-344,forage_random_baseline,0.0,0.0,,61.37727054086234
SPL-436,forage_dynamic_simdrop,8.720548984075144,4.497315113694622,,86.6677117483002
SPL-436,forage_random_baseline,0.0,0.0,,104.34135991946602
SPV-450,forage_dynamic_simdrop,9.31212397421639,5.067137377240074,,95.10556941402551
SPV-450,forage_random_baseline,0.0,0.0,,116.6168140276385
SPX-452,forage_dynamic_simdrop,7.6532969472798005,5.341253997334179,,111.8427404159857
SPX-452,forage_random_baseline,0.0,0.0,,135.02999518989722
SRF-483,forage_dynamic_simdrop,9.672995765829928,3.7723506521688486,,82.44471552360865
SRF-483,forage_random_baseline,0.0,0.0,,98.20363286537977
SRR-498,forage_dynamic_simdrop,9.226051615990096,3.9968049707938795,,94.3560691569107
SRR-498,forage_random_baseline,0.0,0.0,,110.47908697355226
SSG-520,forage_dynamic_simdrop,10.918612355628435,7.733223974224607,,66.39660455669366
SSG-520,forage_random_baseline,0.0,0.0,,98.20363286537977
SSZ-539,forage_dynamic_simdrop,8.797666525997204,3.3434715280264453,,70.77760231454077
SSZ-539,forage_random_baseline,0.0,0.0,,79.79045170312105
SUG-544,forage_dynamic_simdrop,9.22415496317086,5.386779734406742,,75.60898859326099
SUG-544,forage_random_baseline,0.0,0.0,,92.06590581129353
SUT-556,forage_dynamic_simdrop,10.406879126144347,3.2966015692492103,,77.80239079475034
SUT-556,forage_random_baseline,0.0,0.0,,92.06590581129353
SUV-558,forage_dynamic_simdrop,6.601016514197874,3.9781761594755274,,104.80864040375153
SUV-558,forage_random_baseline,0.0,0.0,,116.6168140276385
SVA-563,forage_dynamic_simdrop,7.2189728531087125,2.987225042116676,,116.2144966440442
SVA-563,forage_random_baseline,0.0,0.0,,128.89226813581098
SVH-570,forage_dynamic_simdrop,7.536401342948748,4.6836995696626555,,78.87695333495601
SVH-570,forage_random_baseline,0.0,0.0,,92.06590581129353
SVY-587,forage_dynamic_simdrop,6.9770979649636535,5.8654371497626725,,96.02900320152104
SVY-587,forage_random_baseline,0.0,0.0,,116.6168140276385
SZA-781,forage_dynamic_simdrop,6.501615813204077,8.452907291440141,,85.60701388960229
SZA-781,forage_random_baseline,0.0,0.0,,104.34135991946602
