Subject,Model,Beta_Frequency,Beta_Semantic,Beta_Phonological,Negative_Log_Likelihood_Optimized
CAF-657,forage_dynamic_simdrop,8.938018092248846,2.2820310936596235,,158.20717922676957
CAF-657,forage_random_baseline,0.0,0.0,,177.9940845685009
CAJ-663,forage_dynamic_simdrop,8.096623759907757,1.7102548181388746,,112.70172500154082
CAJ-663,forage_random_baseline,0.0,0.0,,122.75454108172474
CAM-666,forage_dynamic_simdrop,9.432073521531779,2.2924965460891222,,134.61696725436377
CAM-666,forage_random_baseline,0.0,0.0,,153.44317635215594
CAP-671,forage_dynamic_simdrop,10.174756651006106,1.7036991356629492,,101.13815763429189
CAP-671,forage_random_baseline,0.0,0.0,,116.6168140276385
CAQ-672,forage_dynamic_simdrop,8.981514138927537,2.362206035936936,,127.27470940416265
CAQ-672,forage_random_baseline,0.0,0.0,,141.16772224398346
CAR-673,forage_dynamic_simdrop,8.753139615806386,2.9666736066222095,,122.95477311420741
CAR-673,forage_random_baseline,0.0,0.0,,141.16772224398346
CAS-674,forage_dynamic_simdrop,7.179467767512277,3.0051150251387813,,114.9086954381162
CAS-674,forage_random_baseline,0.0,0.0,,128.89226813581098
CAV-678,forage_dynamic_simdrop,6.8206679710823925,2.1604916606787863,,161.1567609222956
CAV-678,forage_random_baseline,0.0,0.0,,171.85635751441467
CAY-681,forage_dynamic_simdrop,9.169898144424383,2.8921456698207484,,121.29276732399609
CAY-681,forage_random_baseline,0.0,0.0,,141.16772224398346
CBD-686,forage_dynamic_simdrop,8.909762094270928,2.9722999456014048,,108.86698755918842
CBD-686,forage_random_baseline,0.0,0.0,,128.89226813581098
CBF-691,forage_dynamic_simdrop,8.663318097594326,2.626486472689333,,103.29473597539342
CBF-691,forage_random_baseline,0.0,0.0,,116.6168140276385
CBH-693,forage_dynamic_simdrop,8.175671710660898,2.9914716037142886,,126.92858785725414
CBH-693,forage_random_baseline,0.0,0.0,,147.3054492980697
CBJ-697,forage_dynamic_simdrop,7.313643607224816,2.2252356255581573,,130.23129806127938
CBJ-697,forage_random_baseline,0.0,0.0,,141.16772224398346
CBL-698,forage_dynamic_simdrop,5.9772680288795925,3.5381279920184405,,107.2721850198622
CBL-698,forage_random_baseline,0.0,0.0,,122.75454108172474
CBM-702,forage_dynamic_simdrop,7.540293111377574,2.892041684674694,,150.06417376932396
CBM-702,forage_random_baseline,0.0,0.0,,165.71863046032843
CBP-707,forage_dynamic_simdrop,8.670845878767063,2.691497570445704,,150.5918073109084
CBP-707,forage_random_baseline,0.0,0.0,,171.85635751441467
CBS-711,forage_dynamic_simdrop,6.924967842355017,2.0182170339253034,,137.74227579506933
CBS-711,forage_random_baseline,0.0,0.0,,147.3054492980697
CBW-715,forage_dynamic_simdrop,8.669047988639436,2.8241990201837526,,96.88506404245567
CBW-715,forage_random_baseline,0.0,0.0,,110.47908697355226
CCB-720,forage_dynamic_simdrop,7.4646555833447295,1.5265896743246643,,80.3079116357044
CCB-720,forage_random_baseline,0.0,0.0,,85.92817875720729
CCC-721,forage_dynamic_simdrop,11.813140048443627,2.00444016421623,,73.3570740585626
CCC-721,forage_random_baseline,0.0,0.0,,92.06590581129353
CCD-722,forage_dynamic_simdrop,8.155729391675036,2.1646784261230256,,160.7017503313591
CCD-722,forage_random_baseline,0.0,0.0,,177.9940845685009
CCF-724,forage_dynamic_simdrop,11.416186165690041,2.0385692245137426,,90.8637421475504
CCF-724,forage_random_baseline,0.0,0.0,,110.47908697355226
CCH-726,forage_dynamic_simdrop,9.859295460672426,2.319579853248316,,122.06120073943437
CCH-726,forage_random_baseline,0.0,0.0,,141.16772224398346
CCL-730,forage_dynamic_simdrop,9.685581217393446,2.660079926612552,,124.8229408479376
CCL-730,forage_random_baseline,0.0,0.0,,147.3054492980697
CCX-744,forage_dynamic_simdrop,10.965288749361173,1.2432975715513621,,92.9802299405513
CCX-744,forage_random_baseline,0.0,0.0,,110.47908697355226
CDG-753,forage_dynamic_simdrop,7.565614798323799,3.1076563415190552,,124.50855121692248
CDG-753,forage_random_baseline,0.0,0.0,,147.3054492980697
CDH-754,forage_dynamic_simdrop,7.9654659591625805,2.6210742531575852,,76.9003146355903
CDH-754,forage_random_baseline,0.0,0.0,,85.92817875720729
CDM-759,forage_dynamic_simdrop,9.077808641616347,1.6880603532154272,,105.44195045468241
CDM-759,forage_random_baseline,0.0,0.0,,116.6168140276385
CDR-764,forage_dynamic_simdrop,7.677917719079088,0.8791427622540271,,102.84632706344954
CDR-764,forage_random_baseline,0.0,0.0,,110.47908697355226
CDU-767,forage_dynamic_simdrop,9.45856997109536,1.670135951330246,,102.16064129143962
CDU-767,forage_random_baseline,0.0,0.0,,116.6168140276385
SGO-159,forage_dynamic_simdrop,8.640829259763045,2.3846629994074457,,197.8868670643348
SGO-159,forage_random_baseline,0.0,0.0,,220.9581739471046
SIU-211,forage_dynamic_simdrop,8.971834217795774,2.5462630503130637,,128.05543470185373
SIU-211,forage_random_baseline,0.0,0.0,,147.3054492980697
SIZ-390,forage_dynamic_simdrop,8.820149437982218,1.356046060133841,,94.47642687754644
SIZ-390,forage_random_baseline,0.0,0.0,,104.34135991946602
SKE-234,forage_dynamic_simdrop,8.4164267748404,2.8341383121236317,,151.23485283815177
SKE-234,forage_random_baseline,0.0,0.0,,171.85635751441467
SMK-401,forage_dynamic_simdrop,9.211017856149148,2.5368406539868507,,124.30298854542586
SMK-401,forage_random_baseline,0.0,0.0,,147.3054492980697
SNI-300,forage_dynamic_simdrop,8.874287045713155,3.180692659100537,,95.25995632405025
SNI-300,forage_random_baseline,0.0,0.0,,110.47908697355226
SNR-308,forage_dynamic_simdrop,9.376053166825088,2.3033153860785682,,86.44020788851716
SNR-308,forage_random_baseline,0.0,0.0,,98.20363286537977
SNT-310,forage_dynamic_simdrop,10.388286427108353,2.899135959454351,,138.9793867930067
SNT-310,forage_random_baseline,0.0,0.0,,165.71863046032843
SNV-312,forage_dynamic_simdrop,11.27270140224852,2.209829051133935,,90.05457155313175
SNV-312,forage_random_baseline,0.0,0.0,,110.47908697355226
SNY-315,forage_dynamic_simdrop,9.300597363345938,1.2838333484192048,,109.5947264441327
SNY-315,forage_random_baseline,0.0,0.0,,122.75454108172474
SOE-320,forage_dynamic_simdrop,11.204466453939467,2.9194431361085673,,64.78418035482353
SOE-320,forage_random_baseline,0.0,0.0,,79.79045170312105
SOQ-329,forage_dynamic_simdrop,9.303683514094919,2.235779882935132,,123.53773123869288
SOQ-329,forage_random_baseline,0.0,0.0,,141.16772224398346
SOX-335,forage_dynamic_simdrop,10.5250199811447,1.9814843578570511,,56.77428899599324
SOX-335,forage_random_baseline,0.0,0.0,,67.51499759494857
SPA-338,forage_dynamic_simdrop,8.523801844456488,2.807535092954802,,89.60198617691766
SPA-338,forage_random_baseline,0.0,0.0,,104.34135991946602
SPC-340,forage_dynamic_simdrop,9.241450317242759,2.4791473984034504,,106.78384395408177
SPC-340,forage_random_baseline,0.0,0.0,,122.75454108172474
SPH-344,forage_dynamic_simdrop,9.889933436509407,2.483671819356057,,52.113417021328495
SPH-344,forage_random_baseline,0.0,0.0,,61.37727054086234
SPL-436,forage_dynamic_simdrop,9.38472434598401,2.3324898850510887,,88.60960397648262
SPL-436,forage_random_baseline,0.0,0.0,,104.34135991946602
SPV-450,forage_dynamic_simdrop,9.643657335217606,2.7397906848258176,,99.23706807458285
SPV-450,forage_random_baseline,0.0,0.0,,116.6168140276385
SPX-452,forage_dynamic_simdrop,8.513837789723016,3.0453836541020887,,113.63111363355071
SPX-452,forage_random_baseline,0.0,0.0,,135.02999518989722
SRF-483,forage_dynamic_simdrop,10.457350897895717,1.9264301892520346,,84.09746571381997
SRF-483,forage_random_baseline,0.0,0.0,,98.20363286537977
SRR-498,forage_dynamic_simdrop,9.723603640366338,1.7083445030469508,,97.67849883531987
SRR-498,forage_random_baseline,0.0,0.0,,110.47908697355226
SSG-520,forage_dynamic_simdrop,11.431461743612557,3.295255585950125,,71.10618660121962
SSG-520,forage_random_baseline,0.0,0.0,,98.20363286537977
SSZ-539,forage_dynamic_simdrop,9.39473964013884,1.776433636439084,,71.43621388292716
SSZ-539,forage_random_baseline,0.0,0.0,,79.79045170312105
SUG-544,forage_dynamic_simdrop,10.256160017709126,2.991916872468535,,75.96875692019395
SUG-544,forage_random_baseline,0.0,0.0,,92.06590581129353
SUT-556,forage_dynamic_simdrop,10.259245978260585,1.3493093367762705,,80.66701227467861
SUT-556,forage_random_baseline,0.0,0.0,,92.06590581129353
SUV-558,forage_dynamic_simdrop,7.740820611439546,2.639229410780918,,104.44348229070845
SUV-558,forage_random_baseline,0.0,0.0,,116.6168140276385
SVA-563,forage_dynamic_simdrop,7.7910119125254855,1.5213783826412912,,118.90216306226966
SVA-563,forage_random_baseline,0.0,0.0,,128.89226813581098
SVH-570,forage_dynamic_simdrop,8.649920682869723,2.3809000222074435,,82.716339474345
SVH-570,forage_random_baseline,0.0,0.0,,92.06590581129353
SVY-587,forage_dynamic_simdrop,8.09981617350546,2.9525487712636047,,100.56971059917736
SVY-587,forage_random_baseline,0.0,0.0,,116.6168140276385
SZA-781,forage_dynamic_simdrop,8.721419467209595,3.389941130236543,,88.39182227568742
SZA-781,forage_random_baseline,0.0,0.0,,104.34135991946602
