Subject,Model,Beta_Frequency,Beta_Semantic,Beta_Phonological,Negative_Log_Likelihood_Optimized
CAF-657,forage_static,8.54946455056187,1.3848940601408162,,162.6488232726568
CAF-657,forage_dynamic_simdrop,8.854301342962575,3.0010725077549427,,157.1463547874335
CAF-657,forage_phonologicalstatic,8.513829240556678,1.3556279226877863,0.027236013837563168,162.51175438608965
CAF-657,forage_phonologicaldynamicglobal_simdrop,8.82794645935755,2.9531029113363028,0.013977622465964444,157.1099799709322
CAF-657,forage_phonologicaldynamiclocal_simdrop,8.862224448453915,3.022055866667865,-0.006144557905475177,157.1411708237047
CAF-657,forage_phonologicaldynamicswitch_simdrop,8.809484626468207,2.999412718936173,0.07337109112724004,156.89277579208667
CAF-657,forage_random_baseline,0.0,0.0,,177.9940845685009
CAJ-663,forage_static,7.546836017351906,0.7999394512453806,,114.67140831852521
CAJ-663,forage_dynamic_simdrop,7.813844142460377,2.2015958982472723,,112.12582621198388
CAJ-663,forage_phonologicalstatic,7.421608684979666,0.7497720890078599,0.07718476098577731,113.89151928001026
CAJ-663,forage_phonologicaldynamicglobal_simdrop,7.668448535543334,2.0665044397216614,0.06929123653175279,111.50048336312126
CAJ-663,forage_phonologicaldynamiclocal_simdrop,7.654728793885801,2.0409983230511357,0.0830117277654293,111.46493177107791
CAJ-663,forage_phonologicaldynamicswitch_simdrop,7.808556428368514,2.201329030639603,0.03109044563477261,112.09351150298725
CAJ-663,forage_random_baseline,0.0,0.0,,122.75454108172474
CAM-666,forage_static,9.299929504652193,2.1019590617612303,,136.19065947926734
CAM-666,forage_dynamic_simdrop,9.101670216696977,3.0399216485841287,,134.3323199588347
CAM-666,forage_phonologicalstatic,9.368876191181574,2.1909333577177805,-0.03873950233291422,135.9781218273211
CAM-666,forage_phonologicaldynamicglobal_simdrop,9.169986628804034,3.1981095798134294,-0.04533719971165785,134.04691396678405
CAM-666,forage_phonologicaldynamiclocal_simdrop,9.12812517515395,3.105530132523779,-0.018847225296260223,134.295045759194
CAM-666,forage_phonologicaldynamicswitch_simdrop,9.109659832782626,3.040246267074691,-0.1353300487506089,133.79193461651204
CAM-666,forage_random_baseline,0.0,0.0,,153.44317635215594
CAP-671,forage_static,10.392161398251307,1.854500578994293,,101.00076538784965
CAP-671,forage_dynamic_simdrop,10.385527521263919,2.9163715490986797,,98.07684215229435
CAP-671,forage_phonologicalstatic,10.364194874017098,1.8230244478844302,0.015340823854974883,100.97264736086119
CAP-671,forage_phonologicaldynamicglobal_simdrop,10.388032185551012,2.9205085808485984,-0.0011567049745782765,98.07668605948028
CAP-671,forage_phonologicaldynamiclocal_simdrop,10.295002193323375,2.703910278682616,0.061389385924681864,97.73169834672201
CAP-671,forage_phonologicaldynamicswitch_simdrop,10.506708148261522,2.919479448567662,-2.2147815402653106,96.20860124376895
CAP-671,forage_random_baseline,0.0,0.0,,116.6168140276385
CAQ-672,forage_static,8.603058794689407,2.0165563561744935,,127.89969135483307
CAQ-672,forage_dynamic_simdrop,8.775525357746421,3.376783338163678,,126.21659168149068
CAQ-672,forage_phonologicalstatic,8.632868950821159,2.056861309095343,-0.019134870680509477,127.8490989073274
CAQ-672,forage_phonologicaldynamicglobal_simdrop,8.802838834372459,3.462294735970278,-0.02294688471844896,126.14463579887487
CAQ-672,forage_phonologicaldynamiclocal_simdrop,8.784462762011525,3.421195116803917,-0.012037751097274634,126.20294560855783
CAQ-672,forage_phonologicaldynamicswitch_simdrop,8.79607057887999,3.3788296271568248,-0.04685493599376744,126.12368873188959
CAQ-672,forage_random_baseline,0.0,0.0,,141.16772224398346
CAR-673,forage_static,8.742081327705208,2.7055002157439842,,124.77538027202823
CAR-673,forage_dynamic_simdrop,8.34470183205933,4.581205641248599,,121.18647680709292
CAR-673,forage_phonologicalstatic,8.933935451492166,2.879750855246516,-0.06021537241683313,124.29106465439222
CAR-673,forage_phonologicaldynamicglobal_simdrop,8.584361947272283,5.090208054483094,-0.08160808369944456,120.32131049543793
CAR-673,forage_phonologicaldynamiclocal_simdrop,8.63264923807351,5.541246803628947,-0.15192727518735485,119.64704956303899
CAR-673,forage_phonologicaldynamicswitch_simdrop,8.346098625882949,4.58121004158716,-0.0014295541221627495,121.18635372943375
CAR-673,forage_random_baseline,0.0,0.0,,141.16772224398346
CAS-674,forage_static,7.337682394604619,3.4228496073507784,,115.2936237206034
CAS-674,forage_dynamic_simdrop,7.101887014893896,4.824789690080692,,112.7976471404909
CAS-674,forage_phonologicalstatic,7.372878371436588,3.588423256092117,-0.04286980183625178,115.06002727997942
CAS-674,forage_phonologicaldynamicglobal_simdrop,7.111232617235704,5.14433929729736,-0.054058727305889814,112.44138690371989
CAS-674,forage_phonologicaldynamiclocal_simdrop,7.102845068443044,4.73540206521398,0.01580668630318811,112.77461355005292
CAS-674,forage_phonologicaldynamicswitch_simdrop,7.141026278847643,4.825247699647177,-2.4197155431897968,110.06782915419124
CAS-674,forage_random_baseline,0.0,0.0,,128.89226813581098
CAV-678,forage_static,6.637787811743478,2.0764075043126637,,161.23457759978794
CAV-678,forage_dynamic_simdrop,6.551850576087336,2.8635207614514515,,159.9270996527049
CAV-678,forage_phonologicalstatic,6.655386766692324,2.1015506743919734,-0.014484589363420444,161.19820343941706
CAV-678,forage_phonologicaldynamicglobal_simdrop,6.578432015823295,2.912206684292641,-0.017692227220647828,159.87328035043078
CAV-678,forage_phonologicaldynamiclocal_simdrop,6.532014716135909,2.8309924251958822,0.011745985148490177,159.90861793785186
CAV-678,forage_phonologicaldynamicswitch_simdrop,6.530926037123039,2.8623178146071035,-0.13977818005027334,159.34177988562055
CAV-678,forage_random_baseline,0.0,0.0,,171.85635751441467
CAY-681,forage_static,8.354372968474307,2.3289439016297355,,125.24554265503008
CAY-681,forage_dynamic_simdrop,8.706256067087251,3.4464171374954984,,123.13155867535394
CAY-681,forage_phonologicalstatic,8.59544053810162,2.5388555779196462,-0.08139548886090003,124.42017148969168
CAY-681,forage_phonologicaldynamicglobal_simdrop,8.893505129886947,3.7687081388040617,-0.082656453031833,122.27538338914363
CAY-681,forage_phonologicaldynamiclocal_simdrop,8.7866076887621,3.6832522404790313,-0.06191431057761284,122.76410305961925
CAY-681,forage_phonologicaldynamicswitch_simdrop,8.833713541896245,3.4518169745681218,-0.149898129987761,122.49009645910257
CAY-681,forage_random_baseline,0.0,0.0,,141.16772224398346
CBD-686,forage_static,8.984296239051377,2.846636499094907,,112.5031411349737
CBD-686,forage_dynamic_simdrop,8.408185587741428,4.126291357884453,,108.19869473897137
CBD-686,forage_phonologicalstatic,9.023719154076108,2.9055258682628637,-0.01703158950418129,112.46662639747434
CBD-686,forage_phonologicaldynamicglobal_simdrop,8.474044763009543,4.341127066245514,-0.04112126560985846,107.99815108731211
CBD-686,forage_phonologicaldynamiclocal_simdrop,8.475944930206941,4.346082001935149,-0.04205069614227235,108.05530356032271
CBD-686,forage_phonologicaldynamicswitch_simdrop,8.407723747774718,4.126295521819724,-0.03910619415245157,108.14131758988894
CBD-686,forage_random_baseline,0.0,0.0,,128.89226813581098
CBF-691,forage_static,8.420232933780468,2.1012207088878427,,105.4712003475842
CBF-691,forage_dynamic_simdrop,8.325707102163115,3.0904406400158977,,104.13145463027509
CBF-691,forage_phonologicalstatic,8.340114437035995,2.034120257128141,0.033199382833133236,105.33560833967542
CBF-691,forage_phonologicaldynamicglobal_simdrop,8.25881117215994,2.9981500732790187,0.025814446351145232,104.05050750530121
CBF-691,forage_phonologicaldynamiclocal_simdrop,8.197673736508643,2.7646773213720444,0.09635716320742359,103.29904829600699
CBF-691,forage_phonologicaldynamicswitch_simdrop,8.557228379954767,3.102383134920247,-0.19565234110444515,103.12937736855798
CBF-691,forage_random_baseline,0.0,0.0,,116.6168140276385
CBH-693,forage_static,8.371045472746053,2.6554810189014035,,130.6499478301971
CBH-693,forage_dynamic_simdrop,7.886289748263535,4.16263735164475,,126.00862228906499
CBH-693,forage_phonologicalstatic,8.185648352180136,2.3737512363725837,0.08621461913941944,129.48095449553995
CBH-693,forage_phonologicaldynamicglobal_simdrop,7.747067495270538,3.800030776873685,0.0673939334108796,125.32300540254539
CBH-693,forage_phonologicaldynamiclocal_simdrop,7.582856518170261,3.443729309874514,0.14281981798182727,124.0857240835225
CBH-693,forage_phonologicaldynamicswitch_simdrop,7.873632739752735,4.162889256239051,-0.07241829199169787,125.77146933932929
CBH-693,forage_random_baseline,0.0,0.0,,147.3054492980697
CBJ-697,forage_static,6.6433858097860075,1.2564412109960816,,133.64207104126257
CBJ-697,forage_dynamic_simdrop,6.805100980796531,2.309431740120782,,131.54737111821606
CBJ-697,forage_phonologicalstatic,6.723335594896888,1.2932135112936294,-0.04433000772677094,133.3812075735769
CBJ-697,forage_phonologicaldynamicglobal_simdrop,6.89623448731526,2.3917735210186786,-0.0481088333432129,131.23846480893795
CBJ-697,forage_phonologicaldynamiclocal_simdrop,6.853783032906682,2.363356034075652,-0.03151021894231166,131.44004400257592
CBJ-697,forage_phonologicaldynamicswitch_simdrop,6.846038880821174,2.312448798124687,-0.11677029653308575,131.20316937361233
CBJ-697,forage_random_baseline,0.0,0.0,,141.16772224398346
CBL-698,forage_static,6.039371907151485,3.3086902600797172,,112.17765179224412
CBL-698,forage_dynamic_simdrop,5.573222396440175,4.896857992959572,,106.0819179807416
CBL-698,forage_phonologicalstatic,6.061569560133851,3.345829440635089,-0.011072736389601783,112.16284912280629
CBL-698,forage_phonologicaldynamicglobal_simdrop,5.655923901654879,5.111339828524212,-0.04062922742701473,105.89765159196779
CBL-698,forage_phonologicaldynamiclocal_simdrop,5.763405430107652,5.281739152119491,-0.0716452849859728,105.65803887733917
CBL-698,forage_phonologicaldynamicswitch_simdrop,5.599404673427647,4.895878003772929,0.0442434889070726,106.01924384146898
CBL-698,forage_random_baseline,0.0,0.0,,122.75454108172474
CBM-702,forage_static,7.202150812964041,2.2289732164644938,,153.94067159225312
CBM-702,forage_dynamic_simdrop,7.213855088181835,3.694824827001696,,149.78970617849274
CBM-702,forage_phonologicalstatic,7.160186019705525,2.0178963853250416,0.10270210028961778,152.0539903402728
CBM-702,forage_phonologicaldynamicglobal_simdrop,7.123939993761978,3.313470664492064,0.0893707623676718,148.39926383118677
CBM-702,forage_phonologicaldynamiclocal_simdrop,7.197836330430204,3.621805335410051,0.01634823457540702,149.75685399762514
CBM-702,forage_phonologicaldynamicswitch_simdrop,7.182913795517514,3.6935488977861435,0.3276146287156044,145.79165634822488
CBM-702,forage_random_baseline,0.0,0.0,,165.71863046032843
CBP-707,forage_static,8.991736554134897,2.9412395235969395,,150.28183837087397
CBP-707,forage_dynamic_simdrop,8.452600945262757,4.02293717850039,,147.9054353124639
CBP-707,forage_phonologicalstatic,9.174012528399205,3.2425531700000603,-0.08066651674494797,149.2812479732208
CBP-707,forage_phonologicaldynamicglobal_simdrop,8.626058043962065,4.57178022184222,-0.0955295318465189,146.57152222775656
CBP-707,forage_phonologicaldynamiclocal_simdrop,8.593416118039846,4.458001281843518,-0.07611677217737986,147.2865306825636
CBP-707,forage_phonologicaldynamicswitch_simdrop,8.446396434104166,4.022997670001358,-0.15595006265943873,147.04318650668833
CBP-707,forage_random_baseline,0.0,0.0,,171.85635751441467
CBS-711,forage_static,7.033918514735244,2.4478487296808717,,136.35857304468334
CBS-711,forage_dynamic_simdrop,6.785426111322645,2.861256366619739,,136.36583928523626
CBS-711,forage_phonologicalstatic,7.058730876746718,2.482070307396376,-0.012649010066439632,136.33508028301011
CBS-711,forage_phonologicaldynamicglobal_simdrop,6.8104810981440345,2.909121806992155,-0.014156631048699419,136.33659805146166
CBS-711,forage_phonologicaldynamiclocal_simdrop,6.812975789152547,2.911941516451411,-0.01497723298321452,136.34051944108262
CBS-711,forage_phonologicaldynamicswitch_simdrop,6.784600432956213,2.8612209252293628,-0.01136288875136366,136.36157818377922
CBS-711,forage_random_baseline,0.0,0.0,,147.3054492980697
CBW-715,forage_static,8.32406705373985,3.596144459638574,,94.97757802457191
CBW-715,forage_dynamic_simdrop,7.793805533328253,4.257670508180018,,94.57766962658641
CBW-715,forage_phonologicalstatic,8.317830111327542,3.574581291930516,0.0044583653063966795,94.97549924773946
CBW-715,forage_phonologicaldynamicglobal_simdrop,7.798119402642224,4.290939025362782,-0.005105904416062479,94.57507431298681
CBW-715,forage_phonologicaldynamiclocal_simdrop,7.809405199252487,4.495543873094724,-0.035838966182938116,94.4925416866136
CBW-715,forage_phonologicaldynamicswitch_simdrop,7.764137944029866,4.258605057127708,0.05848741820275358,94.46408221041553
CBW-715,forage_random_baseline,0.0,0.0,,110.47908697355226
CCB-720,forage_static,7.065834518899304,0.9144677519172983,,81.12663869411573
CCB-720,forage_dynamic_simdrop,7.32149010003552,1.986053556218297,,79.79656239527915
CCB-720,forage_phonologicalstatic,7.1326045572828,0.8665081471226618,0.0824787994215814,80.54028551660673
CCB-720,forage_phonologicaldynamicglobal_simdrop,7.3471525057684985,1.8625710429733977,0.07578555264881398,79.29869499528935
CCB-720,forage_phonologicaldynamiclocal_simdrop,7.326795893130948,2.0381682929934333,-0.03483680163711008,79.72680002154728
CCB-720,forage_phonologicaldynamicswitch_simdrop,7.521951654524119,2.0004419343660977,0.6942193390903519,75.90602664419926
CCB-720,forage_random_baseline,0.0,0.0,,85.92817875720729
CCC-721,forage_static,12.460568045827257,2.2289651962818766,,73.02992080778091
CCC-721,forage_dynamic_simdrop,12.014384627130683,3.070693047703212,,71.20347482323234
CCC-721,forage_phonologicalstatic,12.733488268562537,2.413143771632871,-0.06627776276277092,72.6932921628124
CCC-721,forage_phonologicaldynamicglobal_simdrop,12.3764717925348,3.4626422785163857,-0.09394176579869563,70.59029169677922
CCC-721,forage_phonologicaldynamiclocal_simdrop,12.311948254558962,3.511132370585388,-0.10513156075349213,70.66942040733483
CCC-721,forage_phonologicaldynamicswitch_simdrop,12.083432820677638,3.0710513299856093,-0.06544725828159481,71.10832463598028
CCC-721,forage_random_baseline,0.0,0.0,,92.06590581129353
CCD-722,forage_static,7.672804523791239,1.1151987181545557,,165.5181857746213
CCD-722,forage_dynamic_simdrop,7.869538870662819,2.8816842342870417,,159.6974797552206
CCD-722,forage_phonologicalstatic,7.6966408159934705,1.1426002841039558,-0.029640729103129496,165.36402780200652
CCD-722,forage_phonologicaldynamicglobal_simdrop,7.915992276682725,3.0019607155024572,-0.04256085693266795,159.38040175288256
CCD-722,forage_phonologicaldynamiclocal_simdrop,7.879403704313622,2.916814250706171,-0.012459003265188144,159.67731562172958
CCD-722,forage_phonologicaldynamicswitch_simdrop,7.902239626983608,2.8828514571836292,-0.13024041966879196,158.96756841308536
CCD-722,forage_random_baseline,0.0,0.0,,177.9940845685009
CCF-724,forage_static,11.243836083723778,2.220704933505575,,91.43481911207132
CCF-724,forage_dynamic_simdrop,11.201094894998947,3.017447690503579,,89.12545228380539
CCF-724,forage_phonologicalstatic,11.196610139733155,2.1598494751565975,0.02269723953586434,91.37653810478137
CCF-724,forage_phonologicaldynamicglobal_simdrop,11.179313121064027,2.9800089706855233,0.010191243967138643,89.11398966816748
CCF-724,forage_phonologicaldynamiclocal_simdrop,11.186624120761104,2.9879774622217297,0.00803714668883811,89.1195189799326
CCF-724,forage_phonologicaldynamicswitch_simdrop,11.194034144810175,3.0172525278587066,0.02059029184960213,89.117453244816
CCF-724,forage_random_baseline,0.0,0.0,,110.47908697355226
CCH-726,forage_static,9.51310156029647,1.9294486901499497,,123.86726615154438
CCH-726,forage_dynamic_simdrop,9.738742361103924,3.0675792688382777,,121.46933842643784
CCH-726,forage_phonologicalstatic,9.566621134787441,1.9787476151811572,-0.023952975697224346,123.79137417492115
CCH-726,forage_phonologicaldynamicglobal_simdrop,9.850752812331972,3.2055249502257523,-0.0363195933055992,121.293816211178
CCH-726,forage_phonologicaldynamiclocal_simdrop,9.892146013408352,3.330851972504012,-0.07042939590134605,121.00507580590175
CCH-726,forage_phonologicaldynamicswitch_simdrop,9.687811412383043,3.0657789422143162,0.054220471883134905,121.36647610151721
CCH-726,forage_random_baseline,0.0,0.0,,141.16772224398346
CCL-730,forage_static,9.54180045617896,2.138185708542135,,129.1146129696515
CCL-730,forage_dynamic_simdrop,9.79228451205838,3.615254871855442,,123.82874765229805
CCL-730,forage_phonologicalstatic,9.648121811924678,2.2959592897323207,-0.06512536956477338,128.58147784313104
CCL-730,forage_phonologicaldynamicglobal_simdrop,9.993113815687984,4.113294206509481,-0.09415491065122349,122.75027305637207
CCL-730,forage_phonologicaldynamiclocal_simdrop,9.926539759609252,4.044331842933397,-0.08154973819862756,123.17098918134428
CCL-730,forage_phonologicaldynamicswitch_simdrop,9.85536621107777,3.6162211653688887,-0.14565455179734066,123.34054739225047
CCL-730,forage_random_baseline,0.0,0.0,,147.3054492980697
CCX-744,forage_static,10.929941142342761,0.7717140462901481,,94.39591067988412
CCX-744,forage_dynamic_simdrop,10.926590802691122,1.8184286209732867,,92.28921138263438
CCX-744,forage_phonologicalstatic,10.79927449359864,0.7062946908256054,0.06810734169528307,93.87919765852054
CCX-744,forage_phonologicaldynamicglobal_simdrop,10.808418231157171,1.7032027391872098,0.05591237439763782,91.95149006254158
CCX-744,forage_phonologicaldynamiclocal_simdrop,10.828195540201886,1.6427533877688114,0.0881333397893185,91.70931082455017
CCX-744,forage_phonologicaldynamicswitch_simdrop,10.94106995584675,1.8186444064454337,-0.016225626001269547,92.280609735116
CCX-744,forage_random_baseline,0.0,0.0,,110.47908697355226
CDG-753,forage_static,7.541965326323981,2.7315656677835833,,130.47094863687096
CDG-753,forage_dynamic_simdrop,7.148693504156555,4.207580200809739,,124.544500580604
CDG-753,forage_phonologicalstatic,7.647637751085673,2.843404194032627,-0.039151295493956115,130.2572794002313
CDG-753,forage_phonologicaldynamicglobal_simdrop,7.326252217844331,4.596899297809182,-0.07232060763093734,123.86632664088384
CDG-753,forage_phonologicaldynamiclocal_simdrop,7.231963928846832,4.412683895906055,-0.03854940403937992,124.39771232593507
CDG-753,forage_phonologicaldynamicswitch_simdrop,7.185720964345807,4.205811860772275,-0.18564445922591316,123.57487201484514
CDG-753,forage_random_baseline,0.0,0.0,,147.3054492980697
CDH-754,forage_static,7.9890920402253975,3.7375905238778224,,73.73133640247211
CDH-754,forage_dynamic_simdrop,8.300069429785722,5.17205390673178,,73.37654410995802
CDH-754,forage_phonologicalstatic,7.94914653105217,3.4496499894704273,0.06800725614952108,73.31777556520716
CDH-754,forage_phonologicaldynamicglobal_simdrop,8.303447162032208,4.762076168922511,0.07165621894323497,72.93017796523385
CDH-754,forage_phonologicaldynamiclocal_simdrop,8.304791382300794,5.103492194967872,0.011335053216327298,73.3690153386292
CDH-754,forage_phonologicaldynamicswitch_simdrop,8.209025087980846,5.16545167118801,0.21144763747393655,72.23074758465086
CDH-754,forage_random_baseline,0.0,0.0,,85.92817875720729
CDM-759,forage_static,8.859758604495507,1.2234858444108374,,106.3630899074293
CDM-759,forage_dynamic_simdrop,8.974195442214805,2.310559886887286,,104.93086669171748
CDM-759,forage_phonologicalstatic,8.820969759355425,1.20434735211965,0.02855190280550449,106.26886986943136
CDM-759,forage_phonologicaldynamicglobal_simdrop,8.930887014269507,2.260826061512232,0.02444043710147289,104.86088871714831
CDM-759,forage_phonologicaldynamiclocal_simdrop,8.825334860246,2.082282117759411,0.10809075166308038,103.99629794114007
CDM-759,forage_phonologicaldynamicswitch_simdrop,9.07854900840638,2.319297016484702,-0.19070958723900738,103.94074196954001
CDM-759,forage_random_baseline,0.0,0.0,,116.6168140276385
CDR-764,forage_static,7.11521945482162,-0.0621584595457036,,103.55882569128687
CDR-764,forage_dynamic_simdrop,7.361430865669303,0.5312040538841447,,103.33336490529378
CDR-764,forage_phonologicalstatic,7.2041354262805495,-0.03573798156454331,-0.06668224558635685,103.16091465208025
CDR-764,forage_phonologicaldynamicglobal_simdrop,7.464494101595145,0.5756877288408511,-0.06920445239871624,102.9048467762761
CDR-764,forage_phonologicaldynamiclocal_simdrop,7.39645175465953,0.5584829160242643,-0.04493580864524263,103.20583692571007
CDR-764,forage_phonologicaldynamicswitch_simdrop,7.440016518378669,0.5360342983655063,-0.12419897989192884,102.92503293549137
CDR-764,forage_random_baseline,0.0,0.0,,110.47908697355226
CDU-767,forage_static,9.297732156959762,0.8526661742007626,,104.6806427179265
CDU-767,forage_dynamic_simdrop,9.594986553354136,1.9987785047151283,,102.93036677818026
CDU-767,forage_phonologicalstatic,9.502570365349431,0.9385086628814999,-0.08942542707856242,103.92399349942268
CDU-767,forage_phonologicaldynamicglobal_simdrop,9.805336829640733,2.1612330922081497,-0.09277575087618567,102.09339288824216
CDU-767,forage_phonologicaldynamiclocal_simdrop,9.670255617490009,2.1109156923703822,-0.06364007158534458,102.63346636111116
CDU-767,forage_phonologicaldynamicswitch_simdrop,9.76030157061334,2.008537071714297,-0.16892331778073466,102.20502663657923
CDU-767,forage_random_baseline,0.0,0.0,,116.6168140276385
SGO-159,forage_static,8.446564811718538,2.2125680119376177,,198.5802580167403
SGO-159,forage_dynamic_simdrop,8.401524475990472,3.392325614937797,,195.97565647598202
SGO-159,forage_phonologicalstatic,8.43395906415776,2.191982304187739,0.009995566155896479,198.5577652607291
SGO-159,forage_phonologicaldynamicglobal_simdrop,8.396100142005594,3.376748292195175,0.003927162365151464,195.97215363376117
SGO-159,forage_phonologicaldynamiclocal_simdrop,8.43439405718435,3.524639294950656,-0.03346243004243308,195.80797869197087
SGO-159,forage_phonologicaldynamicswitch_simdrop,8.373173169936441,3.3912913562664233,0.08249059757876365,195.47985410062367
SGO-159,forage_random_baseline,0.0,0.0,,220.9581739471046
SIU-211,forage_static,8.995281039221531,2.3013120415416806,,131.57459461545608
SIU-211,forage_dynamic_simdrop,8.829506706635126,3.265203480916966,,127.74271053213198
SIU-211,forage_phonologicalstatic,8.85793148287743,2.0174253874600887,0.10183830246373438,129.94384512061606
SIU-211,forage_phonologicaldynamicglobal_simdrop,8.714711746079091,2.905246392830517,0.08895934242589,126.53471868794857
SIU-211,forage_phonologicaldynamiclocal_simdrop,8.730642268492126,3.007611511426318,0.06253980282084692,127.28261321177371
SIU-211,forage_phonologicaldynamicswitch_simdrop,8.867890407509169,3.265559491958634,0.17593953891787628,126.63406357746769
SIU-211,forage_random_baseline,0.0,0.0,,147.3054492980697
SIZ-390,forage_static,8.629137509886096,1.333239770438068,,94.5155823450516
SIZ-390,forage_dynamic_simdrop,8.5727859397436,1.7179936159640545,,94.09489828230295
SIZ-390,forage_phonologicalstatic,8.550646087535121,1.2807001567635456,0.030970202882269485,94.41821282901746
SIZ-390,forage_phonologicaldynamicglobal_simdrop,8.50693364568048,1.6607453175084959,0.030192509133543877,94.00238520205404
SIZ-390,forage_phonologicaldynamiclocal_simdrop,8.428680614002364,1.5753428549853081,0.07490552299115963,93.62543258508974
SIZ-390,forage_phonologicaldynamicswitch_simdrop,8.59725393372869,1.7191096251451912,-1.8110377850666521,93.13257920938605
SIZ-390,forage_random_baseline,0.0,0.0,,104.34135991946602
SKE-234,forage_static,8.45782323672195,3.157253695215957,,150.0814336962316
SKE-234,forage_dynamic_simdrop,8.03513818863075,4.330607885158299,,147.4457838799057
SKE-234,forage_phonologicalstatic,8.413902248215182,3.0575347054833273,0.027806203820296766,149.94112627863385
SKE-234,forage_phonologicaldynamicglobal_simdrop,8.010542049397001,4.238160751154429,0.01721560376137647,147.39365400336462
SKE-234,forage_phonologicaldynamiclocal_simdrop,8.022967359413038,4.2711419325227595,0.011014046256533804,147.4317847833816
SKE-234,forage_phonologicaldynamicswitch_simdrop,8.025651103669997,4.330680895699485,0.02896390880256963,147.39477264781564
SKE-234,forage_random_baseline,0.0,0.0,,171.85635751441467
SMK-401,forage_static,9.411460558977133,2.424187229175463,,127.812325042155
SMK-401,forage_dynamic_simdrop,8.999271370407216,3.389056933430405,,124.81206911362402
SMK-401,forage_phonologicalstatic,9.317832546604247,2.2812595054927285,0.05661530961868286,127.32693363949684
SMK-401,forage_phonologicaldynamicglobal_simdrop,8.928858716814943,3.215062909785787,0.042113625064415246,124.54838674482235
SMK-401,forage_phonologicaldynamiclocal_simdrop,8.963189051910572,3.229988859730156,0.03834790392903647,124.65206634436362
SMK-401,forage_phonologicaldynamicswitch_simdrop,8.96056657959266,3.389558055739493,0.05226623621273702,124.70311762747723
SMK-401,forage_random_baseline,0.0,0.0,,147.3054492980697
SNI-300,forage_static,8.531370211512293,3.164018505349129,,96.05593152592209
SNI-300,forage_dynamic_simdrop,8.798416150523089,4.481755659047691,,93.81386969363291
SNI-300,forage_phonologicalstatic,8.303922434530138,2.8744035463899347,0.07933689722639835,95.35438164139764
SNI-300,forage_phonologicaldynamicglobal_simdrop,8.643488158184542,4.100743427410986,0.07304314821357555,93.22224455680245
SNI-300,forage_phonologicaldynamiclocal_simdrop,8.670617581614321,4.1183062251172196,0.06956899199750533,93.40003185529362
SNI-300,forage_phonologicaldynamicswitch_simdrop,8.77367722272843,4.48090369730291,0.08385718350257654,93.63272844013747
SNI-300,forage_random_baseline,0.0,0.0,,110.47908697355226
SNR-308,forage_static,9.039036922321852,2.773214966145564,,85.05026319663263
SNR-308,forage_dynamic_simdrop,8.895591867721743,3.326786394026503,,84.93999422274544
SNR-308,forage_phonologicalstatic,8.901727369534854,2.595299588200983,0.0508722963021272,84.79395544467984
SNR-308,forage_phonologicaldynamicglobal_simdrop,8.771057623064939,3.117549107377118,0.055103420739909786,84.64376329904458
SNR-308,forage_phonologicaldynamiclocal_simdrop,8.70398725076383,3.0252743283179346,0.08104885602817202,84.47206853109884
SNR-308,forage_phonologicaldynamicswitch_simdrop,8.892352313640083,3.3266857484303065,-0.020103272952267555,84.93110422205967
SNR-308,forage_random_baseline,0.0,0.0,,98.20363286537977
SNT-310,forage_static,9.975850710214942,2.375200777212539,,142.59525736590692
SNT-310,forage_dynamic_simdrop,10.13939871727325,4.114762156734224,,138.40883802145365
SNT-310,forage_phonologicalstatic,9.922694548321724,2.302389885840301,0.027509229367297116,142.46537266209165
SNT-310,forage_phonologicaldynamicglobal_simdrop,10.116823977966776,4.062551233317215,0.009250497837368166,138.39450381719473
SNT-310,forage_phonologicaldynamiclocal_simdrop,10.147254632092407,4.139587154399805,-0.004378191213491246,138.4067769000882
SNT-310,forage_phonologicaldynamicswitch_simdrop,10.117044942047546,4.114085024808275,0.03383066606487446,138.34005680892977
SNT-310,forage_random_baseline,0.0,0.0,,165.71863046032843
SNV-312,forage_static,11.780368560264165,2.706245072358675,,89.24283796994409
SNV-312,forage_dynamic_simdrop,11.18038627524783,3.238778625132466,,88.46234166096869
SNV-312,forage_phonologicalstatic,11.820774882616675,2.767179713798751,-0.016752514146951874,89.21420838964313
SNV-312,forage_phonologicaldynamicglobal_simdrop,11.229329789956372,3.3575142609321844,-0.026107859540206068,88.3954908555172
SNV-312,forage_phonologicaldynamiclocal_simdrop,11.42756109473804,3.8447027866351995,-0.12963011482235326,87.49997063014877
SNV-312,forage_phonologicaldynamicswitch_simdrop,11.17772113155093,3.238774070028478,0.15554470872655057,87.62006654625505
SNV-312,forage_random_baseline,0.0,0.0,,110.47908697355226
SNY-315,forage_static,9.61844160289207,1.9480726049384607,,107.45099914551277
SNY-315,forage_dynamic_simdrop,9.243593347287291,1.9178781617004688,,108.52859315262036
SNY-315,forage_phonologicalstatic,9.596328256006611,1.8833478479047345,0.03425368073217731,107.30609597088234
SNY-315,forage_phonologicaldynamicglobal_simdrop,9.219015926318512,1.8502179639087042,0.03325012437989632,108.39341735197675
SNY-315,forage_phonologicaldynamiclocal_simdrop,9.229194537561872,1.8251626884709928,0.04575743788228991,108.3439687066574
SNY-315,forage_phonologicaldynamicswitch_simdrop,9.242988604851742,1.9178621110248253,0.0013956788249644846,108.52852603716582
SNY-315,forage_random_baseline,0.0,0.0,,122.75454108172474
SOE-320,forage_static,11.030288053044764,3.16480759400672,,64.89331760462403
SOE-320,forage_dynamic_simdrop,10.877168546648178,4.476762512601823,,63.43081408278041
SOE-320,forage_phonologicalstatic,12.134122966692296,4.302455394948789,-0.30648328233281014,60.840701785935394
SOE-320,forage_phonologicaldynamicglobal_simdrop,11.818452073383444,6.3992948736114,-0.33994919600886336,58.905132985878566
SOE-320,forage_phonologicaldynamiclocal_simdrop,11.782072974001352,6.312399311515328,-0.3221622127309678,59.95322801150009
SOE-320,forage_phonologicaldynamicswitch_simdrop,10.872074513486757,4.476643265874117,-2.270191789420565,62.27875749587429
SOE-320,forage_random_baseline,0.0,0.0,,79.79045170312105
SOQ-329,forage_static,9.324525494884888,1.8282154773662889,,125.84759756732683
SOQ-329,forage_dynamic_simdrop,9.270978772584813,2.9537524158451762,,123.58454011931472
SOQ-329,forage_phonologicalstatic,9.158297702906907,1.6010530636136648,0.12163084783565677,123.65084395020843
SOQ-329,forage_phonologicaldynamicglobal_simdrop,9.149781379198172,2.611474849180286,0.11809123782652539,121.55270994851229
SOQ-329,forage_phonologicaldynamiclocal_simdrop,9.188812522248458,2.807809440230892,0.04786751562864651,123.35166534125725
SOQ-329,forage_phonologicaldynamicswitch_simdrop,9.483747677310681,2.963066998113575,0.2715295482332866,120.23620589569923
SOQ-329,forage_random_baseline,0.0,0.0,,141.16772224398346
SOX-335,forage_static,10.597835025902308,1.6250050952903128,,58.09556022457408
SOX-335,forage_dynamic_simdrop,10.39235456607173,2.990343267443005,,55.460240214971236
SOX-335,forage_phonologicalstatic,10.405374794358428,1.4980027991276417,0.05599749737007163,57.88077322007625
SOX-335,forage_phonologicaldynamicglobal_simdrop,10.291083719833123,2.8724675925885315,0.02878223272970014,55.40507952340439
SOX-335,forage_phonologicaldynamiclocal_simdrop,10.289014616904014,2.8158932897980704,0.042653318256315555,55.363552622609674
SOX-335,forage_phonologicaldynamicswitch_simdrop,10.41770358364094,2.9897644205374694,-0.023527716722721602,55.452215976403565
SOX-335,forage_random_baseline,0.0,0.0,,67.51499759494857
SPA-338,forage_static,8.708398141366388,2.662784549228491,,90.69548163210591
SPA-338,forage_dynamic_simdrop,8.28021664624057,4.209465760390895,,88.57055616292892
SPA-338,forage_phonologicalstatic,8.596422303685681,2.521270775372516,0.04187376362104495,90.5169798063091
SPA-338,forage_phonologicaldynamicglobal_simdrop,8.233607275177457,4.049233961589747,0.03520759556040476,88.44962954415608
SPA-338,forage_phonologicaldynamiclocal_simdrop,8.225057778281807,3.8925999261190265,0.07150235569477467,88.27114717003606
SPA-338,forage_phonologicaldynamicswitch_simdrop,8.28993826737874,4.209086585049892,-0.02098230574049458,88.55462183855559
SPA-338,forage_random_baseline,0.0,0.0,,104.34135991946602
SPC-340,forage_static,9.39898788427825,2.407639852317539,,107.42778909413383
SPC-340,forage_dynamic_simdrop,9.068221589555836,3.832761484761044,,104.53183744277948
SPC-340,forage_phonologicalstatic,9.308875389200264,2.299916914800223,0.03394131262543656,107.2833688172401
SPC-340,forage_phonologicaldynamicglobal_simdrop,9.015055306723127,3.7229291668566646,0.021479246404831,104.47623023210028
SPC-340,forage_phonologicaldynamiclocal_simdrop,9.198789105895028,4.08815385158637,-0.04745309044937439,104.36701157087899
SPC-340,forage_phonologicaldynamicswitch_simdrop,9.09575419301798,3.832658743501021,0.13133322782251072,103.71724589213271
SPC-340,forage_random_baseline,0.0,0.0,,122.75454108172474
SPH-344,forage_static,10.367089075650952,3.1545240166717186,,51.11325442226608
SPH-344,forage_dynamic_simdrop,9.836262190858372,4.100626224220832,,50.86717524381275
SPH-344,forage_phonologicalstatic,10.449452360184136,3.272777000545965,-0.02928675832022396,51.06440764835725
SPH-344,forage_phonologicaldynamicglobal_simdrop,9.857110375834157,4.230284553944172,-0.02510704997081306,50.83355201159889
SPH-344,forage_phonologicaldynamiclocal_simdrop,9.798203481889301,3.9893999911052473,0.022375250463281093,50.84627085803161
SPH-344,forage_phonologicaldynamicswitch_simdrop,9.692420508985066,4.102612449329232,-2.2272233307684717,50.21129768033888
SPH-344,forage_random_baseline,0.0,0.0,,61.37727054086234
SPL-436,forage_static,9.613882659406269,2.1838835182043623,,90.7581532234962
SPL-436,forage_dynamic_simdrop,9.086462048067261,3.2582693005583803,,87.77876643527989
SPL-436,forage_phonologicalstatic,9.510870528872466,1.9657381039775261,0.0727869696689823,90.1823455745969
SPL-436,forage_phonologicaldynamicglobal_simdrop,9.000716966550456,3.0059936755580123,0.05369071171230892,87.48202042932678
SPL-436,forage_phonologicaldynamiclocal_simdrop,8.997204224732831,3.0614892407210244,0.041616448688482674,87.64274637827208
SPL-436,forage_phonologicaldynamicswitch_simdrop,9.140839106405416,3.256624494150819,0.09350086132969988,87.56627172734035
SPL-436,forage_random_baseline,0.0,0.0,,104.34135991946602
SPV-450,forage_static,9.99286874347429,3.0242296526259733,,99.06733941528252
SPV-450,forage_dynamic_simdrop,9.464692285668242,4.0967676576851035,,97.83587522241872
SPV-450,forage_phonologicalstatic,10.274958727010514,3.431515021762254,-0.12067111908669831,97.71720267838423
SPV-450,forage_phonologicaldynamicglobal_simdrop,9.725821627971374,4.868515111342804,-0.13294926969403031,96.21913720309205
SPV-450,forage_phonologicaldynamiclocal_simdrop,9.747329071683582,5.196379341919866,-0.19054341160737806,95.79651979574949
SPV-450,forage_phonologicaldynamicswitch_simdrop,9.474502791343724,4.096694608955377,-0.03233988469243992,97.8012874537535
SPV-450,forage_random_baseline,0.0,0.0,,116.6168140276385
SPX-452,forage_static,8.954887159348429,3.276054167754616,,114.6889459723665
SPX-452,forage_dynamic_simdrop,8.390098225619663,4.545318143199384,,110.43326828484462
SPX-452,forage_phonologicalstatic,9.095745372332482,3.5282802035826775,-0.05629438200901132,114.3114885033646
SPX-452,forage_phonologicaldynamicglobal_simdrop,8.526586750451544,5.02386384424461,-0.08183130716580832,109.71227640328352
SPX-452,forage_phonologicaldynamiclocal_simdrop,8.87399354192026,5.830017067912477,-0.2083293583504649,107.52895506191442
SPX-452,forage_phonologicaldynamicswitch_simdrop,8.44411229045096,4.543372308081611,0.14834151773432305,109.49351779393585
SPX-452,forage_random_baseline,0.0,0.0,,135.02999518989722
SRF-483,forage_static,10.245953733091271,1.9985482425364614,,84.50222936183533
SRF-483,forage_dynamic_simdrop,10.452179062634789,3.0165728047167777,,82.62057904541015
SRF-483,forage_phonologicalstatic,10.731740665680276,2.327851203407542,-0.14227850056913807,82.92342552105846
SRF-483,forage_phonologicaldynamicglobal_simdrop,11.051982255166411,3.5861906720948977,-0.1526345289512914,80.80371953903116
SRF-483,forage_phonologicaldynamiclocal_simdrop,10.806576134141718,3.4308941402362323,-0.11172721532737043,81.76085030348882
SRF-483,forage_phonologicaldynamicswitch_simdrop,10.671005385707776,3.024331372485174,-2.0092506072715355,80.84964607406697
SRF-483,forage_random_baseline,0.0,0.0,,98.20363286537977
SRR-498,forage_static,9.454637746628272,1.452437125735631,,98.53358968717232
SRR-498,forage_dynamic_simdrop,9.499391374374202,2.6288889163341467,,96.42047929054054
SRR-498,forage_phonologicalstatic,9.44418836828496,1.48009268041472,-0.03283775155604182,98.43116743561878
SRR-498,forage_phonologicaldynamicglobal_simdrop,9.500112567218329,2.7618729591860176,-0.04493345060513563,96.23079602420486
SRR-498,forage_phonologicaldynamiclocal_simdrop,9.494616754281681,2.787968076744467,-0.05406658189303615,96.21404564633086
SRR-498,forage_phonologicaldynamicswitch_simdrop,9.501331619902738,2.628964962286457,-0.016678775942696043,96.41397218653788
SRR-498,forage_random_baseline,0.0,0.0,,110.47908697355226
SSG-520,forage_static,11.977939817665689,4.259544303103405,,70.03233010808431
SSG-520,forage_dynamic_simdrop,11.289105035343624,4.97101127391889,,69.40056006538647
SSG-520,forage_phonologicalstatic,12.32215318449728,5.102506498335549,-0.13143461180505125,68.72876121054503
SSG-520,forage_phonologicaldynamicglobal_simdrop,11.639629712836328,6.291937042093906,-0.16363833356363475,67.65128260626074
SSG-520,forage_phonologicaldynamiclocal_simdrop,11.533472556620247,5.971867892573151,-0.12669823355312193,68.54980321678396
SSG-520,forage_phonologicaldynamicswitch_simdrop,11.346829081441495,4.969802874591378,-2.322871648128173,67.98632729047371
SSG-520,forage_random_baseline,0.0,0.0,,98.20363286537977
SSZ-539,forage_static,9.435076764808997,3.1963804257397026,,68.20660619136316
SSZ-539,forage_dynamic_simdrop,9.420908229897302,4.7106137321294534,,66.1655006744968
SSZ-539,forage_phonologicalstatic,9.766314394693355,3.981187099022664,-0.18658648852363585,66.24796459962558
SSZ-539,forage_phonologicaldynamicglobal_simdrop,9.751821786224943,6.259036421546969,-0.2239485138812511,63.58667969426909
SSZ-539,forage_phonologicaldynamiclocal_simdrop,9.664614805505236,6.10711841555685,-0.20175062119927908,64.364349277539
SSZ-539,forage_phonologicaldynamicswitch_simdrop,9.498580831642496,4.711106334779662,-2.3568112582516894,65.16539973753109
SSZ-539,forage_random_baseline,0.0,0.0,,79.79045170312105
SUG-544,forage_static,10.13862760584915,3.0261300283218766,,77.75967429926564
SUG-544,forage_dynamic_simdrop,10.020595373662115,4.391651890365432,,74.54773716007541
SUG-544,forage_phonologicalstatic,10.034210353183958,2.897813806599345,0.03750377143499515,77.62809461663524
SUG-544,forage_phonologicaldynamicglobal_simdrop,9.98281064550826,4.311288328248535,0.015647552469571835,74.52629099824013
SUG-544,forage_phonologicaldynamiclocal_simdrop,10.070834979738308,4.535071050026123,-0.027240042064513123,74.49855207713439
SUG-544,forage_phonologicaldynamicswitch_simdrop,9.938223021652783,4.390161963696635,0.1592885732249333,74.04340055071393
SUG-544,forage_random_baseline,0.0,0.0,,92.06590581129353
SUT-556,forage_static,10.257157768745097,1.6893312268905423,,79.83776243830037
SUT-556,forage_dynamic_simdrop,10.307742592791072,2.5758592256933057,,78.43965904990982
SUT-556,forage_phonologicalstatic,10.426299272225059,1.8692991466765256,-0.11466607398233873,78.8720153731687
SUT-556,forage_phonologicaldynamicglobal_simdrop,10.57030610784435,2.999490620969965,-0.12555677701248558,77.27236556960551
SUT-556,forage_phonologicaldynamiclocal_simdrop,10.42629859534104,2.977792845822403,-0.12095838219761901,77.64307859830998
SUT-556,forage_phonologicaldynamicswitch_simdrop,10.453327637363106,2.5809920738042216,-0.1350999821818474,78.07022676849043
SUT-556,forage_random_baseline,0.0,0.0,,92.06590581129353
SUV-558,forage_static,7.646315878117895,3.017544330376167,,104.19799808590825
SUV-558,forage_dynamic_simdrop,7.314912725742596,3.714749299486972,,103.20058041711503
SUV-558,forage_phonologicalstatic,7.60677115052261,2.927850467681847,0.029111090569735605,104.0976809406685
SUV-558,forage_phonologicaldynamicglobal_simdrop,7.289238359147319,3.614386857945314,0.023009971096744505,103.1378491183062
SUV-558,forage_phonologicaldynamiclocal_simdrop,7.341696554190585,3.8379921276061957,-0.027790536133429525,103.13330437006992
SUV-558,forage_phonologicaldynamicswitch_simdrop,7.280927738900016,3.7148436130075164,0.2010440211203121,102.18721719059886
SUV-558,forage_random_baseline,0.0,0.0,,116.6168140276385
SVA-563,forage_static,7.172774817222537,0.4936104703969849,,121.1442912974268
SVA-563,forage_dynamic_simdrop,7.411043750277633,1.3241247612990525,,120.02775487674987
SVA-563,forage_phonologicalstatic,7.171262869390531,0.4930984628708777,0.0009419753552932256,121.14417815126215
SVA-563,forage_phonologicaldynamicglobal_simdrop,7.417512713989311,1.3283201481666103,-0.0032216990265261673,120.02643220032729
SVA-563,forage_phonologicaldynamiclocal_simdrop,7.407535382150244,1.321503040770604,0.002038292482106509,120.02736031781585
SVA-563,forage_phonologicaldynamicswitch_simdrop,7.415938833454055,1.3244158636066126,-0.018516187233264897,120.01661983120297
SVA-563,forage_random_baseline,0.0,0.0,,128.89226813581098
SVH-570,forage_static,8.291736113210273,2.2664330715637946,,83.13070306123063
SVH-570,forage_dynamic_simdrop,8.373758986532911,2.9666937259480757,,82.29371811318514
SVH-570,forage_phonologicalstatic,8.178978668787154,2.193702920194506,0.03300506421153871,83.02680891905803
SVH-570,forage_phonologicaldynamicglobal_simdrop,8.276258641806109,2.8714544968505136,0.03329110016738729,82.18599585443033
SVH-570,forage_phonologicaldynamiclocal_simdrop,8.24189949322371,2.793900844988314,0.061831884738616304,81.99649843032333
SVH-570,forage_phonologicaldynamicswitch_simdrop,8.441502853580118,2.9706557717287048,-0.08330268730651572,82.16603697499508
SVH-570,forage_random_baseline,0.0,0.0,,92.06590581129353
SVY-587,forage_static,8.333283874678626,3.169088360954956,,101.72540095352244
SVY-587,forage_dynamic_simdrop,7.94073986895157,3.744184248542032,,102.60663559740169
SVY-587,forage_phonologicalstatic,8.470531798283542,3.356359354758776,-0.04888261639862414,101.47254860003318
SVY-587,forage_phonologicaldynamicglobal_simdrop,8.07028957369268,3.9902455145238758,-0.04845206819722568,102.3554384363922
SVY-587,forage_phonologicaldynamiclocal_simdrop,8.030857302654384,3.989070985744104,-0.048193124446706266,102.44586585428367
SVY-587,forage_phonologicaldynamicswitch_simdrop,7.9785010232200495,3.743950895630769,-0.048356100157346746,102.5171929311736
SVY-587,forage_random_baseline,0.0,0.0,,116.6168140276385
SZA-781,forage_static,8.37265770242146,4.359338937380386,,88.35866931330916
SZA-781,forage_dynamic_simdrop,7.853988296804686,5.110170009767901,,89.46719811952042
SZA-781,forage_phonologicalstatic,8.522077564346416,5.253937265114479,-0.15371895382553494,86.53358478131818
SZA-781,forage_phonologicaldynamicglobal_simdrop,8.089196895263763,6.474947805594589,-0.17534486964846935,87.29039031787256
SZA-781,forage_phonologicaldynamiclocal_simdrop,8.034891993944798,6.7389578015898195,-0.20874296194821804,87.53800107365066
SZA-781,forage_phonologicaldynamicswitch_simdrop,7.916798710570093,5.11173474630947,-0.11591359003941672,89.10666590988451
SZA-781,forage_random_baseline,0.0,0.0,,104.34135991946602
