Subject,Model,Beta_Frequency,Beta_Semantic,Beta_Phonological,Negative_Log_Likelihood_Optimized
CAF-657,forage_dynamic_simdrop,8.21594981621698,2.3248249419615714,,155.4821183468046
CAF-657,forage_random_baseline,0.0,0.0,,177.9940845685009
CAJ-663,forage_dynamic_simdrop,7.624253456974826,1.5838868721740327,,113.01941793240742
CAJ-663,forage_random_baseline,0.0,0.0,,122.75454108172474
CAM-666,forage_dynamic_simdrop,8.740732833934278,2.2639648811173747,,134.4999060108111
CAM-666,forage_random_baseline,0.0,0.0,,153.44317635215594
CAP-671,forage_dynamic_simdrop,9.7845075017645,1.959120634326641,,99.6539911239993
CAP-671,forage_random_baseline,0.0,0.0,,116.6168140276385
CAQ-672,forage_dynamic_simdrop,8.21933846772671,2.5643959048869394,,125.17957582868954
CAQ-672,forage_random_baseline,0.0,0.0,,141.16772224398346
CAR-673,forage_dynamic_simdrop,8.414436897690425,2.783986378919443,,123.41286217386056
CAR-673,forage_random_baseline,0.0,0.0,,141.16772224398346
CAS-674,forage_dynamic_simdrop,6.501606679207051,2.8739964660801443,,115.66852669982212
CAS-674,forage_random_baseline,0.0,0.0,,128.89226813581098
CAV-678,forage_dynamic_simdrop,6.2881295116405855,2.0803951630531583,,160.8138652904612
CAV-678,forage_random_baseline,0.0,0.0,,171.85635751441467
CAY-681,forage_dynamic_simdrop,8.493156157565148,2.7721962909463733,,122.12227906353974
CAY-681,forage_random_baseline,0.0,0.0,,141.16772224398346
CBD-686,forage_dynamic_simdrop,7.999604457906736,2.847265107061667,,108.96188644549835
CBD-686,forage_random_baseline,0.0,0.0,,128.89226813581098
CBF-691,forage_dynamic_simdrop,8.168865808756323,2.3513805227621076,,104.4371672277443
CBF-691,forage_random_baseline,0.0,0.0,,116.6168140276385
CBH-693,forage_dynamic_simdrop,7.746969479170885,3.1302698358551293,,123.04447961109481
CBH-693,forage_random_baseline,0.0,0.0,,147.3054492980697
CBJ-697,forage_dynamic_simdrop,6.695060460434797,1.8568895534806868,,131.4941691838394
CBJ-697,forage_random_baseline,0.0,0.0,,141.16772224398346
CBL-698,forage_dynamic_simdrop,5.300420328794373,2.769503128452194,,112.3163919975298
CBL-698,forage_random_baseline,0.0,0.0,,122.75454108172474
CBM-702,forage_dynamic_simdrop,6.844190154065547,2.7794969234639884,,148.68440593511195
CBM-702,forage_random_baseline,0.0,0.0,,165.71863046032843
CBP-707,forage_dynamic_simdrop,8.354273092204757,2.281106479376426,,152.523087337911
CBP-707,forage_random_baseline,0.0,0.0,,171.85635751441467
CBS-711,forage_dynamic_simdrop,6.366157167883998,2.4841468104859445,,134.74647851816752
CBS-711,forage_random_baseline,0.0,0.0,,147.3054492980697
CBW-715,forage_dynamic_simdrop,8.011447616923284,2.7443942880220145,,97.01684958535803
CBW-715,forage_random_baseline,0.0,0.0,,110.47908697355226
CCB-720,forage_dynamic_simdrop,7.179143779222326,1.5628854523011642,,80.16448544656524
CCB-720,forage_random_baseline,0.0,0.0,,85.92817875720729
CCC-721,forage_dynamic_simdrop,11.618214490646022,2.058129348160156,,72.69557382825425
CCC-721,forage_random_baseline,0.0,0.0,,92.06590581129353
CCD-722,forage_dynamic_simdrop,7.596428956558059,2.282643919292737,,159.45756308662754
CCD-722,forage_random_baseline,0.0,0.0,,177.9940845685009
CCF-724,forage_dynamic_simdrop,10.874569932147713,2.0758186713666293,,90.48451512560806
CCF-724,forage_random_baseline,0.0,0.0,,110.47908697355226
CCH-726,forage_dynamic_simdrop,9.37566877126152,2.233398193993087,,121.83492192450285
CCH-726,forage_random_baseline,0.0,0.0,,141.16772224398346
CCL-730,forage_dynamic_simdrop,8.875841230293613,2.1660411666536636,,126.97438342428906
CCL-730,forage_random_baseline,0.0,0.0,,147.3054492980697
CCX-744,forage_dynamic_simdrop,10.885622617945165,1.3113758058511245,,92.94078843530973
CCX-744,forage_random_baseline,0.0,0.0,,110.47908697355226
CDG-753,forage_dynamic_simdrop,6.9735100347185375,2.9688162693285887,,126.51563926447766
CDG-753,forage_random_baseline,0.0,0.0,,147.3054492980697
CDH-754,forage_dynamic_simdrop,7.727000837360789,3.16001840163748,,75.69176814813522
CDH-754,forage_random_baseline,0.0,0.0,,85.92817875720729
CDM-759,forage_dynamic_simdrop,8.824074377041228,2.1396232987774737,,103.50648569256205
CDM-759,forage_random_baseline,0.0,0.0,,116.6168140276385
CDR-764,forage_dynamic_simdrop,7.566872245132212,1.214207369205737,,102.092102981701
CDR-764,forage_random_baseline,0.0,0.0,,110.47908697355226
CDU-767,forage_dynamic_simdrop,9.069895766304139,1.3109872291555973,,103.51929585285916
CDU-767,forage_random_baseline,0.0,0.0,,116.6168140276385
SGO-159,forage_dynamic_simdrop,8.192903341783326,2.5620280859750633,,195.77213392858326
SGO-159,forage_random_baseline,0.0,0.0,,220.9581739471046
SIU-211,forage_dynamic_simdrop,8.540280448721633,2.792344325947102,,125.82008627861599
SIU-211,forage_random_baseline,0.0,0.0,,147.3054492980697
SIZ-390,forage_dynamic_simdrop,8.614361074838186,1.6120519120312662,,93.5575958563228
SIZ-390,forage_random_baseline,0.0,0.0,,104.34135991946602
SKE-234,forage_dynamic_simdrop,7.847647899758662,2.6094385246860177,,152.7825274172713
SKE-234,forage_random_baseline,0.0,0.0,,171.85635751441467
SMK-401,forage_dynamic_simdrop,8.694007772721038,2.5936529687141383,,123.845863431821
SMK-401,forage_random_baseline,0.0,0.0,,147.3054492980697
SNI-300,forage_dynamic_simdrop,8.041972062832299,2.731681085590528,,95.82651995636184
SNI-300,forage_random_baseline,0.0,0.0,,110.47908697355226
SNR-308,forage_dynamic_simdrop,8.750632409786776,2.2702604801293886,,86.14409202644725
SNR-308,forage_random_baseline,0.0,0.0,,98.20363286537977
SNT-310,forage_dynamic_simdrop,9.92490662260085,2.9484254524159996,,138.02417600068264
SNT-310,forage_random_baseline,0.0,0.0,,165.71863046032843
SNV-312,forage_dynamic_simdrop,11.064318997815551,2.5311486313703666,,88.19769126090067
SNV-312,forage_random_baseline,0.0,0.0,,110.47908697355226
SNY-315,forage_dynamic_simdrop,9.320140047256833,2.486262404190506,,104.60068233422926
SNY-315,forage_random_baseline,0.0,0.0,,122.75454108172474
SOE-320,forage_dynamic_simdrop,10.528524086440726,2.712298906775621,,65.2895495338256
SOE-320,forage_random_baseline,0.0,0.0,,79.79045170312105
SOQ-329,forage_dynamic_simdrop,8.992485519623349,2.3618169871394707,,122.16657898632369
SOQ-329,forage_random_baseline,0.0,0.0,,141.16772224398346
SOX-335,forage_dynamic_simdrop,10.303921395197923,1.9423826417686554,,56.908701683520306
SOX-335,forage_random_baseline,0.0,0.0,,67.51499759494857
SPA-338,forage_dynamic_simdrop,7.83428579811382,2.8740279912555917,,90.44165701925625
SPA-338,forage_random_baseline,0.0,0.0,,104.34135991946602
SPC-340,forage_dynamic_simdrop,8.46299973754258,2.3946593250344606,,105.12137441392197
SPC-340,forage_random_baseline,0.0,0.0,,122.75454108172474
SPH-344,forage_dynamic_simdrop,9.51187972705126,2.706926005545357,,51.386684555652515
SPH-344,forage_random_baseline,0.0,0.0,,61.37727054086234
SPL-436,forage_dynamic_simdrop,8.966163890165424,2.6233926925730975,,86.94009595131013
SPL-436,forage_random_baseline,0.0,0.0,,104.34135991946602
SPV-450,forage_dynamic_simdrop,9.43315615281492,3.0086139930431015,,97.37153988863489
SPV-450,forage_random_baseline,0.0,0.0,,116.6168140276385
SPX-452,forage_dynamic_simdrop,8.096272243200932,2.9557900558069603,,114.27273171798757
SPX-452,forage_random_baseline,0.0,0.0,,135.02999518989722
SRF-483,forage_dynamic_simdrop,9.919163622372961,2.1277355204076844,,83.2320543147838
SRF-483,forage_random_baseline,0.0,0.0,,98.20363286537977
SRR-498,forage_dynamic_simdrop,9.165979192033182,1.8970275001101922,,96.96324156599943
SRR-498,forage_random_baseline,0.0,0.0,,110.47908697355226
SSG-520,forage_dynamic_simdrop,11.172294359769156,3.2457208733651606,,71.77460100737966
SSG-520,forage_random_baseline,0.0,0.0,,98.20363286537977
SSZ-539,forage_dynamic_simdrop,9.035053429111786,1.8058584945434824,,71.43426880976374
SSZ-539,forage_random_baseline,0.0,0.0,,79.79045170312105
SUG-544,forage_dynamic_simdrop,9.400954653507709,2.5861986299304744,,77.85643674582172
SUG-544,forage_random_baseline,0.0,0.0,,92.06590581129353
SUT-556,forage_dynamic_simdrop,10.186403398457632,1.6824897848090283,,79.24082616644833
SUT-556,forage_random_baseline,0.0,0.0,,92.06590581129353
SUV-558,forage_dynamic_simdrop,6.786462975660112,2.27944090870496,,105.4466177676339
SUV-558,forage_random_baseline,0.0,0.0,,116.6168140276385
SVA-563,forage_dynamic_simdrop,7.479145138767692,2.345506511005742,,114.03885170894817
SVA-563,forage_random_baseline,0.0,0.0,,128.89226813581098
SVH-570,forage_dynamic_simdrop,7.688282117037624,2.3460541914537063,,81.5040304672593
SVH-570,forage_random_baseline,0.0,0.0,,92.06590581129353
SVY-587,forage_dynamic_simdrop,7.741978001519005,2.980777354092064,,100.40139257307197
SVY-587,forage_random_baseline,0.0,0.0,,116.6168140276385
SZA-781,forage_dynamic_simdrop,7.608540027621006,3.2503138374477296,,91.12790946666051
SZA-781,forage_random_baseline,0.0,0.0,,104.34135991946602
