Subject,Model,Beta_Frequency,Beta_Semantic,Beta_Phonological,Negative_Log_Likelihood_Optimized
CAF-657,forage_dynamic_simdrop,8.159901561078598,4.459737867141749,,152.18123632233855
CAF-657,forage_random_baseline,0.0,0.0,,177.9940845685009
CAJ-663,forage_dynamic_simdrop,7.417491863237308,2.1556154659492663,,112.70328365893305
CAJ-663,forage_random_baseline,0.0,0.0,,122.75454108172474
CAM-666,forage_dynamic_simdrop,8.74837475182221,3.87315516674463,,134.6657622635044
CAM-666,forage_random_baseline,0.0,0.0,,153.44317635215594
CAP-671,forage_dynamic_simdrop,9.97782828521633,3.7555450076410586,,97.82406436662534
CAP-671,forage_random_baseline,0.0,0.0,,116.6168140276385
CAQ-672,forage_dynamic_simdrop,8.09129250903622,5.242459644834491,,122.54854671408044
CAQ-672,forage_random_baseline,0.0,0.0,,141.16772224398346
CAR-673,forage_dynamic_simdrop,8.145280520211255,6.0096384149901105,,117.59718149913833
CAR-673,forage_random_baseline,0.0,0.0,,141.16772224398346
CAS-674,forage_dynamic_simdrop,6.4686761128059755,6.081386686392175,,113.29953629924229
CAS-674,forage_random_baseline,0.0,0.0,,128.89226813581098
CAV-678,forage_dynamic_simdrop,5.901473194133377,3.911773934411967,,157.93958759429734
CAV-678,forage_random_baseline,0.0,0.0,,171.85635751441467
CAY-681,forage_dynamic_simdrop,8.315517779544171,4.231248412588474,,122.59198632551022
CAY-681,forage_random_baseline,0.0,0.0,,141.16772224398346
CBD-686,forage_dynamic_simdrop,8.149064254238198,4.9083935438521,,110.20711162845448
CBD-686,forage_random_baseline,0.0,0.0,,128.89226813581098
CBF-691,forage_dynamic_simdrop,7.802874683286056,3.6070106101974946,,103.54907788751694
CBF-691,forage_random_baseline,0.0,0.0,,116.6168140276385
CBH-693,forage_dynamic_simdrop,7.483805357815718,5.291160403369408,,124.06422601120657
CBH-693,forage_random_baseline,0.0,0.0,,147.3054492980697
CBJ-697,forage_dynamic_simdrop,6.396834708615664,2.7124480222430383,,131.4855589247981
CBJ-697,forage_random_baseline,0.0,0.0,,141.16772224398346
CBL-698,forage_dynamic_simdrop,5.080168415916679,4.102793181731361,,113.35442996288826
CBL-698,forage_random_baseline,0.0,0.0,,122.75454108172474
CBM-702,forage_dynamic_simdrop,6.438601382019048,2.9736564212171257,,154.45339680851438
CBM-702,forage_random_baseline,0.0,0.0,,165.71863046032843
CBP-707,forage_dynamic_simdrop,7.938384317360624,4.884420699696526,,147.23594236246345
CBP-707,forage_random_baseline,0.0,0.0,,171.85635751441467
CBS-711,forage_dynamic_simdrop,6.081389993875602,3.749900309525666,,135.3537178766068
CBS-711,forage_random_baseline,0.0,0.0,,147.3054492980697
CBW-715,forage_dynamic_simdrop,7.178346846092061,5.475441839651297,,94.26133903835255
CBW-715,forage_random_baseline,0.0,0.0,,110.47908697355226
CCB-720,forage_dynamic_simdrop,6.996567527447718,2.187014016524145,,79.77364563041856
CCB-720,forage_random_baseline,0.0,0.0,,85.92817875720729
CCC-721,forage_dynamic_simdrop,12.027459359073006,4.19654403127796,,70.44789159446606
CCC-721,forage_random_baseline,0.0,0.0,,92.06590581129353
CCD-722,forage_dynamic_simdrop,7.347885062663213,3.661653460236628,,158.90728621087794
CCD-722,forage_random_baseline,0.0,0.0,,177.9940845685009
CCF-724,forage_dynamic_simdrop,10.889221472733311,3.5330619467748483,,89.38875150523536
CCF-724,forage_random_baseline,0.0,0.0,,110.47908697355226
CCH-726,forage_dynamic_simdrop,9.243458471695812,4.605968944245189,,118.09463344009005
CCH-726,forage_random_baseline,0.0,0.0,,141.16772224398346
CCL-730,forage_dynamic_simdrop,9.266609630251688,4.227172742676036,,125.61892843052667
CCL-730,forage_random_baseline,0.0,0.0,,147.3054492980697
CCX-744,forage_dynamic_simdrop,11.099358152023054,2.5613504288989137,,91.06773064327703
CCX-744,forage_random_baseline,0.0,0.0,,110.47908697355226
CDG-753,forage_dynamic_simdrop,6.438740213836729,5.922052535144531,,122.53317542237518
CDG-753,forage_random_baseline,0.0,0.0,,147.3054492980697
CDH-754,forage_dynamic_simdrop,7.623839171890309,5.474912956005379,,74.68440853549738
CDH-754,forage_random_baseline,0.0,0.0,,85.92817875720729
CDM-759,forage_dynamic_simdrop,8.843737853783505,3.6778316828050706,,103.14175882765417
CDM-759,forage_random_baseline,0.0,0.0,,116.6168140276385
CDR-764,forage_dynamic_simdrop,7.369537811188984,2.0850628664280793,,101.11245373191748
CDR-764,forage_random_baseline,0.0,0.0,,110.47908697355226
CDU-767,forage_dynamic_simdrop,9.116437774467064,1.9772520239622526,,103.20870473531939
CDU-767,forage_random_baseline,0.0,0.0,,116.6168140276385
SGO-159,forage_dynamic_simdrop,8.02246789932151,4.18906580340311,,195.0553294396726
SGO-159,forage_random_baseline,0.0,0.0,,220.9581739471046
SIU-211,forage_dynamic_simdrop,7.936788303131622,5.319405439936883,,122.6355074310389
SIU-211,forage_random_baseline,0.0,0.0,,147.3054492980697
SIZ-390,forage_dynamic_simdrop,8.314287550332354,2.2153401165439304,,93.58373020947109
SIZ-390,forage_random_baseline,0.0,0.0,,104.34135991946602
SKE-234,forage_dynamic_simdrop,7.465032546116655,5.2645066511973315,,148.39924053194156
SKE-234,forage_random_baseline,0.0,0.0,,171.85635751441467
SMK-401,forage_dynamic_simdrop,8.583294858881215,4.035338546546944,,125.7591630842846
SMK-401,forage_random_baseline,0.0,0.0,,147.3054492980697
SNI-300,forage_dynamic_simdrop,7.964532229027157,5.827477699919076,,92.90012893759942
SNI-300,forage_random_baseline,0.0,0.0,,110.47908697355226
SNR-308,forage_dynamic_simdrop,8.279952090808205,3.1099267198238993,,86.77522490922402
SNR-308,forage_random_baseline,0.0,0.0,,98.20363286537977
SNT-310,forage_dynamic_simdrop,9.878316253145353,5.533866747131199,,136.66443321038426
SNT-310,forage_random_baseline,0.0,0.0,,165.71863046032843
SNV-312,forage_dynamic_simdrop,11.166864586743078,4.6057420817512975,,86.11749874238167
SNV-312,forage_random_baseline,0.0,0.0,,110.47908697355226
SNY-315,forage_dynamic_simdrop,9.183752779356674,2.7631543932967513,,106.6837833004714
SNY-315,forage_random_baseline,0.0,0.0,,122.75454108172474
SOE-320,forage_dynamic_simdrop,9.88395539268365,5.80878412777644,,62.31771017210547
SOE-320,forage_random_baseline,0.0,0.0,,79.79045170312105
SOQ-329,forage_dynamic_simdrop,8.824767845812133,3.2704308016377364,,124.00703821882284
SOQ-329,forage_random_baseline,0.0,0.0,,141.16772224398346
SOX-335,forage_dynamic_simdrop,10.119437178321908,3.5162052458073374,,55.75389821261532
SOX-335,forage_random_baseline,0.0,0.0,,67.51499759494857
SPA-338,forage_dynamic_simdrop,7.625821624540911,4.869447628803029,,89.2605557465868
SPA-338,forage_random_baseline,0.0,0.0,,104.34135991946602
SPC-340,forage_dynamic_simdrop,8.81781742387321,4.822090838290184,,105.82843965379023
SPC-340,forage_random_baseline,0.0,0.0,,122.75454108172474
SPH-344,forage_dynamic_simdrop,9.201478253345998,6.210970997734457,,49.400145811901055
SPH-344,forage_random_baseline,0.0,0.0,,61.37727054086234
SPL-436,forage_dynamic_simdrop,8.724981537380941,4.470558424162576,,86.71505270525856
SPL-436,forage_random_baseline,0.0,0.0,,104.34135991946602
SPV-450,forage_dynamic_simdrop,9.187331102398128,5.368590984691169,,94.79504864580801
SPV-450,forage_random_baseline,0.0,0.0,,116.6168140276385
SPX-452,forage_dynamic_simdrop,7.688144909981405,5.862128014327235,,109.58275563281458
SPX-452,forage_random_baseline,0.0,0.0,,135.02999518989722
SRF-483,forage_dynamic_simdrop,9.911079113655818,3.669807417324428,,82.46980803566322
SRF-483,forage_random_baseline,0.0,0.0,,98.20363286537977
SRR-498,forage_dynamic_simdrop,9.178348241861345,3.810435827906338,,94.81967487523653
SRR-498,forage_random_baseline,0.0,0.0,,110.47908697355226
SSG-520,forage_dynamic_simdrop,10.658088123933128,7.723576607922339,,65.44484106001256
SSG-520,forage_random_baseline,0.0,0.0,,98.20363286537977
SSZ-539,forage_dynamic_simdrop,8.9172424627034,4.7608436014522235,,68.85539281317459
SSZ-539,forage_random_baseline,0.0,0.0,,79.79045170312105
SUG-544,forage_dynamic_simdrop,9.273495218292766,5.865298655347833,,74.42525909787946
SUG-544,forage_random_baseline,0.0,0.0,,92.06590581129353
SUT-556,forage_dynamic_simdrop,10.393117225731787,3.358957449890894,,77.74387037881797
SUT-556,forage_random_baseline,0.0,0.0,,92.06590581129353
SUV-558,forage_dynamic_simdrop,6.577200355661147,4.3429968576309905,,103.87843198331453
SUV-558,forage_random_baseline,0.0,0.0,,116.6168140276385
SVA-563,forage_dynamic_simdrop,7.203149479629285,3.03859767967152,,116.31305278797808
SVA-563,forage_random_baseline,0.0,0.0,,128.89226813581098
SVH-570,forage_dynamic_simdrop,7.7772851814466035,4.576046479403958,,80.72111308892534
SVH-570,forage_random_baseline,0.0,0.0,,92.06590581129353
SVY-587,forage_dynamic_simdrop,6.862211253120664,5.799249621946719,,97.06802590042176
SVY-587,forage_random_baseline,0.0,0.0,,116.6168140276385
SZA-781,forage_dynamic_simdrop,6.818727366030422,8.195617293370645,,85.60939208239566
SZA-781,forage_random_baseline,0.0,0.0,,104.34135991946602
