Subject,Model,Beta_Frequency,Beta_Semantic,Beta_Phonological,Negative_Log_Likelihood_Optimized
CAF-657,forage_dynamic_simdrop,8.782417827086986,3.0906930522348546,,154.13974169577006
CAF-657,forage_random_baseline,0.0,0.0,,177.9940845685009
CAJ-663,forage_dynamic_simdrop,7.723203748549937,1.5390390086576164,,113.25338944164638
CAJ-663,forage_random_baseline,0.0,0.0,,122.75454108172474
CAM-666,forage_dynamic_simdrop,8.766816343899919,2.649467052000839,,133.1928508732805
CAM-666,forage_random_baseline,0.0,0.0,,153.44317635215594
CAP-671,forage_dynamic_simdrop,10.102782413759444,1.823702223364094,,101.10916816033327
CAP-671,forage_random_baseline,0.0,0.0,,116.6168140276385
CAQ-672,forage_dynamic_simdrop,8.353318800331083,2.763588985483865,,125.8431977947883
CAQ-672,forage_random_baseline,0.0,0.0,,141.16772224398346
CAR-673,forage_dynamic_simdrop,8.681422174158003,3.5906725538073627,,120.06938533437874
CAR-673,forage_random_baseline,0.0,0.0,,141.16772224398346
CAS-674,forage_dynamic_simdrop,6.808076446463715,3.744376774504474,,112.33148442668625
CAS-674,forage_random_baseline,0.0,0.0,,128.89226813581098
CAV-678,forage_dynamic_simdrop,6.459625795101107,2.7559095569745398,,159.20262215372716
CAV-678,forage_random_baseline,0.0,0.0,,171.85635751441467
CAY-681,forage_dynamic_simdrop,8.717251644028472,2.6017038170093842,,124.34895696976618
CAY-681,forage_random_baseline,0.0,0.0,,141.16772224398346
CBD-686,forage_dynamic_simdrop,8.152077139014363,3.4827447201247907,,108.90667761223028
CBD-686,forage_random_baseline,0.0,0.0,,128.89226813581098
CBF-691,forage_dynamic_simdrop,8.42486587986358,3.0015828640287867,,102.66503105249022
CBF-691,forage_random_baseline,0.0,0.0,,116.6168140276385
CBH-693,forage_dynamic_simdrop,7.940668172472589,3.203392320512584,,127.22432081510458
CBH-693,forage_random_baseline,0.0,0.0,,147.3054492980697
CBJ-697,forage_dynamic_simdrop,6.813564268142422,2.1414232237066226,,131.31731469305316
CBJ-697,forage_random_baseline,0.0,0.0,,141.16772224398346
CBL-698,forage_dynamic_simdrop,5.514605463171045,3.1228979821949143,,112.42035788835058
CBL-698,forage_random_baseline,0.0,0.0,,122.75454108172474
CBM-702,forage_dynamic_simdrop,7.125530668254521,3.2420310691205745,,148.88724566295787
CBM-702,forage_random_baseline,0.0,0.0,,165.71863046032843
CBP-707,forage_dynamic_simdrop,8.478634871492229,2.5987019425868696,,152.66325136007782
CBP-707,forage_random_baseline,0.0,0.0,,171.85635751441467
CBS-711,forage_dynamic_simdrop,6.659918595152732,2.6012949227570985,,135.93116888085427
CBS-711,forage_random_baseline,0.0,0.0,,147.3054492980697
CBW-715,forage_dynamic_simdrop,8.273872760602094,3.406481208791354,,95.70824014557091
CBW-715,forage_random_baseline,0.0,0.0,,110.47908697355226
CCB-720,forage_dynamic_simdrop,7.110524805593946,1.2199809176333691,,80.7587937156208
CCB-720,forage_random_baseline,0.0,0.0,,85.92817875720729
CCC-721,forage_dynamic_simdrop,12.51699063651489,2.569821660614251,,72.41922944963625
CCC-721,forage_random_baseline,0.0,0.0,,92.06590581129353
CCD-722,forage_dynamic_simdrop,7.933223223889983,2.804060933225309,,158.03596548880887
CCD-722,forage_random_baseline,0.0,0.0,,177.9940845685009
CCF-724,forage_dynamic_simdrop,11.138102046151188,2.5437934955228054,,89.35706323529568
CCF-724,forage_random_baseline,0.0,0.0,,110.47908697355226
CCH-726,forage_dynamic_simdrop,9.332804681165827,2.3067001903213633,,122.3993154557111
CCH-726,forage_random_baseline,0.0,0.0,,141.16772224398346
CCL-730,forage_dynamic_simdrop,9.324326657291033,2.916757283562167,,125.26455878373282
CCL-730,forage_random_baseline,0.0,0.0,,147.3054492980697
CCX-744,forage_dynamic_simdrop,11.402077900701798,2.228518935084306,,89.2943966489985
CCX-744,forage_random_baseline,0.0,0.0,,110.47908697355226
CDG-753,forage_dynamic_simdrop,7.174598851691326,3.517269538482189,,125.08793280218543
CDG-753,forage_random_baseline,0.0,0.0,,147.3054492980697
CDH-754,forage_dynamic_simdrop,8.04984104834552,4.073857486865483,,74.17195612391885
CDH-754,forage_random_baseline,0.0,0.0,,85.92817875720729
CDM-759,forage_dynamic_simdrop,9.238560012969774,2.2191671132432007,,103.97278538463847
CDM-759,forage_random_baseline,0.0,0.0,,116.6168140276385
CDR-764,forage_dynamic_simdrop,7.763729712335113,1.378530057691229,,101.78866547000763
CDR-764,forage_random_baseline,0.0,0.0,,110.47908697355226
CDU-767,forage_dynamic_simdrop,9.426044176385759,1.64035065103235,,102.64116099883687
CDU-767,forage_random_baseline,0.0,0.0,,116.6168140276385
SGO-159,forage_dynamic_simdrop,8.329527728237286,3.1299609234378547,,193.95098397330142
SGO-159,forage_random_baseline,0.0,0.0,,220.9581739471046
SIU-211,forage_dynamic_simdrop,8.509664593560906,3.0861021063931933,,126.13623277832508
SIU-211,forage_random_baseline,0.0,0.0,,147.3054492980697
SIZ-390,forage_dynamic_simdrop,7.703142023501875,-0.389516873477903,,95.27817834213036
SIZ-390,forage_random_baseline,0.0,0.0,,104.34135991946602
SKE-234,forage_dynamic_simdrop,8.23538875526082,3.06136506425453,,151.76620986018102
SKE-234,forage_random_baseline,0.0,0.0,,171.85635751441467
SMK-401,forage_dynamic_simdrop,9.04686673662831,2.867804490123375,,124.42218050690668
SMK-401,forage_random_baseline,0.0,0.0,,147.3054492980697
SNI-300,forage_dynamic_simdrop,8.343639715660295,3.184603699235626,,96.0346671917981
SNI-300,forage_random_baseline,0.0,0.0,,110.47908697355226
SNR-308,forage_dynamic_simdrop,8.916646273810791,2.8561934648820864,,84.99102798746321
SNR-308,forage_random_baseline,0.0,0.0,,98.20363286537977
SNT-310,forage_dynamic_simdrop,9.559710296663908,3.17283951093159,,135.95992359404246
SNT-310,forage_random_baseline,0.0,0.0,,165.71863046032843
SNV-312,forage_dynamic_simdrop,11.380235962878913,2.8623701957011414,,86.7278280493249
SNV-312,forage_random_baseline,0.0,0.0,,110.47908697355226
SNY-315,forage_dynamic_simdrop,9.40830041557243,2.263590603183694,,106.25278410955583
SNY-315,forage_random_baseline,0.0,0.0,,122.75454108172474
SOE-320,forage_dynamic_simdrop,10.631556767418552,2.8498527728393146,,66.31468618640315
SOE-320,forage_random_baseline,0.0,0.0,,79.79045170312105
SOQ-329,forage_dynamic_simdrop,9.105942055019879,1.9316625347454455,,125.54262757992628
SOQ-329,forage_random_baseline,0.0,0.0,,141.16772224398346
SOX-335,forage_dynamic_simdrop,10.35618997193503,2.4812041395353353,,55.803449044754586
SOX-335,forage_random_baseline,0.0,0.0,,67.51499759494857
SPA-338,forage_dynamic_simdrop,8.015318336013836,3.402547880775388,,89.93463301903488
SPA-338,forage_random_baseline,0.0,0.0,,104.34135991946602
SPC-340,forage_dynamic_simdrop,8.907437334097539,2.5903986694977186,,107.27925325169556
SPC-340,forage_random_baseline,0.0,0.0,,122.75454108172474
SPH-344,forage_dynamic_simdrop,9.772585358058805,2.9067789984390155,,51.88423399935124
SPH-344,forage_random_baseline,0.0,0.0,,61.37727054086234
SPL-436,forage_dynamic_simdrop,9.01408510849633,2.8764250026980784,,87.26974203505821
SPL-436,forage_random_baseline,0.0,0.0,,104.34135991946602
SPV-450,forage_dynamic_simdrop,9.761914093191574,3.084673438818014,,99.40401740770292
SPV-450,forage_random_baseline,0.0,0.0,,116.6168140276385
SPX-452,forage_dynamic_simdrop,8.167152825469659,3.53814374041845,,112.97027648040412
SPX-452,forage_random_baseline,0.0,0.0,,135.02999518989722
SRF-483,forage_dynamic_simdrop,10.238397144960567,2.5804378779923387,,83.21200507260811
SRF-483,forage_random_baseline,0.0,0.0,,98.20363286537977
SRR-498,forage_dynamic_simdrop,9.47266640634737,2.1404577088826455,,96.91277309494926
SRR-498,forage_random_baseline,0.0,0.0,,110.47908697355226
SSG-520,forage_dynamic_simdrop,10.828060006345856,4.090426719622665,,69.83060919549364
SSG-520,forage_random_baseline,0.0,0.0,,98.20363286537977
SSZ-539,forage_dynamic_simdrop,9.283461845380605,2.375144526473696,,70.57047503580758
SSZ-539,forage_random_baseline,0.0,0.0,,79.79045170312105
SUG-544,forage_dynamic_simdrop,9.645271148655722,3.299317669345338,,76.52827986515344
SUG-544,forage_random_baseline,0.0,0.0,,92.06590581129353
SUT-556,forage_dynamic_simdrop,10.379348696801458,2.08973931235756,,79.46120394802418
SUT-556,forage_random_baseline,0.0,0.0,,92.06590581129353
SUV-558,forage_dynamic_simdrop,7.35427736137653,2.7976786962009537,,105.3504465645709
SUV-558,forage_random_baseline,0.0,0.0,,116.6168140276385
SVA-563,forage_dynamic_simdrop,7.699890422849275,2.5865588797770416,,114.75149401775056
SVA-563,forage_random_baseline,0.0,0.0,,128.89226813581098
SVH-570,forage_dynamic_simdrop,8.062444985607772,2.5871828523927736,,82.07284816568036
SVH-570,forage_random_baseline,0.0,0.0,,92.06590581129353
SVY-587,forage_dynamic_simdrop,8.057905942972367,3.813829584448351,,99.10875059162761
SVY-587,forage_random_baseline,0.0,0.0,,116.6168140276385
SZA-781,forage_dynamic_simdrop,7.632336248356204,3.942168365999771,,90.27262815188658
SZA-781,forage_random_baseline,0.0,0.0,,104.34135991946602
