Subject,Model,Beta_Frequency,Beta_Semantic,Beta_Phonological,Negative_Log_Likelihood_Optimized
CAF-657,forage_dynamic_simdrop,8.576100449272236,2.3200264282243155,,157.6742170749494
CAF-657,forage_random_baseline,0.0,0.0,,177.9940845685009
CAJ-663,forage_dynamic_simdrop,8.003749699184079,1.9600012805063085,,112.3195657593502
CAJ-663,forage_random_baseline,0.0,0.0,,122.75454108172474
CAM-666,forage_dynamic_simdrop,9.381930817091817,2.565150190777529,,133.50030374291075
CAM-666,forage_random_baseline,0.0,0.0,,153.44317635215594
CAP-671,forage_dynamic_simdrop,10.19351341633739,1.911916390737284,,101.04562840174955
CAP-671,forage_random_baseline,0.0,0.0,,116.6168140276385
CAQ-672,forage_dynamic_simdrop,8.632424482643245,2.550966434981209,,127.26941516650707
CAQ-672,forage_random_baseline,0.0,0.0,,141.16772224398346
CAR-673,forage_dynamic_simdrop,8.585328895390804,3.550391513333561,,120.10753975919636
CAR-673,forage_random_baseline,0.0,0.0,,141.16772224398346
CAS-674,forage_dynamic_simdrop,7.08483961051603,3.7901070336430807,,114.19963811283729
CAS-674,forage_random_baseline,0.0,0.0,,128.89226813581098
CAV-678,forage_dynamic_simdrop,6.707757866524249,2.516576333479919,,160.17527282484954
CAV-678,forage_random_baseline,0.0,0.0,,171.85635751441467
CAY-681,forage_dynamic_simdrop,9.002587848501843,3.178416449299004,,121.41192652423186
CAY-681,forage_random_baseline,0.0,0.0,,141.16772224398346
CBD-686,forage_dynamic_simdrop,8.390269115682667,3.481159585847262,,108.1815934881722
CBD-686,forage_random_baseline,0.0,0.0,,128.89226813581098
CBF-691,forage_dynamic_simdrop,8.528986495653292,2.776006900487695,,103.58761633900723
CBF-691,forage_random_baseline,0.0,0.0,,116.6168140276385
CBH-693,forage_dynamic_simdrop,8.05955814064928,3.424778416857292,,124.77326635603266
CBH-693,forage_random_baseline,0.0,0.0,,147.3054492980697
CBJ-697,forage_dynamic_simdrop,7.003234621632153,2.642378662417432,,129.50152674895395
CBJ-697,forage_random_baseline,0.0,0.0,,141.16772224398346
CBL-698,forage_dynamic_simdrop,5.818729045497647,3.828190109362977,,107.84738421516991
CBL-698,forage_random_baseline,0.0,0.0,,122.75454108172474
CBM-702,forage_dynamic_simdrop,7.5391789999747365,2.9716179356952623,,150.6191197185757
CBM-702,forage_random_baseline,0.0,0.0,,165.71863046032843
CBP-707,forage_dynamic_simdrop,8.524288347018194,2.927463833885148,,150.91892748751218
CBP-707,forage_random_baseline,0.0,0.0,,171.85635751441467
CBS-711,forage_dynamic_simdrop,6.769353949066456,2.132922497280373,,137.87103522981627
CBS-711,forage_random_baseline,0.0,0.0,,147.3054492980697
CBW-715,forage_dynamic_simdrop,8.356469387064497,3.433736032930396,,95.31187133327686
CBW-715,forage_random_baseline,0.0,0.0,,110.47908697355226
CCB-720,forage_dynamic_simdrop,7.271321405229501,1.3018390372147859,,80.67747271362606
CCB-720,forage_random_baseline,0.0,0.0,,85.92817875720729
CCC-721,forage_dynamic_simdrop,11.981465258683587,2.5132042877393497,,71.66864703449768
CCC-721,forage_random_baseline,0.0,0.0,,92.06590581129353
CCD-722,forage_dynamic_simdrop,8.00366704073241,2.5887462377840693,,158.7607648063136
CCD-722,forage_random_baseline,0.0,0.0,,177.9940845685009
CCF-724,forage_dynamic_simdrop,11.373368492128764,2.280937836535308,,90.5218965399503
CCF-724,forage_random_baseline,0.0,0.0,,110.47908697355226
CCH-726,forage_dynamic_simdrop,9.701829812361396,2.322841535282418,,123.21104297232121
CCH-726,forage_random_baseline,0.0,0.0,,141.16772224398346
CCL-730,forage_dynamic_simdrop,9.566332108381316,2.874808534032439,,125.27225336556715
CCL-730,forage_random_baseline,0.0,0.0,,147.3054492980697
CCX-744,forage_dynamic_simdrop,11.008309929429299,1.6882215579139732,,91.93624030446954
CCX-744,forage_random_baseline,0.0,0.0,,110.47908697355226
CDG-753,forage_dynamic_simdrop,7.209000069855576,3.6302796740057888,,123.05679253155165
CDG-753,forage_random_baseline,0.0,0.0,,147.3054492980697
CDH-754,forage_dynamic_simdrop,7.84535630834781,3.235242171968927,,75.43962834404999
CDH-754,forage_random_baseline,0.0,0.0,,85.92817875720729
CDM-759,forage_dynamic_simdrop,9.156111606696594,2.148057494269642,,104.22127226481642
CDM-759,forage_random_baseline,0.0,0.0,,116.6168140276385
CDR-764,forage_dynamic_simdrop,7.719104882583532,1.298217196234168,,102.16586414139758
CDR-764,forage_random_baseline,0.0,0.0,,110.47908697355226
CDU-767,forage_dynamic_simdrop,9.734425535194505,1.9997939361962058,,102.08666145723346
CDU-767,forage_random_baseline,0.0,0.0,,116.6168140276385
SGO-159,forage_dynamic_simdrop,8.408912597369325,2.7989878035729667,,196.7801715518624
SGO-159,forage_random_baseline,0.0,0.0,,220.9581739471046
SIU-211,forage_dynamic_simdrop,8.638726108682993,2.9773010875782346,,126.63814860491273
SIU-211,forage_random_baseline,0.0,0.0,,147.3054492980697
SIZ-390,forage_dynamic_simdrop,8.770549587487626,1.656865528657151,,93.88941258705701
SIZ-390,forage_random_baseline,0.0,0.0,,104.34135991946602
SKE-234,forage_dynamic_simdrop,8.229825520080157,3.12553059465554,,150.78963270224867
SKE-234,forage_random_baseline,0.0,0.0,,171.85635751441467
SMK-401,forage_dynamic_simdrop,8.807630313149849,2.8733142866406687,,124.54700413467269
SMK-401,forage_random_baseline,0.0,0.0,,147.3054492980697
SNI-300,forage_dynamic_simdrop,8.904246595861524,3.510921289742645,,94.68631909958948
SNI-300,forage_random_baseline,0.0,0.0,,110.47908697355226
SNR-308,forage_dynamic_simdrop,9.084955419314857,2.5523467365807826,,86.162440201419
SNR-308,forage_random_baseline,0.0,0.0,,98.20363286537977
SNT-310,forage_dynamic_simdrop,10.313237159155989,3.2174736403570647,,138.8669937522819
SNT-310,forage_random_baseline,0.0,0.0,,165.71863046032843
SNV-312,forage_dynamic_simdrop,11.24385724537305,2.6673415128088367,,88.34974170035898
SNV-312,forage_random_baseline,0.0,0.0,,110.47908697355226
SNY-315,forage_dynamic_simdrop,9.24264563030235,1.7921418343341504,,108.07508128686518
SNY-315,forage_random_baseline,0.0,0.0,,122.75454108172474
SOE-320,forage_dynamic_simdrop,11.029407401735476,3.321321949410491,,64.47691712570091
SOE-320,forage_random_baseline,0.0,0.0,,79.79045170312105
SOQ-329,forage_dynamic_simdrop,9.267317956733978,2.347198393492069,,123.72545474006576
SOQ-329,forage_random_baseline,0.0,0.0,,141.16772224398346
SOX-335,forage_dynamic_simdrop,10.359566582028021,2.508178177642415,,55.66248792371777
SOX-335,forage_random_baseline,0.0,0.0,,67.51499759494857
SPA-338,forage_dynamic_simdrop,8.162344755023716,3.67035600400713,,88.55589315099753
SPA-338,forage_random_baseline,0.0,0.0,,104.34135991946602
SPC-340,forage_dynamic_simdrop,9.13121830198432,2.760214180293203,,106.73885157540656
SPC-340,forage_random_baseline,0.0,0.0,,122.75454108172474
SPH-344,forage_dynamic_simdrop,9.807949060106127,2.8389759939927517,,51.931450904975605
SPH-344,forage_random_baseline,0.0,0.0,,61.37727054086234
SPL-436,forage_dynamic_simdrop,9.320208179225483,2.6415534449838294,,88.01031977125884
SPL-436,forage_random_baseline,0.0,0.0,,104.34135991946602
SPV-450,forage_dynamic_simdrop,9.755300804400376,2.940746907903766,,99.43685906417397
SPV-450,forage_random_baseline,0.0,0.0,,116.6168140276385
SPX-452,forage_dynamic_simdrop,8.4304178347274,3.445853398938461,,112.89104981847225
SPX-452,forage_random_baseline,0.0,0.0,,135.02999518989722
SRF-483,forage_dynamic_simdrop,10.355154437091631,2.0769099458321665,,84.47054288235246
SRF-483,forage_random_baseline,0.0,0.0,,98.20363286537977
SRR-498,forage_dynamic_simdrop,9.45423053555917,1.7961142904574086,,97.79682379012374
SRR-498,forage_random_baseline,0.0,0.0,,110.47908697355226
SSG-520,forage_dynamic_simdrop,11.411363448547755,3.9736724838237043,,69.7348486898095
SSG-520,forage_random_baseline,0.0,0.0,,98.20363286537977
SSZ-539,forage_dynamic_simdrop,9.375119817991822,2.2225560497078307,,70.71356858800479
SSZ-539,forage_random_baseline,0.0,0.0,,79.79045170312105
SUG-544,forage_dynamic_simdrop,9.835263199728848,3.1322010849907747,,77.41115366699432
SUG-544,forage_random_baseline,0.0,0.0,,92.06590581129353
SUT-556,forage_dynamic_simdrop,10.28538817021903,1.7810801629005966,,80.08543430580059
SUT-556,forage_random_baseline,0.0,0.0,,92.06590581129353
SUV-558,forage_dynamic_simdrop,7.6212525954167685,2.9501245851748683,,104.15932403250837
SUV-558,forage_random_baseline,0.0,0.0,,116.6168140276385
SVA-563,forage_dynamic_simdrop,7.758132334595075,1.9061346197630564,,117.89635426623903
SVA-563,forage_random_baseline,0.0,0.0,,128.89226813581098
SVH-570,forage_dynamic_simdrop,8.292935389252868,2.2313893867420678,,83.56060963441477
SVH-570,forage_random_baseline,0.0,0.0,,92.06590581129353
SVY-587,forage_dynamic_simdrop,8.322200076913198,3.466655453891994,,101.06494057267858
SVY-587,forage_random_baseline,0.0,0.0,,116.6168140276385
SZA-781,forage_dynamic_simdrop,8.020316658107177,3.8902677417430933,,90.30259227753427
SZA-781,forage_random_baseline,0.0,0.0,,104.34135991946602
