Subject,Model,Beta_Frequency,Beta_Semantic,Beta_Phonological,Negative_Log_Likelihood_Optimized
CAF-657,forage_dynamic_simdrop,8.799838173400204,2.4695916473074075,,156.39526668598242
CAF-657,forage_random_baseline,0.0,0.0,,177.9940845685009
CAJ-663,forage_dynamic_simdrop,7.804680572931278,1.7742510377518974,,112.7474924647137
CAJ-663,forage_random_baseline,0.0,0.0,,122.75454108172474
CAM-666,forage_dynamic_simdrop,8.89506682599788,2.2983222346424483,,134.2222162795823
CAM-666,forage_random_baseline,0.0,0.0,,153.44317635215594
CAP-671,forage_dynamic_simdrop,10.089312249713982,1.96171450725434,,99.69085594044995
CAP-671,forage_random_baseline,0.0,0.0,,116.6168140276385
CAQ-672,forage_dynamic_simdrop,8.709576974909046,2.6639070419175797,,126.30405669431372
CAQ-672,forage_random_baseline,0.0,0.0,,141.16772224398346
CAR-673,forage_dynamic_simdrop,8.417320538215638,2.89539116370179,,122.35881342230664
CAR-673,forage_random_baseline,0.0,0.0,,141.16772224398346
CAS-674,forage_dynamic_simdrop,6.810721800618532,2.9597973051502984,,114.97661018574904
CAS-674,forage_random_baseline,0.0,0.0,,128.89226813581098
CAV-678,forage_dynamic_simdrop,6.375834304690263,2.269670263184129,,160.14138443604202
CAV-678,forage_random_baseline,0.0,0.0,,171.85635751441467
CAY-681,forage_dynamic_simdrop,8.847144655269473,2.92220760449145,,120.696474330582
CAY-681,forage_random_baseline,0.0,0.0,,141.16772224398346
CBD-686,forage_dynamic_simdrop,8.291092014376083,2.946981753471535,,108.93652860561235
CBD-686,forage_random_baseline,0.0,0.0,,128.89226813581098
CBF-691,forage_dynamic_simdrop,8.355285320790125,2.5003112533585243,,103.91625551821367
CBF-691,forage_random_baseline,0.0,0.0,,116.6168140276385
CBH-693,forage_dynamic_simdrop,7.914213116714395,3.1109001500281255,,124.22200858129797
CBH-693,forage_random_baseline,0.0,0.0,,147.3054492980697
CBJ-697,forage_dynamic_simdrop,6.9690318917128105,2.1362116430346525,,130.64557788000195
CBJ-697,forage_random_baseline,0.0,0.0,,141.16772224398346
CBL-698,forage_dynamic_simdrop,5.7161206024647315,3.044646053588255,,110.96489903633778
CBL-698,forage_random_baseline,0.0,0.0,,122.75454108172474
CBM-702,forage_dynamic_simdrop,7.136763691345648,2.9085356238619733,,149.26857580035286
CBM-702,forage_random_baseline,0.0,0.0,,165.71863046032843
CBP-707,forage_dynamic_simdrop,8.516827185814327,2.478096326748506,,151.51848351211376
CBP-707,forage_random_baseline,0.0,0.0,,171.85635751441467
CBS-711,forage_dynamic_simdrop,6.607267173362626,2.200944203248345,,136.74116985470704
CBS-711,forage_random_baseline,0.0,0.0,,147.3054492980697
CBW-715,forage_dynamic_simdrop,8.213686347628098,2.8823041976798662,,96.71062878750399
CBW-715,forage_random_baseline,0.0,0.0,,110.47908697355226
CCB-720,forage_dynamic_simdrop,7.187117677260329,1.3100574367344116,,80.75196227773614
CCB-720,forage_random_baseline,0.0,0.0,,85.92817875720729
CCC-721,forage_dynamic_simdrop,11.784331566306598,2.0957902469778853,,72.675851788794
CCC-721,forage_random_baseline,0.0,0.0,,92.06590581129353
CCD-722,forage_dynamic_simdrop,7.871266386045231,2.2818617287518035,,160.26825317732113
CCD-722,forage_random_baseline,0.0,0.0,,177.9940845685009
CCF-724,forage_dynamic_simdrop,11.208561251197699,2.1138910507775517,,90.2855632539671
CCF-724,forage_random_baseline,0.0,0.0,,110.47908697355226
CCH-726,forage_dynamic_simdrop,9.581217806520058,2.3799600197496757,,121.47985342178748
CCH-726,forage_random_baseline,0.0,0.0,,141.16772224398346
CCL-730,forage_dynamic_simdrop,8.933116029200686,2.3165786902214203,,126.31745376404243
CCL-730,forage_random_baseline,0.0,0.0,,147.3054492980697
CCX-744,forage_dynamic_simdrop,10.873592368968831,1.306838338606041,,92.94071258315977
CCX-744,forage_random_baseline,0.0,0.0,,110.47908697355226
CDG-753,forage_dynamic_simdrop,7.141709767777387,3.075556055124304,,125.75785442810536
CDG-753,forage_random_baseline,0.0,0.0,,147.3054492980697
CDH-754,forage_dynamic_simdrop,7.966664808435642,3.185819387600917,,75.88928484395691
CDH-754,forage_random_baseline,0.0,0.0,,85.92817875720729
CDM-759,forage_dynamic_simdrop,8.90278053641166,2.136849207373665,,104.09047514076995
CDM-759,forage_random_baseline,0.0,0.0,,116.6168140276385
CDR-764,forage_dynamic_simdrop,7.689678707967059,1.30222814086064,,102.11287758644094
CDR-764,forage_random_baseline,0.0,0.0,,110.47908697355226
CDU-767,forage_dynamic_simdrop,9.160798617413935,1.4714720508081933,,103.05415718889225
CDU-767,forage_random_baseline,0.0,0.0,,116.6168140276385
SGO-159,forage_dynamic_simdrop,8.277126614901452,2.6077820412651387,,197.02146897247545
SGO-159,forage_random_baseline,0.0,0.0,,220.9581739471046
SIU-211,forage_dynamic_simdrop,8.568078106957191,2.7182487224474543,,126.05884795836558
SIU-211,forage_random_baseline,0.0,0.0,,147.3054492980697
SIZ-390,forage_dynamic_simdrop,8.739478981734756,1.6138935908598107,,93.81840078897213
SIZ-390,forage_random_baseline,0.0,0.0,,104.34135991946602
SKE-234,forage_dynamic_simdrop,8.066417646306498,2.7973328882788002,,151.3426128929051
SKE-234,forage_random_baseline,0.0,0.0,,171.85635751441467
SMK-401,forage_dynamic_simdrop,8.9068043726979,2.4699309613170986,,125.13405111440878
SMK-401,forage_random_baseline,0.0,0.0,,147.3054492980697
SNI-300,forage_dynamic_simdrop,8.328894694561287,2.9395798154880137,,95.01936516609678
SNI-300,forage_random_baseline,0.0,0.0,,110.47908697355226
SNR-308,forage_dynamic_simdrop,8.994710272619509,2.3368269070974756,,85.97788758886195
SNR-308,forage_random_baseline,0.0,0.0,,98.20363286537977
SNT-310,forage_dynamic_simdrop,10.106401704572505,3.002076821935375,,137.90319163581978
SNT-310,forage_random_baseline,0.0,0.0,,165.71863046032843
SNV-312,forage_dynamic_simdrop,11.038424676946363,2.3740086246656875,,88.83778842870763
SNV-312,forage_random_baseline,0.0,0.0,,110.47908697355226
SNY-315,forage_dynamic_simdrop,9.31225989527417,1.811460210367392,,107.10917221041345
SNY-315,forage_random_baseline,0.0,0.0,,122.75454108172474
SOE-320,forage_dynamic_simdrop,10.778331521263793,2.846090179177939,,64.83662661234396
SOE-320,forage_random_baseline,0.0,0.0,,79.79045170312105
SOQ-329,forage_dynamic_simdrop,9.215556402307588,2.2455008902480227,,122.91185311965646
SOQ-329,forage_random_baseline,0.0,0.0,,141.16772224398346
SOX-335,forage_dynamic_simdrop,10.360894434782374,2.0394497646664314,,56.68773338063548
SOX-335,forage_random_baseline,0.0,0.0,,67.51499759494857
SPA-338,forage_dynamic_simdrop,8.0324588474726,2.6323790388467203,,90.81326425282539
SPA-338,forage_random_baseline,0.0,0.0,,104.34135991946602
SPC-340,forage_dynamic_simdrop,8.87174050279763,2.450786039272981,,105.91724150060104
SPC-340,forage_random_baseline,0.0,0.0,,122.75454108172474
SPH-344,forage_dynamic_simdrop,9.63528647676077,2.6533247962818587,,51.61581773582332
SPH-344,forage_random_baseline,0.0,0.0,,61.37727054086234
SPL-436,forage_dynamic_simdrop,8.916992810075117,2.4923177960419793,,87.37150979538423
SPL-436,forage_random_baseline,0.0,0.0,,104.34135991946602
SPV-450,forage_dynamic_simdrop,9.536981654735127,2.7212202293251444,,98.8594617926972
SPV-450,forage_random_baseline,0.0,0.0,,116.6168140276385
SPX-452,forage_dynamic_simdrop,8.168355512961284,3.049047771234396,,113.5084246897251
SPX-452,forage_random_baseline,0.0,0.0,,135.02999518989722
SRF-483,forage_dynamic_simdrop,10.219903925925376,1.9424844541303812,,84.08342039337992
SRF-483,forage_random_baseline,0.0,0.0,,98.20363286537977
SRR-498,forage_dynamic_simdrop,9.417405706613106,1.855246019153342,,97.3844516518747
SRR-498,forage_random_baseline,0.0,0.0,,110.47908697355226
SSG-520,forage_dynamic_simdrop,11.236761061664083,3.2775986825312624,,71.36483631717448
SSG-520,forage_random_baseline,0.0,0.0,,98.20363286537977
SSZ-539,forage_dynamic_simdrop,9.358270306278266,2.210120248979629,,70.52245625756754
SSZ-539,forage_random_baseline,0.0,0.0,,79.79045170312105
SUG-544,forage_dynamic_simdrop,9.644585737381647,2.8286553706757096,,77.00687017444237
SUG-544,forage_random_baseline,0.0,0.0,,92.06590581129353
SUT-556,forage_dynamic_simdrop,10.144074382108856,1.4377228448946222,,80.58905996304304
SUT-556,forage_random_baseline,0.0,0.0,,92.06590581129353
SUV-558,forage_dynamic_simdrop,7.015171992286516,2.502475948702541,,104.69433597959663
SUV-558,forage_random_baseline,0.0,0.0,,116.6168140276385
SVA-563,forage_dynamic_simdrop,7.621843587068518,2.181771374548726,,115.80395704040761
SVA-563,forage_random_baseline,0.0,0.0,,128.89226813581098
SVH-570,forage_dynamic_simdrop,8.42377313697583,2.5453580698864764,,81.92349356017387
SVH-570,forage_random_baseline,0.0,0.0,,92.06590581129353
SVY-587,forage_dynamic_simdrop,8.060673786423381,3.0672968198234654,,101.34059897839116
SVY-587,forage_random_baseline,0.0,0.0,,116.6168140276385
SZA-781,forage_dynamic_simdrop,7.936055496232108,3.4429327423735314,,89.97629819349103
SZA-781,forage_random_baseline,0.0,0.0,,104.34135991946602
