Subject,Model,Beta_Frequency,Beta_Semantic,Beta_Phonological,Negative_Log_Likelihood_Optimized
CAF-657,forage_dynamic_simdrop,8.20235323015387,2.3142182559226225,,155.4905790031316
CAF-657,forage_random_baseline,0.0,0.0,,177.9940845685009
CAJ-663,forage_dynamic_simdrop,7.606453994793514,1.5556117675475107,,113.05894885837559
CAJ-663,forage_random_baseline,0.0,0.0,,122.75454108172474
CAM-666,forage_dynamic_simdrop,8.725980787578102,2.254664732760239,,134.50442369563598
CAM-666,forage_random_baseline,0.0,0.0,,153.44317635215594
CAP-671,forage_dynamic_simdrop,9.767912260578512,1.9600077800132547,,99.60771840192703
CAP-671,forage_random_baseline,0.0,0.0,,116.6168140276385
CAQ-672,forage_dynamic_simdrop,8.206163641984663,2.5680045870951016,,125.07817772102419
CAQ-672,forage_random_baseline,0.0,0.0,,141.16772224398346
CAR-673,forage_dynamic_simdrop,8.389265720254185,2.7523212659531255,,123.55842495723388
CAR-673,forage_random_baseline,0.0,0.0,,141.16772224398346
CAS-674,forage_dynamic_simdrop,6.385879254633112,2.8293346796770575,,116.2751803908077
CAS-674,forage_random_baseline,0.0,0.0,,128.89226813581098
CAV-678,forage_dynamic_simdrop,6.2650396370300845,2.0661754097041896,,160.81432317537076
CAV-678,forage_random_baseline,0.0,0.0,,171.85635751441467
CAY-681,forage_dynamic_simdrop,8.47508762792642,2.7541208239620456,,122.2019995752442
CAY-681,forage_random_baseline,0.0,0.0,,141.16772224398346
CBD-686,forage_dynamic_simdrop,7.975956647647813,2.8346345422368073,,109.01818327551592
CBD-686,forage_random_baseline,0.0,0.0,,128.89226813581098
CBF-691,forage_dynamic_simdrop,8.14920009150204,2.330531364728503,,104.48061636846468
CBF-691,forage_random_baseline,0.0,0.0,,116.6168140276385
CBH-693,forage_dynamic_simdrop,7.734970703997023,3.1260852664302012,,122.9938127659245
CBH-693,forage_random_baseline,0.0,0.0,,147.3054492980697
CBJ-697,forage_dynamic_simdrop,6.673035124587447,1.8340796856849975,,131.52848228085463
CBJ-697,forage_random_baseline,0.0,0.0,,141.16772224398346
CBL-698,forage_dynamic_simdrop,5.27108537541008,2.7338079610490214,,112.42652222150336
CBL-698,forage_random_baseline,0.0,0.0,,122.75454108172474
CBM-702,forage_dynamic_simdrop,6.825282819339246,2.763910646910518,,148.72216401656385
CBM-702,forage_random_baseline,0.0,0.0,,165.71863046032843
CBP-707,forage_dynamic_simdrop,8.339808334973144,2.253543747603787,,152.65458040681847
CBP-707,forage_random_baseline,0.0,0.0,,171.85635751441467
CBS-711,forage_dynamic_simdrop,6.348546968569129,2.4802763522415554,,134.69056817763934
CBS-711,forage_random_baseline,0.0,0.0,,147.3054492980697
CBW-715,forage_dynamic_simdrop,7.9924388681760865,2.721667841418582,,97.08015847244693
CBW-715,forage_random_baseline,0.0,0.0,,110.47908697355226
CCB-720,forage_dynamic_simdrop,7.172047236759379,1.574360101681593,,80.11416864938757
CCB-720,forage_random_baseline,0.0,0.0,,85.92817875720729
CCC-721,forage_dynamic_simdrop,11.603318092485857,2.0495956958252886,,72.71090577787973
CCC-721,forage_random_baseline,0.0,0.0,,92.06590581129353
CCD-722,forage_dynamic_simdrop,7.580981011986683,2.2784357247814992,,159.4097602842319
CCD-722,forage_random_baseline,0.0,0.0,,177.9940845685009
CCF-724,forage_dynamic_simdrop,10.860539720076181,2.0603444410656753,,90.53183219137823
CCF-724,forage_random_baseline,0.0,0.0,,110.47908697355226
CCH-726,forage_dynamic_simdrop,9.356619095452803,2.2100540171423755,,121.90462767993344
CCH-726,forage_random_baseline,0.0,0.0,,141.16772224398346
CCL-730,forage_dynamic_simdrop,8.866852796367862,2.1497691630471554,,127.07195244473394
CCL-730,forage_random_baseline,0.0,0.0,,147.3054492980697
CCX-744,forage_dynamic_simdrop,10.87890568321589,1.3134032629043717,,92.91131734690975
CCX-744,forage_random_baseline,0.0,0.0,,110.47908697355226
CDG-753,forage_dynamic_simdrop,6.967418276056754,2.9472520956563057,,126.61889014174449
CDG-753,forage_random_baseline,0.0,0.0,,147.3054492980697
CDH-754,forage_dynamic_simdrop,7.702612294428155,3.1483614322079156,,75.7085193189435
CDH-754,forage_random_baseline,0.0,0.0,,85.92817875720729
CDM-759,forage_dynamic_simdrop,8.811626748285258,2.1434876369954163,,103.45367762495731
CDM-759,forage_random_baseline,0.0,0.0,,116.6168140276385
CDR-764,forage_dynamic_simdrop,7.577880613565929,1.6423898428095292,,100.94784407827234
CDR-764,forage_random_baseline,0.0,0.0,,110.47908697355226
CDU-767,forage_dynamic_simdrop,9.062548499859107,1.2890107997832327,,103.57309491326244
CDU-767,forage_random_baseline,0.0,0.0,,116.6168140276385
SGO-159,forage_dynamic_simdrop,8.179590781804315,2.5538733996788374,,195.7337182110043
SGO-159,forage_random_baseline,0.0,0.0,,220.9581739471046
SIU-211,forage_dynamic_simdrop,8.517150661551991,2.7945330105645887,,125.73578893344103
SIU-211,forage_random_baseline,0.0,0.0,,147.3054492980697
SIZ-390,forage_dynamic_simdrop,8.60129689080919,1.6027655580927556,,93.54773719480359
SIZ-390,forage_random_baseline,0.0,0.0,,104.34135991946602
SKE-234,forage_dynamic_simdrop,7.830536449841716,2.581484377776253,,152.94231114713594
SKE-234,forage_random_baseline,0.0,0.0,,171.85635751441467
SMK-401,forage_dynamic_simdrop,8.677286224782842,2.5848463451775645,,123.8746589413563
SMK-401,forage_random_baseline,0.0,0.0,,147.3054492980697
SNI-300,forage_dynamic_simdrop,8.016259513965148,2.7033754748868333,,95.93347520646513
SNI-300,forage_random_baseline,0.0,0.0,,110.47908697355226
SNR-308,forage_dynamic_simdrop,8.728429158681212,2.2579352943530924,,86.17769949684703
SNR-308,forage_random_baseline,0.0,0.0,,98.20363286537977
SNT-310,forage_dynamic_simdrop,9.908990201439202,2.93661905197625,,138.08116143481925
SNT-310,forage_random_baseline,0.0,0.0,,165.71863046032843
SNV-312,forage_dynamic_simdrop,11.046475464337522,2.531922697314395,,88.1502327839007
SNV-312,forage_random_baseline,0.0,0.0,,110.47908697355226
SNY-315,forage_dynamic_simdrop,9.303823825147331,2.497639677081123,,104.49854710293373
SNY-315,forage_random_baseline,0.0,0.0,,122.75454108172474
SOE-320,forage_dynamic_simdrop,10.50640293696027,2.6949048580746897,,65.3492007454973
SOE-320,forage_random_baseline,0.0,0.0,,79.79045170312105
SOQ-329,forage_dynamic_simdrop,8.974730313258602,2.3559726527812406,,122.11831160851844
SOQ-329,forage_random_baseline,0.0,0.0,,141.16772224398346
SOX-335,forage_dynamic_simdrop,10.30095989191737,1.9253492651065842,,56.94378438539877
SOX-335,forage_random_baseline,0.0,0.0,,67.51499759494857
SPA-338,forage_dynamic_simdrop,7.820526790136813,2.8418174684932866,,90.55622349608598
SPA-338,forage_random_baseline,0.0,0.0,,104.34135991946602
SPC-340,forage_dynamic_simdrop,8.442993245685486,2.385419801265143,,105.14728324871227
SPC-340,forage_random_baseline,0.0,0.0,,122.75454108172474
SPH-344,forage_dynamic_simdrop,9.503904124220849,2.7079282682198613,,51.37380726227886
SPH-344,forage_random_baseline,0.0,0.0,,61.37727054086234
SPL-436,forage_dynamic_simdrop,8.951625650082528,2.6305440474654587,,86.85116339509341
SPL-436,forage_random_baseline,0.0,0.0,,104.34135991946602
SPV-450,forage_dynamic_simdrop,9.420178151039394,3.0053383629948143,,97.33164195820397
SPV-450,forage_random_baseline,0.0,0.0,,116.6168140276385
SPX-452,forage_dynamic_simdrop,8.088010046199605,2.9395170859980877,,114.3697087703036
SPX-452,forage_random_baseline,0.0,0.0,,135.02999518989722
SRF-483,forage_dynamic_simdrop,9.904338109495065,2.1219563272768047,,83.22571166564991
SRF-483,forage_random_baseline,0.0,0.0,,98.20363286537977
SRR-498,forage_dynamic_simdrop,9.154806069493553,1.9054570699717548,,96.89674232376773
SRR-498,forage_random_baseline,0.0,0.0,,110.47908697355226
SSG-520,forage_dynamic_simdrop,11.170920782917179,3.239008727114427,,71.84558608687828
SSG-520,forage_random_baseline,0.0,0.0,,98.20363286537977
SSZ-539,forage_dynamic_simdrop,8.999685746681717,1.7517418717593782,,71.53373805400692
SSZ-539,forage_random_baseline,0.0,0.0,,79.79045170312105
SUG-544,forage_dynamic_simdrop,9.378829567020256,2.551593328988564,,77.97096710836256
SUG-544,forage_random_baseline,0.0,0.0,,92.06590581129353
SUT-556,forage_dynamic_simdrop,10.176114512281194,1.6829831293830264,,79.21642515805499
SUT-556,forage_random_baseline,0.0,0.0,,92.06590581129353
SUV-558,forage_dynamic_simdrop,6.76941900741891,2.24745371523547,,105.5634537829063
SUV-558,forage_random_baseline,0.0,0.0,,116.6168140276385
SVA-563,forage_dynamic_simdrop,7.456316165805743,2.344928535059775,,113.93923355355523
SVA-563,forage_random_baseline,0.0,0.0,,128.89226813581098
SVH-570,forage_dynamic_simdrop,7.666725455942969,2.3346377443739748,,81.49272454829514
SVH-570,forage_random_baseline,0.0,0.0,,92.06590581129353
SVY-587,forage_dynamic_simdrop,7.716152365544372,2.972882116935263,,100.40014692617937
SVY-587,forage_random_baseline,0.0,0.0,,116.6168140276385
SZA-781,forage_dynamic_simdrop,7.577829298840116,3.217484647806578,,91.30465034237838
SZA-781,forage_random_baseline,0.0,0.0,,104.34135991946602
