Subject,Model,Beta_Frequency,Beta_Semantic,Beta_Phonological,Negative_Log_Likelihood_Optimized
CAF-657,forage_dynamic_simdrop,8.137814268796577,4.650486870968879,,151.27529998461875
CAF-657,forage_random_baseline,0.0,0.0,,177.9940845685009
CAJ-663,forage_dynamic_simdrop,7.368751405872077,2.068125346746578,,112.55281736268581
CAJ-663,forage_random_baseline,0.0,0.0,,122.75454108172474
CAM-666,forage_dynamic_simdrop,8.88997038925898,4.077211242176692,,133.30690554920739
CAM-666,forage_random_baseline,0.0,0.0,,153.44317635215594
CAP-671,forage_dynamic_simdrop,9.996366816919027,3.6529765953040276,,98.07744702399889
CAP-671,forage_random_baseline,0.0,0.0,,116.6168140276385
CAQ-672,forage_dynamic_simdrop,8.12006769145978,5.102568038426756,,122.863325378723
CAQ-672,forage_random_baseline,0.0,0.0,,141.16772224398346
CAR-673,forage_dynamic_simdrop,8.27284129999973,5.387678684565249,,119.82945396652897
CAR-673,forage_random_baseline,0.0,0.0,,141.16772224398346
CAS-674,forage_dynamic_simdrop,6.207010092055784,5.368308831896885,,114.40750678676339
CAS-674,forage_random_baseline,0.0,0.0,,128.89226813581098
CAV-678,forage_dynamic_simdrop,5.8670111489848855,3.8327185477614902,,157.9495612030891
CAV-678,forage_random_baseline,0.0,0.0,,171.85635751441467
CAY-681,forage_dynamic_simdrop,8.331916891968845,3.881043751190416,,123.85425098533149
CAY-681,forage_random_baseline,0.0,0.0,,141.16772224398346
CBD-686,forage_dynamic_simdrop,8.131250793884812,4.754323167541461,,110.93732314179898
CBD-686,forage_random_baseline,0.0,0.0,,128.89226813581098
CBF-691,forage_dynamic_simdrop,7.808556768558874,3.526213729521479,,103.45683309226555
CBF-691,forage_random_baseline,0.0,0.0,,116.6168140276385
CBH-693,forage_dynamic_simdrop,7.5822297135118,5.102082623359464,,124.46251767173902
CBH-693,forage_random_baseline,0.0,0.0,,147.3054492980697
CBJ-697,forage_dynamic_simdrop,6.3577703964431045,2.588460268710202,,131.4492373872198
CBJ-697,forage_random_baseline,0.0,0.0,,141.16772224398346
CBL-698,forage_dynamic_simdrop,5.132428335655707,3.652619728809571,,113.7587286256337
CBL-698,forage_random_baseline,0.0,0.0,,122.75454108172474
CBM-702,forage_dynamic_simdrop,6.424870893864546,2.68189998200834,,154.89540272797998
CBM-702,forage_random_baseline,0.0,0.0,,165.71863046032843
CBP-707,forage_dynamic_simdrop,8.017120323160874,4.79352580327489,,147.0468748718798
CBP-707,forage_random_baseline,0.0,0.0,,171.85635751441467
CBS-711,forage_dynamic_simdrop,6.068932889530307,4.052513615483656,,134.6044292835049
CBS-711,forage_random_baseline,0.0,0.0,,147.3054492980697
CBW-715,forage_dynamic_simdrop,7.2891868531871316,5.098381525044405,,95.97404295082227
CBW-715,forage_random_baseline,0.0,0.0,,110.47908697355226
CCB-720,forage_dynamic_simdrop,6.926978474703744,1.7667175304375997,,80.2887596748443
CCB-720,forage_random_baseline,0.0,0.0,,85.92817875720729
CCC-721,forage_dynamic_simdrop,12.059403471870976,4.5967816513904305,,69.53079380124777
CCC-721,forage_random_baseline,0.0,0.0,,92.06590581129353
CCD-722,forage_dynamic_simdrop,7.3473962886136075,3.4378738260310873,,159.44011698465266
CCD-722,forage_random_baseline,0.0,0.0,,177.9940845685009
CCF-724,forage_dynamic_simdrop,11.007450560560697,3.708497743898631,,88.42245627662099
CCF-724,forage_random_baseline,0.0,0.0,,110.47908697355226
CCH-726,forage_dynamic_simdrop,9.27282286376599,4.516733095497622,,118.2807218548755
CCH-726,forage_random_baseline,0.0,0.0,,141.16772224398346
CCL-730,forage_dynamic_simdrop,9.294564744031108,3.9218797916833323,,126.64869819989244
CCL-730,forage_random_baseline,0.0,0.0,,147.3054492980697
CCX-744,forage_dynamic_simdrop,10.990997224370634,2.7261091923627365,,90.28044871521615
CCX-744,forage_random_baseline,0.0,0.0,,110.47908697355226
CDG-753,forage_dynamic_simdrop,6.4894626956524855,5.844337054929756,,121.96827825501619
CDG-753,forage_random_baseline,0.0,0.0,,147.3054492980697
CDH-754,forage_dynamic_simdrop,7.672855139469964,5.314082256043462,,74.89283480268136
CDH-754,forage_random_baseline,0.0,0.0,,85.92817875720729
CDM-759,forage_dynamic_simdrop,8.8550422787684,3.746679871678957,,102.83449431714516
CDM-759,forage_random_baseline,0.0,0.0,,116.6168140276385
CDR-764,forage_dynamic_simdrop,7.3561065690555445,2.0256224534530958,,101.07343804498467
CDR-764,forage_random_baseline,0.0,0.0,,110.47908697355226
CDU-767,forage_dynamic_simdrop,9.133043280942703,1.717927657809256,,103.6756220331628
CDU-767,forage_random_baseline,0.0,0.0,,116.6168140276385
SGO-159,forage_dynamic_simdrop,7.92860330659202,3.9372798836594116,,194.75997188799133
SGO-159,forage_random_baseline,0.0,0.0,,220.9581739471046
SIU-211,forage_dynamic_simdrop,7.851624465091847,5.55279305595143,,121.71427479898722
SIU-211,forage_random_baseline,0.0,0.0,,147.3054492980697
SIZ-390,forage_dynamic_simdrop,8.33231645625654,2.34355030434431,,93.16078119538666
SIZ-390,forage_random_baseline,0.0,0.0,,104.34135991946602
SKE-234,forage_dynamic_simdrop,7.460446982201092,5.0429605797623065,,149.2680258121175
SKE-234,forage_random_baseline,0.0,0.0,,171.85635751441467
SMK-401,forage_dynamic_simdrop,8.233170153620994,4.556361464470066,,124.03866274516635
SMK-401,forage_random_baseline,0.0,0.0,,147.3054492980697
SNI-300,forage_dynamic_simdrop,7.992794872065461,5.6919026733481495,,93.4215032611844
SNI-300,forage_random_baseline,0.0,0.0,,110.47908697355226
SNR-308,forage_dynamic_simdrop,8.442803285073879,2.5659505803092877,,87.81124964444359
SNR-308,forage_random_baseline,0.0,0.0,,98.20363286537977
SNT-310,forage_dynamic_simdrop,9.983889601877927,4.966854936802935,,138.1046343698632
SNT-310,forage_random_baseline,0.0,0.0,,165.71863046032843
SNV-312,forage_dynamic_simdrop,11.20659470630811,4.540172981755708,,86.45907858858196
SNV-312,forage_random_baseline,0.0,0.0,,110.47908697355226
SNY-315,forage_dynamic_simdrop,9.554078716553589,3.4900135609685314,,105.96595236891106
SNY-315,forage_random_baseline,0.0,0.0,,122.75454108172474
SOE-320,forage_dynamic_simdrop,9.873611158060765,5.6388679293764685,,62.78487801439657
SOE-320,forage_random_baseline,0.0,0.0,,79.79045170312105
SOQ-329,forage_dynamic_simdrop,8.704619930938195,3.123270340143387,,124.1431092881783
SOQ-329,forage_random_baseline,0.0,0.0,,141.16772224398346
SOX-335,forage_dynamic_simdrop,10.250915884565734,2.906170155657397,,56.77986051936984
SOX-335,forage_random_baseline,0.0,0.0,,67.51499759494857
SPA-338,forage_dynamic_simdrop,7.749698868673731,4.359396342543573,,90.48207628494316
SPA-338,forage_random_baseline,0.0,0.0,,104.34135991946602
SPC-340,forage_dynamic_simdrop,8.800712675436758,4.249354368115524,,107.07040030024255
SPC-340,forage_random_baseline,0.0,0.0,,122.75454108172474
SPH-344,forage_dynamic_simdrop,9.581869428273686,6.081031366282009,,48.97204082127487
SPH-344,forage_random_baseline,0.0,0.0,,61.37727054086234
SPL-436,forage_dynamic_simdrop,8.720547565649179,4.49731570510666,,86.66771174830005
SPL-436,forage_random_baseline,0.0,0.0,,104.34135991946602
SPV-450,forage_dynamic_simdrop,9.312106043338717,5.0671380413689215,,95.10556941400276
SPV-450,forage_random_baseline,0.0,0.0,,116.6168140276385
SPX-452,forage_dynamic_simdrop,7.653294791294443,5.341254246123526,,111.84274041598418
SPX-452,forage_random_baseline,0.0,0.0,,135.02999518989722
SRF-483,forage_dynamic_simdrop,9.673001329562448,3.772350140922232,,82.4447155236129
SRF-483,forage_random_baseline,0.0,0.0,,98.20363286537977
SRR-498,forage_dynamic_simdrop,9.226045640548506,3.9968102663472873,,94.35606915689141
SRR-498,forage_random_baseline,0.0,0.0,,110.47908697355226
SSG-520,forage_dynamic_simdrop,10.918607570446524,7.733224215219396,,66.39660455669683
SSG-520,forage_random_baseline,0.0,0.0,,98.20363286537977
SSZ-539,forage_dynamic_simdrop,8.797661335396477,3.3434694836752668,,70.77760231454262
SSZ-539,forage_random_baseline,0.0,0.0,,79.79045170312105
SUG-544,forage_dynamic_simdrop,9.224163194132212,5.386782587913893,,75.60898859326966
SUG-544,forage_random_baseline,0.0,0.0,,92.06590581129353
SUT-556,forage_dynamic_simdrop,10.406881301836162,3.2966024040430293,,77.8023907947487
SUT-556,forage_random_baseline,0.0,0.0,,92.06590581129353
SUV-558,forage_dynamic_simdrop,6.600972554509444,3.9781970628676677,,104.80864040393341
SUV-558,forage_random_baseline,0.0,0.0,,116.6168140276385
SVA-563,forage_dynamic_simdrop,7.218976989421826,2.9872254192071126,,116.21449664403916
SVA-563,forage_random_baseline,0.0,0.0,,128.89226813581098
SVH-570,forage_dynamic_simdrop,7.53642076104088,4.683698618552027,,78.8769533348781
SVH-570,forage_random_baseline,0.0,0.0,,92.06590581129353
SVY-587,forage_dynamic_simdrop,6.977109200573764,5.865437561830145,,96.02900320152936
SVY-587,forage_random_baseline,0.0,0.0,,116.6168140276385
SZA-781,forage_dynamic_simdrop,6.5016293300318875,8.452909493634374,,85.60701388962322
SZA-781,forage_random_baseline,0.0,0.0,,104.34135991946602
