Subject,Model,Beta_Frequency,Beta_Semantic,Beta_Phonological,Negative_Log_Likelihood_Optimized
CAF-657,forage_static,8.75067130084238,1.0926701694218257,,163.0347238064309
CAF-657,forage_dynamic_simdrop,8.975103376655301,2.2220415104158073,,158.567243237805
CAF-657,forage_phonologicalstatic,8.698812655417822,1.0616664860700196,0.024106922895379645,162.9279916124007
CAF-657,forage_phonologicaldynamicglobal_simdrop,8.946208599303477,2.1889897538700165,0.010910895186942741,158.5456837878095
CAF-657,forage_phonologicaldynamiclocal_simdrop,8.95590118749582,2.1926847230777073,0.009769052178078573,158.5554305064548
CAF-657,forage_phonologicaldynamicswitch_simdrop,8.965971453577849,2.2216864140422303,0.013245924399083897,158.55708841991608
CAF-657,forage_random_baseline,0.0,0.0,,177.9940845685009
CAJ-663,forage_static,7.8555432237626395,0.8142600857178788,,114.47635400359994
CAJ-663,forage_dynamic_simdrop,8.109333468272501,1.7479740241840884,,112.34835710130828
CAJ-663,forage_phonologicalstatic,7.68196370514244,0.7414056381899202,0.07494761080286658,113.74267627426525
CAJ-663,forage_phonologicaldynamicglobal_simdrop,7.923201910593055,1.6111433107721922,0.06625757850346045,111.78101809994558
CAJ-663,forage_phonologicaldynamiclocal_simdrop,7.903399572596327,1.5868325615463366,0.07904353390833527,111.75481310459823
CAJ-663,forage_phonologicaldynamicswitch_simdrop,8.103439484819846,1.74762524938519,0.030851217873488903,112.3165438643878
CAJ-663,forage_random_baseline,0.0,0.0,,122.75454108172474
CAM-666,forage_static,9.643760014856994,1.7310626646669662,,136.0838410152064
CAM-666,forage_dynamic_simdrop,9.479504367554481,2.2573372566770065,,134.79654846799497
CAM-666,forage_phonologicalstatic,9.808404322210418,1.870859203976701,-0.05183927505450047,135.71716268169428
CAM-666,forage_phonologicaldynamicglobal_simdrop,9.604857889512774,2.4387451079176325,-0.054491333318694546,134.39836805383072
CAM-666,forage_phonologicaldynamiclocal_simdrop,9.576151532095537,2.375259961020353,-0.0354548751262962,134.66594514097162
CAM-666,forage_phonologicaldynamicswitch_simdrop,9.43088778972836,2.2550989654261246,-0.12571428569535203,134.36399868027425
CAM-666,forage_random_baseline,0.0,0.0,,153.44317635215594
CAP-671,forage_static,10.380102778729764,1.190623081807575,,102.44302862291464
CAP-671,forage_dynamic_simdrop,10.20035681145528,1.654170902689488,,101.30922711401205
CAP-671,forage_phonologicalstatic,10.34054807656144,1.1630368297183842,0.017214683479004875,102.40789025472233
CAP-671,forage_phonologicaldynamicglobal_simdrop,10.175313160432315,1.6255033568287411,0.012063201675432754,101.2921573939113
CAP-671,forage_phonologicaldynamiclocal_simdrop,10.182598657371004,1.6351919862771365,0.007948092842492475,101.30395456773955
CAP-671,forage_phonologicaldynamicswitch_simdrop,10.20379669734597,1.6543124485272973,0.022264983384847895,101.29245034390046
CAP-671,forage_random_baseline,0.0,0.0,,116.6168140276385
CAQ-672,forage_static,8.779783527460237,1.402915739154173,,129.06651635124047
CAQ-672,forage_dynamic_simdrop,8.99418394196229,2.287888340403622,,127.51925288857849
CAQ-672,forage_phonologicalstatic,8.837924604881955,1.448892834080539,-0.022115416731641458,129.00009278453314
CAQ-672,forage_phonologicaldynamicglobal_simdrop,9.046248570006606,2.3645308623772316,-0.024868177306993183,127.43598205171374
CAQ-672,forage_phonologicaldynamiclocal_simdrop,8.96402301274556,2.238383533639568,0.016374965044050404,127.49316374353262
CAQ-672,forage_phonologicaldynamicswitch_simdrop,9.018143336114509,2.2900944531162315,-0.14261985567755928,126.88084458437916
CAQ-672,forage_random_baseline,0.0,0.0,,141.16772224398346
CAR-673,forage_static,9.18396426097868,2.1814714221272773,,124.3626379403636
CAR-673,forage_dynamic_simdrop,8.851380410394926,2.831487507281919,,123.39870615987148
CAR-673,forage_phonologicalstatic,9.558827060608731,2.4302312488650517,-0.07795789513213457,123.59266071938647
CAR-673,forage_phonologicaldynamicglobal_simdrop,9.213899200095383,3.179670627110233,-0.082071227281477,122.53770660796849
CAR-673,forage_phonologicaldynamiclocal_simdrop,9.288592017678699,3.3386619830194126,-0.11869942949512194,122.28807738798957
CAR-673,forage_phonologicaldynamicswitch_simdrop,8.866353785026487,2.831784038600096,-0.020197774687902504,123.37900215723705
CAR-673,forage_random_baseline,0.0,0.0,,141.16772224398346
CAS-674,forage_static,7.777848440939095,2.581523314839263,,115.59296376698259
CAS-674,forage_dynamic_simdrop,7.2565937533839655,2.9788322283351603,,115.04683094788888
CAS-674,forage_phonologicalstatic,7.938001340308228,2.7976912551812494,-0.058351441559578596,115.18452341851746
CAS-674,forage_phonologicaldynamicglobal_simdrop,7.368798560668487,3.235403233145786,-0.06156437052716184,114.60660980765626
CAS-674,forage_phonologicaldynamiclocal_simdrop,7.26105723947952,2.990717576623096,-0.0029823441374590776,115.04600135084115
CAS-674,forage_phonologicaldynamicswitch_simdrop,7.305862594817899,2.9788518842269514,-1.9777510055684038,112.66020911179835
CAS-674,forage_random_baseline,0.0,0.0,,128.89226813581098
CAV-678,forage_static,7.081321463993252,1.661892712550691,,161.7270517486804
CAV-678,forage_dynamic_simdrop,6.862520774285569,2.116163616419465,,161.28893846595864
CAV-678,forage_phonologicalstatic,7.128154077512865,1.700679557865291,-0.018864322378282002,161.6659169915356
CAV-678,forage_phonologicaldynamicglobal_simdrop,6.9025068842172,2.1649563329483326,-0.018859021935299394,161.22831079751123
CAV-678,forage_phonologicaldynamiclocal_simdrop,6.9438681295232065,2.212440588271887,-0.03701580978143077,161.12562048273767
CAV-678,forage_phonologicaldynamicswitch_simdrop,6.864645984287785,2.1163131762345606,0.023448793164630197,161.2600674929958
CAV-678,forage_random_baseline,0.0,0.0,,171.85635751441467
CAY-681,forage_static,8.83452479507448,2.0326495823532245,,124.06753856621043
CAY-681,forage_dynamic_simdrop,9.11320132151049,2.907469286024133,,121.68322068758654
CAY-681,forage_phonologicalstatic,9.255508590172465,2.312488915663912,-0.10110624969090827,122.86918149182456
CAY-681,forage_phonologicaldynamicglobal_simdrop,9.501381267152667,3.317823434526399,-0.10757707696269671,120.34372022985717
CAY-681,forage_phonologicaldynamiclocal_simdrop,9.307629111419766,3.1980123472457214,-0.07835718069531872,121.1751788835939
CAY-681,forage_phonologicaldynamicswitch_simdrop,9.279150249060796,2.913036593648577,-0.1790984273393661,120.65596640084243
CAY-681,forage_random_baseline,0.0,0.0,,141.16772224398346
CBD-686,forage_static,9.50393576946998,2.290121341979475,,112.50101777747132
CBD-686,forage_dynamic_simdrop,9.005367026356659,2.9731231214959046,,108.84028805258893
CBD-686,forage_phonologicalstatic,9.602369812105508,2.383967377162295,-0.02822432227887755,112.40382604730526
CBD-686,forage_phonologicaldynamicglobal_simdrop,9.147190036584345,3.1779086063532738,-0.049447204526548744,108.56136591197038
CBD-686,forage_phonologicaldynamiclocal_simdrop,9.198027969885459,3.2650767285258686,-0.06963341717576024,108.44576751560697
CBD-686,forage_phonologicaldynamicswitch_simdrop,9.005079886138194,2.973119596125028,0.0020875778481425225,108.84014670238008
CBD-686,forage_random_baseline,0.0,0.0,,128.89226813581098
CBF-691,forage_static,8.970715090250843,1.9284176240396467,,104.46980365697488
CBF-691,forage_dynamic_simdrop,8.716514485065343,2.6112527950202895,,103.33090659657886
CBF-691,forage_phonologicalstatic,8.884523982781907,1.8755542933940417,0.020805267798812345,104.41791918667205
CBF-691,forage_phonologicaldynamicglobal_simdrop,8.665418106432764,2.564106369242312,0.012261159145703445,103.31309780397523
CBF-691,forage_phonologicaldynamiclocal_simdrop,8.367043830242324,2.0484317955637046,0.1726509939083384,101.09113889214731
CBF-691,forage_phonologicaldynamicswitch_simdrop,9.299998757091283,2.630084021266957,-2.2452902346299437,98.84090875719141
CBF-691,forage_random_baseline,0.0,0.0,,116.6168140276385
CBH-693,forage_static,8.664140794586288,1.8668983998286208,,132.51709620362692
CBH-693,forage_dynamic_simdrop,8.24170693818089,2.9280896938030208,,127.47674358741173
CBH-693,forage_phonologicalstatic,8.416352871465078,1.6233622753934986,0.08836513302640964,131.31087651808622
CBH-693,forage_phonologicaldynamicglobal_simdrop,8.079720443545824,2.6488674478061016,0.06949701169661604,126.76831746925654
CBH-693,forage_phonologicaldynamiclocal_simdrop,8.005102791925573,2.591357909249157,0.08517464541277618,126.80483833440725
CBH-693,forage_phonologicaldynamicswitch_simdrop,8.262428648266615,2.9279526540010616,0.04358892175364043,127.37847087628525
CBH-693,forage_random_baseline,0.0,0.0,,147.3054492980697
CBJ-697,forage_static,7.199120719297603,1.3386649102974881,,132.92706505366576
CBJ-697,forage_dynamic_simdrop,7.37138221649718,2.2040104544724812,,130.29018635488137
CBJ-697,forage_phonologicalstatic,7.3450843921809685,1.4103364220768206,-0.0495897603593244,132.6010363561293
CBJ-697,forage_phonologicaldynamicglobal_simdrop,7.588894858675724,2.377521521088819,-0.06076592731197991,129.80815384017464
CBJ-697,forage_phonologicaldynamiclocal_simdrop,7.493444453507026,2.311746342423511,-0.038250371825236086,130.1349650494142
CBJ-697,forage_phonologicaldynamicswitch_simdrop,7.428732950769032,2.2074723665432043,-0.15573194999536683,129.70908903092928
CBJ-697,forage_random_baseline,0.0,0.0,,141.16772224398346
CBL-698,forage_static,6.676417944303246,2.6302802987072917,,112.0918264391323
CBL-698,forage_dynamic_simdrop,6.078393048855117,3.57964811115739,,106.98778084400571
CBL-698,forage_phonologicalstatic,6.743660531745415,2.6993885371914437,-0.02104361502384692,112.04004587898196
CBL-698,forage_phonologicaldynamicglobal_simdrop,6.204932712633293,3.7864649951225235,-0.0486702360452687,106.73478437547661
CBL-698,forage_phonologicaldynamiclocal_simdrop,6.355265804018813,3.950366963866062,-0.0849857119126556,106.42662563362951
CBL-698,forage_phonologicaldynamicswitch_simdrop,6.106214007315747,3.5789326534281134,0.04553204883325716,106.92141521031562
CBL-698,forage_random_baseline,0.0,0.0,,122.75454108172474
CBM-702,forage_static,7.739140251965418,1.9007037109326639,,153.59195250336415
CBM-702,forage_dynamic_simdrop,7.597465727819579,2.8427412016473035,,150.39399556416734
CBM-702,forage_phonologicalstatic,7.549327285270288,1.6704781262980681,0.09630449251590384,151.9593964972931
CBM-702,forage_phonologicaldynamicglobal_simdrop,7.442997327447777,2.5371437173515745,0.08600346740255482,149.13716996110634
CBM-702,forage_phonologicaldynamiclocal_simdrop,7.565866919115602,2.7803554341454912,0.01649164598643677,150.36309683188517
CBM-702,forage_phonologicaldynamicswitch_simdrop,7.585983121811294,2.8423094549586887,0.2452325273717389,147.37167602171002
CBM-702,forage_random_baseline,0.0,0.0,,165.71863046032843
CBP-707,forage_static,9.23009913855729,1.927715155724293,,153.5075196858834
CBP-707,forage_dynamic_simdrop,8.735049604127331,2.6788600523766686,,150.62522748524077
CBP-707,forage_phonologicalstatic,9.531564353993245,2.1904568500275814,-0.08321889311458996,152.47688046048
CBP-707,forage_phonologicaldynamicglobal_simdrop,9.04589126657981,3.130675307193148,-0.1020044462646674,149.17617609230112
CBP-707,forage_phonologicaldynamiclocal_simdrop,8.989218627934743,3.0464676193614184,-0.08369832085989085,149.92047615967033
CBP-707,forage_phonologicaldynamicswitch_simdrop,8.731736914639123,2.678841086484265,-0.15592186807822883,149.76355246924152
CBP-707,forage_random_baseline,0.0,0.0,,171.85635751441467
CBS-711,forage_static,7.264443654922832,1.5712082221214807,,138.48053518315518
CBS-711,forage_dynamic_simdrop,6.95706379190116,1.9515677128260058,,137.96510733104412
CBS-711,forage_phonologicalstatic,7.293607380124753,1.5945327345112417,-0.010669474573058942,138.46401592371546
CBS-711,forage_phonologicaldynamicglobal_simdrop,6.99491728476079,1.9959505592744955,-0.014935591328864944,137.9330727086887
CBS-711,forage_phonologicaldynamiclocal_simdrop,6.956415318195522,1.950705112400615,0.0002930403126434406,137.96509824767875
CBS-711,forage_phonologicaldynamicswitch_simdrop,6.975191569022807,1.9526203099170465,-0.056915939678024025,137.84301236240654
CBS-711,forage_random_baseline,0.0,0.0,,147.3054492980697
CBW-715,forage_static,8.739674842007206,2.32628416432716,,97.70252178841146
CBW-715,forage_dynamic_simdrop,8.726639362414868,2.78444147293877,,97.06918564298991
CBW-715,forage_phonologicalstatic,8.719197982926335,2.2976234616811637,0.007787891790022877,97.69639746282877
CBW-715,forage_phonologicaldynamicglobal_simdrop,8.708366700395246,2.7481982674713894,0.008933170281482756,97.06129902078261
CBW-715,forage_phonologicaldynamiclocal_simdrop,9.014623233964391,3.3098355425070265,-0.12177509547672245,96.11236026533385
CBW-715,forage_phonologicaldynamicswitch_simdrop,8.568273614830256,2.7777472944710606,0.7095885065144477,92.44713988230897
CBW-715,forage_random_baseline,0.0,0.0,,110.47908697355226
CCB-720,forage_static,6.925978477122916,0.45671513780116807,,81.51500992213589
CCB-720,forage_dynamic_simdrop,7.473546736398299,1.4768210227377399,,80.35541221373477
CCB-720,forage_phonologicalstatic,6.977937294172307,0.42172835987905705,0.08345943956904935,80.91754658387444
CCB-720,forage_phonologicaldynamicglobal_simdrop,7.501247997032178,1.3587236572644936,0.0787863043210395,79.8243021839902
CCB-720,forage_phonologicaldynamiclocal_simdrop,7.448513174310873,1.402212977597782,0.0474427125199309,80.224754679652
CCB-720,forage_phonologicaldynamicswitch_simdrop,7.605361193340735,1.4892297588152,0.1444152452136637,79.7693077812142
CCB-720,forage_random_baseline,0.0,0.0,,85.92817875720729
CCC-721,forage_static,12.391413465654798,1.5137117596214487,,74.29780414672895
CCC-721,forage_dynamic_simdrop,11.85350034490508,1.9850217181528913,,73.41305096994897
CCC-721,forage_phonologicalstatic,12.693351281229729,1.6845398878727846,-0.06878187549431494,73.94277274034555
CCC-721,forage_phonologicaldynamicglobal_simdrop,12.181050135559826,2.2657140609672886,-0.08564220185945834,72.9009772733945
CCC-721,forage_phonologicaldynamiclocal_simdrop,12.093290962138369,2.245690806599102,-0.07984254885481061,73.12547149935453
CCC-721,forage_phonologicaldynamicswitch_simdrop,11.926197951982552,1.9852430844915943,-0.09414497515564141,73.1898124850474
CCC-721,forage_random_baseline,0.0,0.0,,92.06590581129353
CCD-722,forage_static,8.107363771023543,1.141795960555176,,164.8063728370368
CCD-722,forage_dynamic_simdrop,8.18144138563666,2.184103864702722,,160.30029305206168
CCD-722,forage_phonologicalstatic,8.170486461242943,1.189392748837466,-0.034905343785449246,164.59366929755035
CCD-722,forage_phonologicaldynamicglobal_simdrop,8.28323609686732,2.3219467206811655,-0.04886243975267463,159.88987188237297
CCD-722,forage_phonologicaldynamiclocal_simdrop,8.213598690216015,2.233197345450794,-0.017661151216808894,160.26085143639096
CCD-722,forage_phonologicaldynamicswitch_simdrop,8.208947101792539,2.185067318027309,-0.1361263025837825,159.49229366391774
CCD-722,forage_random_baseline,0.0,0.0,,177.9940845685009
CCF-724,forage_static,11.319631068652674,1.3626000013919723,,93.51839332865754
CCF-724,forage_dynamic_simdrop,11.448632231396722,2.001370438585745,,91.0510393426485
CCF-724,forage_phonologicalstatic,11.249818811807737,1.3085910398037737,0.02604667118220937,93.44266010189914
CCF-724,forage_phonologicaldynamicglobal_simdrop,11.419553265339372,1.9721898053541818,0.009698252175820621,91.04085712155135
CCF-724,forage_phonologicaldynamiclocal_simdrop,11.418775822457446,1.9672248124295713,0.011409058539137406,91.03947354766913
CCF-724,forage_phonologicaldynamicswitch_simdrop,11.447944482133753,2.001347717164798,0.0018469848611471224,91.05097260800657
CCF-724,forage_random_baseline,0.0,0.0,,110.47908697355226
CCH-726,forage_static,9.80349687073357,1.6091496636319356,,123.57178863547453
CCH-726,forage_dynamic_simdrop,9.903969364315063,2.2812544192059425,,122.26549773511239
CCH-726,forage_phonologicalstatic,9.901666010602527,1.6834416784170343,-0.03311362343541873,123.4303853469349
CCH-726,forage_phonologicaldynamicglobal_simdrop,10.056717403621642,2.428114597410787,-0.04226000191047657,122.03524296854943
CCH-726,forage_phonologicaldynamiclocal_simdrop,10.113982937240788,2.532839356834632,-0.07237433501542427,121.81589050990465
CCH-726,forage_phonologicaldynamicswitch_simdrop,9.888323644000701,2.2807339241747933,0.021186502003818757,122.24697837896883
CCH-726,forage_random_baseline,0.0,0.0,,141.16772224398346
CCL-730,forage_static,9.794236649738696,1.812637801482425,,128.2512520970649
CCL-730,forage_dynamic_simdrop,9.744497251057366,2.6630664145926386,,124.73123565093545
CCL-730,forage_phonologicalstatic,9.993669994852246,2.034077198895512,-0.0815099497835583,127.45322081189197
CCL-730,forage_phonologicaldynamicglobal_simdrop,10.057052204860124,3.162249124205804,-0.11212070401395927,123.33234657683711
CCL-730,forage_phonologicaldynamiclocal_simdrop,9.967430106027763,3.221056642098334,-0.12486320285383097,123.59077137864848
CCL-730,forage_phonologicaldynamicswitch_simdrop,9.83311699334967,2.663841415449075,-0.08612481431401264,124.44682770029013
CCL-730,forage_random_baseline,0.0,0.0,,147.3054492980697
CCX-744,forage_static,10.851384884413443,0.4392173964741577,,94.77020886541634
CCX-744,forage_dynamic_simdrop,11.073512567345107,1.2569733034501591,,92.84108023312162
CCX-744,forage_phonologicalstatic,10.700596279136594,0.38250828081719934,0.06864152698035599,94.24579231228041
CCX-744,forage_phonologicaldynamicglobal_simdrop,10.93296687877757,1.1625571640768402,0.0570816599362107,92.48911534931015
CCX-744,forage_phonologicaldynamiclocal_simdrop,10.765778935142025,1.0607838960172113,0.12666850384107078,91.5579931798486
CCX-744,forage_phonologicaldynamicswitch_simdrop,11.031399375290464,1.2559690792229519,-2.2757688393835074,91.59232840267019
CCX-744,forage_random_baseline,0.0,0.0,,110.47908697355226
CDG-753,forage_static,8.11690869159412,2.321136293304394,,129.76794045096196
CDG-753,forage_dynamic_simdrop,7.656862089515726,3.1118904026154404,,124.54973534325856
CDG-753,forage_phonologicalstatic,8.325858299889518,2.4850941762091945,-0.052983378904929296,129.3940902655369
CDG-753,forage_phonologicaldynamicglobal_simdrop,7.970964657667645,3.5036082059467106,-0.08830103844250224,123.61164020174223
CDG-753,forage_phonologicaldynamiclocal_simdrop,7.8800790792063635,3.4159259757087908,-0.06918186712621825,124.09239004530247
CDG-753,forage_phonologicaldynamicswitch_simdrop,7.696104075836246,3.1107373056321888,-0.15952265245186184,123.92518226258987
CDG-753,forage_random_baseline,0.0,0.0,,147.3054492980697
CDH-754,forage_static,8.282916147041833,2.144927063204951,,77.61663322052911
CDH-754,forage_dynamic_simdrop,8.029590317406967,2.575864521570991,,77.06484281359154
CDH-754,forage_phonologicalstatic,8.151933629581068,1.933671184045245,0.07981544758273564,77.04447802604928
CDH-754,forage_phonologicaldynamicglobal_simdrop,7.94070271837402,2.334231762041167,0.07684973070927333,76.55105173412592
CDH-754,forage_phonologicaldynamiclocal_simdrop,7.973807949145435,2.4071519172794362,0.052315022353905234,76.88111750335315
CDH-754,forage_phonologicaldynamicswitch_simdrop,8.009055643774836,2.5752959796753934,0.16421577260457892,76.55098167891614
CDH-754,forage_random_baseline,0.0,0.0,,85.92817875720729
CDM-759,forage_static,9.194956869362464,1.1035278216014808,,106.27247263754917
CDM-759,forage_dynamic_simdrop,9.060560968993254,1.5935230451129536,,105.67736109049368
CDM-759,forage_phonologicalstatic,9.132701762626962,1.072469312547151,0.024216767535108655,106.20511368639211
CDM-759,forage_phonologicaldynamicglobal_simdrop,9.004031891901715,1.5495094661798898,0.019886130210448247,105.6320760017341
CDM-759,forage_phonologicaldynamiclocal_simdrop,8.927725472455814,1.4621020924118546,0.06095138636012585,105.38899771126884
CDM-759,forage_phonologicaldynamicswitch_simdrop,9.108141713286967,1.5977361640658037,-0.06679150541666011,105.51853494598622
CDM-759,forage_random_baseline,0.0,0.0,,116.6168140276385
CDR-764,forage_static,7.265923767543281,0.1140299544052841,,103.54094931879436
CDR-764,forage_dynamic_simdrop,7.5877983794676895,0.6703936684775805,,103.11722574790348
CDR-764,forage_phonologicalstatic,7.379346976724321,0.1456236572908655,-0.06804097464354664,103.12743918212334
CDR-764,forage_phonologicaldynamicglobal_simdrop,7.7284456144538005,0.7348103473281785,-0.07153222387647772,102.66093672682443
CDR-764,forage_phonologicaldynamiclocal_simdrop,7.645033270758907,0.7108501385259895,-0.04778336448425107,102.97356781288383
CDR-764,forage_phonologicaldynamicswitch_simdrop,7.672875978931549,0.6773714156974906,-0.12495211299607957,102.70375544741255
CDR-764,forage_random_baseline,0.0,0.0,,110.47908697355226
CDU-767,forage_static,9.38474335952601,0.6490506142294646,,104.84339302998356
CDU-767,forage_dynamic_simdrop,9.498534628657554,1.657091575278399,,102.16061601136053
CDU-767,forage_phonologicalstatic,9.636027997444556,0.7458602653118012,-0.09075633615542374,104.06847710690786
CDU-767,forage_phonologicaldynamicglobal_simdrop,9.849335115505268,1.9175142146037363,-0.11416682560583641,101.00615311494063
CDU-767,forage_phonologicaldynamiclocal_simdrop,9.801352559648848,1.9263514410554832,-0.11847285487310304,101.26688959513237
CDU-767,forage_phonologicaldynamicswitch_simdrop,9.548005563242247,1.6577907663154694,-0.1012774796273721,101.9003721115407
CDU-767,forage_random_baseline,0.0,0.0,,116.6168140276385
SGO-159,forage_static,8.740245116271245,1.6228124215261126,,200.26715260484823
SGO-159,forage_dynamic_simdrop,8.687304008542808,2.3544261159662065,,198.04231774359081
SGO-159,forage_phonologicalstatic,8.725735386791662,1.6103120144052485,0.006409387321237702,200.25801817809688
SGO-159,forage_phonologicaldynamicglobal_simdrop,8.683219443966435,2.349000604351669,0.001729413358167429,198.04165328552725
SGO-159,forage_phonologicaldynamiclocal_simdrop,8.741368033831344,2.4282306520819303,-0.023269574384679616,197.95925154687322
SGO-159,forage_phonologicaldynamicswitch_simdrop,8.687456840321572,2.354432143729729,0.05920463900298263,197.80357777709412
SGO-159,forage_random_baseline,0.0,0.0,,220.9581739471046
SIU-211,forage_static,9.34708415808396,1.9120515277344763,,131.0470737941822
SIU-211,forage_dynamic_simdrop,9.03002965339491,2.492388327630457,,128.46118127497877
SIU-211,forage_phonologicalstatic,9.106945303129146,1.6474398217272133,0.0944271072601155,129.68558926273198
SIU-211,forage_phonologicaldynamicglobal_simdrop,8.869553037835052,2.2035418230532757,0.0860522856338522,127.36365917852233
SIU-211,forage_phonologicaldynamiclocal_simdrop,8.94743824205307,2.3556438026217683,0.03916326729582599,128.30055474269977
SIU-211,forage_phonologicaldynamicswitch_simdrop,9.04592565478378,2.4926735442514056,0.20735518611002654,126.67789360000145
SIU-211,forage_random_baseline,0.0,0.0,,147.3054492980697
SIZ-390,forage_static,8.776194052626476,0.9276481997297397,,95.08698093099206
SIZ-390,forage_dynamic_simdrop,8.817569216796072,1.2884355809888908,,94.60131562612051
SIZ-390,forage_phonologicalstatic,8.679561303702966,0.8771415331059071,0.0321662329155776,94.98278224601953
SIZ-390,forage_phonologicaldynamicglobal_simdrop,8.734431369318052,1.234792277562923,0.03166947531232723,94.50033985255745
SIZ-390,forage_phonologicaldynamiclocal_simdrop,8.731473147584921,1.2390566737220186,0.028714653117335495,94.53358350844303
SIZ-390,forage_phonologicaldynamicswitch_simdrop,8.834554875124944,1.2896580475299766,0.04497205321525058,94.5636445587017
SIZ-390,forage_random_baseline,0.0,0.0,,104.34135991946602
SKE-234,forage_static,8.833840632972947,2.125287449528852,,153.68959959710432
SKE-234,forage_dynamic_simdrop,8.48019679092336,2.8059708546617084,,151.42830341428552
SKE-234,forage_phonologicalstatic,8.753395984173729,2.0442000572442502,0.028113042311963696,153.54808441959648
SKE-234,forage_phonologicaldynamicglobal_simdrop,8.42075601844919,2.718463509162243,0.024075916137648944,151.3262027939692
SKE-234,forage_phonologicaldynamiclocal_simdrop,8.578593874411222,2.934698808988199,-0.033762080468030024,151.29244861382364
SKE-234,forage_phonologicaldynamicswitch_simdrop,8.538276020840234,2.8073361590068893,0.15242536692975953,150.14669009630782
SKE-234,forage_random_baseline,0.0,0.0,,171.85635751441467
SMK-401,forage_static,9.731247532445089,1.8626460707812487,,128.3474777855793
SMK-401,forage_dynamic_simdrop,9.278686821556288,2.51550916431615,,124.45388121574922
SMK-401,forage_phonologicalstatic,9.595569106089355,1.7372402842837895,0.05142385697689719,127.95624943172518
SMK-401,forage_phonologicaldynamicglobal_simdrop,9.201615639925157,2.404888459590779,0.031702743886507026,124.31150991895397
SMK-401,forage_phonologicaldynamiclocal_simdrop,9.364123689842703,2.717750486460899,-0.05477976082514281,124.18902966711754
SMK-401,forage_phonologicaldynamicswitch_simdrop,9.034249107236553,2.5171855718800744,0.2515417402925151,122.27045395260002
SMK-401,forage_random_baseline,0.0,0.0,,147.3054492980697
SNI-300,forage_static,8.955337402742686,2.4473575089321824,,96.19383935259242
SNI-300,forage_dynamic_simdrop,8.9381013389472,3.1733954936901543,,95.2754505834238
SNI-300,forage_phonologicalstatic,8.683453898147707,2.214634465165213,0.07274939318584833,95.62238771134938
SNI-300,forage_phonologicaldynamicglobal_simdrop,8.745602941573761,2.8819623843350453,0.072852500815581,94.70062922069243
SNI-300,forage_phonologicaldynamiclocal_simdrop,8.81600641194259,2.9926903321313865,0.04379734079060157,95.13080792179352
SNI-300,forage_phonologicaldynamicswitch_simdrop,8.946344126064808,3.1736326499807066,0.13796376267786786,94.63971917724967
SNI-300,forage_random_baseline,0.0,0.0,,110.47908697355226
SNR-308,forage_static,9.364283178984996,1.7952259127239345,,87.2410445234956
SNR-308,forage_dynamic_simdrop,9.426707054231397,2.262879073770267,,86.55265317066514
SNR-308,forage_phonologicalstatic,9.17368752424253,1.648815237955257,0.056521247012525935,86.92418320489357
SNR-308,forage_phonologicaldynamicglobal_simdrop,9.250907241960308,2.097353382641373,0.05737784014205564,86.22881708203595
SNR-308,forage_phonologicaldynamiclocal_simdrop,9.231722665846405,2.073760308993399,0.06611698741811516,86.2094522673254
SNR-308,forage_phonologicaldynamicswitch_simdrop,9.424741738155577,2.262749907088236,0.022933251722396828,86.5427740996522
SNR-308,forage_random_baseline,0.0,0.0,,98.20363286537977
SNT-310,forage_static,10.051518195183275,1.5274387215809417,,145.38851145129686
SNT-310,forage_dynamic_simdrop,10.438181985195927,2.859925781144894,,139.2939769856018
SNT-310,forage_phonologicalstatic,9.979188767873325,1.4645809666192757,0.030512588284747733,145.22975678668433
SNT-310,forage_phonologicaldynamicglobal_simdrop,10.427642097437289,2.8452055964095457,0.0033943704007058668,139.2921279421173
SNT-310,forage_phonologicaldynamiclocal_simdrop,10.52065545808065,2.997680182589212,-0.03103509861041366,139.19323027587754
SNT-310,forage_phonologicaldynamicswitch_simdrop,10.401222383806873,2.8588197018540353,0.07111299661730262,139.017875183701
SNT-310,forage_random_baseline,0.0,0.0,,165.71863046032843
SNV-312,forage_static,11.78893478318837,1.8282139641911226,,90.94590606480702
SNV-312,forage_dynamic_simdrop,11.312048407634927,2.1909217443789823,,90.16270479249644
SNV-312,forage_phonologicalstatic,11.849456869219024,1.8854871092347913,-0.019038804402181638,90.91012732334114
SNV-312,forage_phonologicaldynamicglobal_simdrop,11.391877417646308,2.29712436254268,-0.02890293204091596,90.08411781521973
SNV-312,forage_phonologicaldynamiclocal_simdrop,11.442137987750517,2.4289506051485605,-0.0637906284092494,89.91605755380621
SNV-312,forage_phonologicaldynamicswitch_simdrop,11.279428950022377,2.1904515631496846,0.03723055367439181,90.11666098083124
SNV-312,forage_random_baseline,0.0,0.0,,110.47908697355226
SNY-315,forage_static,9.772071411714121,1.3774057341024433,,108.48176192068668
SNY-315,forage_dynamic_simdrop,9.441344337422116,1.3582071360254477,,109.21690479019239
SNY-315,forage_phonologicalstatic,9.725104575446453,1.322913183858691,0.03066190725875723,108.36679418812682
SNY-315,forage_phonologicaldynamicglobal_simdrop,9.40279685981216,1.301249094976693,0.033943129030715107,109.0761318092192
SNY-315,forage_phonologicaldynamiclocal_simdrop,9.402080376010547,1.312058313615507,0.02728045271755167,109.15144539572191
SNY-315,forage_phonologicaldynamicswitch_simdrop,9.456789412099107,1.3588659769606948,0.051293084306523865,109.12697951250405
SNY-315,forage_random_baseline,0.0,0.0,,122.75454108172474
SOE-320,forage_static,11.167584255352004,2.1106202155108487,,66.43044379529594
SOE-320,forage_dynamic_simdrop,11.290129382837458,2.9147282237524026,,64.85286570143417
SOE-320,forage_phonologicalstatic,12.704720044371726,3.30455779167334,-0.3396785908183371,61.90743339784919
SOE-320,forage_phonologicaldynamicglobal_simdrop,12.892863497189124,4.689193270556169,-0.3873005061484151,59.76476605000723
SOE-320,forage_phonologicaldynamiclocal_simdrop,12.77869634737697,4.625759270512903,-0.37437007464377875,60.60690540095216
SOE-320,forage_phonologicaldynamicswitch_simdrop,11.355358068889156,2.917203320862659,-1.834447102887866,63.97403510120225
SOE-320,forage_random_baseline,0.0,0.0,,79.79045170312105
SOQ-329,forage_static,9.497468398384427,1.3053436826466533,,126.80827093395047
SOQ-329,forage_dynamic_simdrop,9.35222628572102,2.1995684086600438,,123.72563769157996
SOQ-329,forage_phonologicalstatic,9.20195182859081,1.0852980189164831,0.12022164883586077,124.70288831996334
SOQ-329,forage_phonologicaldynamicglobal_simdrop,9.063358258079623,1.8768534504346517,0.10646902629535133,122.120715790371
SOQ-329,forage_phonologicaldynamiclocal_simdrop,9.268803227650578,2.0961048989342963,0.032206330215154184,123.63367932850286
SOQ-329,forage_phonologicaldynamicswitch_simdrop,9.314638846856603,2.1987717626449292,0.24866759664494745,120.8208578050253
SOQ-329,forage_random_baseline,0.0,0.0,,141.16772224398346
SOX-335,forage_static,10.721458527968677,1.342668044211344,,58.180039209202626
SOX-335,forage_dynamic_simdrop,10.561184954265578,1.9536963634173272,,56.82724000457243
SOX-335,forage_phonologicalstatic,10.50429179971586,1.218751956120838,0.05276144587865587,57.99382830134539
SOX-335,forage_phonologicaldynamicglobal_simdrop,10.414862768150515,1.8368816275090902,0.03579217378389349,56.74389326438923
SOX-335,forage_phonologicaldynamiclocal_simdrop,10.404079255886465,1.7861401936568506,0.05200646475514532,56.68678885756587
SOX-335,forage_phonologicaldynamicswitch_simdrop,10.586642695877503,1.9538275334563848,-0.02462340484367951,56.8184434271904
SOX-335,forage_random_baseline,0.0,0.0,,67.51499759494857
SPA-338,forage_static,8.99662457745596,2.105218568784577,,90.83912599392498
SPA-338,forage_dynamic_simdrop,8.597792339870969,2.795467410675691,,89.6462154439633
SPA-338,forage_phonologicalstatic,8.883148932524785,1.9939468029960024,0.035695531797952436,90.71491373467614
SPA-338,forage_phonologicaldynamicglobal_simdrop,8.53852782326169,2.6733310786308224,0.03308368692287617,89.54241585739472
SPA-338,forage_phonologicaldynamiclocal_simdrop,8.523110444465605,2.651043308746568,0.039383266074638816,89.54711104529179
SPA-338,forage_phonologicaldynamicswitch_simdrop,8.600300299120576,2.795411273216061,0.02020649586690704,89.63372653488724
SPA-338,forage_random_baseline,0.0,0.0,,104.34135991946602
SPC-340,forage_static,9.714832323217848,1.8360205795425586,,107.75643017293092
SPC-340,forage_dynamic_simdrop,9.28963387874068,2.4437928426638957,,106.92955161986988
SPC-340,forage_phonologicalstatic,9.618556937669636,1.7577172060512003,0.02710393256107973,107.66683341297886
SPC-340,forage_phonologicaldynamicglobal_simdrop,9.213917755118375,2.347439662376033,0.02716143998781332,106.84027259726008
SPC-340,forage_phonologicaldynamiclocal_simdrop,9.40514721954554,2.586228523899305,-0.03809213351918663,106.82303957651727
SPC-340,forage_phonologicaldynamicswitch_simdrop,9.314184370400787,2.444122266530402,0.13154457654467558,106.11318769528737
SPC-340,forage_random_baseline,0.0,0.0,,122.75454108172474
SPH-344,forage_static,10.31496445539244,1.6620833416570795,,53.515635578048624
SPH-344,forage_dynamic_simdrop,9.939115722247845,2.443390748596808,,52.21633247965738
SPH-344,forage_phonologicalstatic,10.36728371719796,1.705253180650701,-0.016137551533866343,53.50127462807674
SPH-344,forage_phonologicaldynamicglobal_simdrop,10.033724701499654,2.582213720959688,-0.03477863955573899,52.153718287427594
SPH-344,forage_phonologicaldynamiclocal_simdrop,9.827741636090552,2.299202431481671,0.03809360680648516,52.16029326437606
SPH-344,forage_phonologicaldynamicswitch_simdrop,9.904249586464326,2.443435831749559,-1.8216698575416002,51.18824939875888
SPH-344,forage_random_baseline,0.0,0.0,,61.37727054086234
SPL-436,forage_static,9.842510770542088,1.6089061019326016,,91.46812396496176
SPL-436,forage_dynamic_simdrop,9.453920501533206,2.286095813633135,,88.85323184078511
SPL-436,forage_phonologicalstatic,9.674933522285627,1.4247025454175961,0.06879483276616812,90.96551034967673
SPL-436,forage_phonologicaldynamicglobal_simdrop,9.33901420044729,2.096407034619339,0.052199941586955116,88.58110518935398
SPL-436,forage_phonologicaldynamiclocal_simdrop,9.358187401632982,2.149700886252141,0.037034458004576984,88.74932106802127
SPL-436,forage_phonologicaldynamicswitch_simdrop,9.492409948388332,2.2857425718437994,0.1005842339783645,88.60877518928818
SPL-436,forage_random_baseline,0.0,0.0,,104.34135991946602
SPV-450,forage_static,10.199847534029482,2.143929833431255,,100.34972786719203
SPV-450,forage_dynamic_simdrop,9.699105108899635,2.7123245108547325,,99.40050520829928
SPV-450,forage_phonologicalstatic,10.66790545490011,2.57761146820941,-0.13520139188607605,98.74137836265407
SPV-450,forage_phonologicaldynamicglobal_simdrop,10.229368677053342,3.436610957152957,-0.15405626775092657,97.41180536027495
SPV-450,forage_phonologicaldynamiclocal_simdrop,10.328829606817271,3.7888151097093643,-0.22510161439113016,97.04262092106862
SPV-450,forage_phonologicaldynamicswitch_simdrop,9.729840670431683,2.7124716930275934,-0.055893160921008274,99.29167941654967
SPV-450,forage_random_baseline,0.0,0.0,,116.6168140276385
SPX-452,forage_static,9.338861496623304,2.2903870280218057,,116.73041282906004
SPX-452,forage_dynamic_simdrop,9.080042969209474,3.19973583057266,,113.75773551533092
SPX-452,forage_phonologicalstatic,9.54336252702559,2.5179666791715,-0.060930798124340164,116.30633513347146
SPX-452,forage_phonologicaldynamicglobal_simdrop,9.22588379832125,3.5311434502044343,-0.07323382804976786,113.1942808585062
SPX-452,forage_phonologicaldynamiclocal_simdrop,9.335520241601879,3.7883811252870943,-0.12558064426258864,112.67974138242955
SPX-452,forage_phonologicaldynamicswitch_simdrop,9.076964681145917,3.199730101332355,0.02555750423130534,113.73097215373791
SPX-452,forage_random_baseline,0.0,0.0,,135.02999518989722
SRF-483,forage_static,10.460322966338387,1.4783351809035794,,84.96971708468924
SRF-483,forage_dynamic_simdrop,10.495941882593844,1.9030216217538098,,84.15951010899828
SRF-483,forage_phonologicalstatic,11.103737520693688,1.834288543458822,-0.15078802742703662,83.23789547295931
SRF-483,forage_phonologicaldynamicglobal_simdrop,11.223569509100905,2.4068217251605275,-0.1581928336505447,82.25163948625193
SRF-483,forage_phonologicaldynamiclocal_simdrop,11.233292972930608,2.4909600329341597,-0.18664121448620047,82.12406021883615
SRF-483,forage_phonologicaldynamicswitch_simdrop,10.528946975439345,1.904286287570859,-0.056863493714248044,84.10322722659097
SRF-483,forage_random_baseline,0.0,0.0,,98.20363286537977
SRR-498,forage_static,9.025736414382921,0.4303172137368189,,100.13769401795582
SRR-498,forage_dynamic_simdrop,9.74340093577569,1.6570129745160276,,97.80993509716978
SRR-498,forage_phonologicalstatic,9.024264348922044,0.4384086295733357,-0.03298024629826497,100.03584055543428
SRR-498,forage_phonologicaldynamicglobal_simdrop,9.802295467677096,1.7671394518938048,-0.04748002001552873,97.6001618454151
SRR-498,forage_phonologicaldynamiclocal_simdrop,9.82264693509715,1.8197608498042694,-0.07081880394653456,97.4423313423293
SRR-498,forage_phonologicaldynamicswitch_simdrop,9.737745879672964,1.6566260057104396,0.046126692926004575,97.76881193878343
SRR-498,forage_random_baseline,0.0,0.0,,110.47908697355226
SSG-520,forage_static,12.11557270279266,2.8917447303156076,,71.83519035280975
SSG-520,forage_dynamic_simdrop,11.48799737635455,3.2911654790978173,,71.18503375284251
SSG-520,forage_phonologicalstatic,12.90662441021431,3.7980188604465566,-0.17723711030026745,69.94960718311539
SSG-520,forage_phonologicaldynamicglobal_simdrop,12.157715682477427,4.429117961142628,-0.19975430979564765,69.08254620553686
SSG-520,forage_phonologicaldynamiclocal_simdrop,12.440275007095721,5.07193003254603,-0.29749441083976785,68.33743299536806
SSG-520,forage_phonologicaldynamicswitch_simdrop,11.493984014981855,3.2910986082228715,-0.02300278211710038,71.17323951721475
SSG-520,forage_random_baseline,0.0,0.0,,98.20363286537977
SSZ-539,forage_static,9.50622369983833,1.5550412458466423,,71.48484683924951
SSZ-539,forage_dynamic_simdrop,9.436354159542745,1.7629745932373344,,71.43774101889761
SSZ-539,forage_phonologicalstatic,9.965813835657205,1.9953492010649212,-0.16965806023717311,69.91693980706086
SSZ-539,forage_phonologicaldynamicglobal_simdrop,9.916064636200163,2.271444408756953,-0.17222155497938535,69.82812275449422
SSZ-539,forage_phonologicaldynamiclocal_simdrop,9.794111550799126,2.201094147624262,-0.14829687250879842,70.37336727731736
SSZ-539,forage_phonologicaldynamicswitch_simdrop,9.533955614237383,1.7696415204327316,-2.208315370313727,70.6227277506031
SSZ-539,forage_random_baseline,0.0,0.0,,79.79045170312105
SUG-544,forage_static,10.431130771434272,2.1941567092240097,,78.39977338853119
SUG-544,forage_dynamic_simdrop,10.324289969460185,2.981620198781456,,76.0315192495841
SUG-544,forage_phonologicalstatic,10.316255027349339,2.1056574551413867,0.028176116100235057,78.32858134783893
SUG-544,forage_phonologicaldynamicglobal_simdrop,10.28274288037115,2.936305489540674,0.011444430452149617,76.02042411882536
SUG-544,forage_phonologicaldynamiclocal_simdrop,10.433030655840614,3.122485642227068,-0.03440294320839189,75.95656550587402
SUG-544,forage_phonologicaldynamicswitch_simdrop,10.246140034075971,2.979827269650775,0.1586611906416935,75.53247993879022
SUG-544,forage_random_baseline,0.0,0.0,,92.06590581129353
SUT-556,forage_static,10.068462145981233,0.7551238797068326,,81.33558950287342
SUT-556,forage_dynamic_simdrop,10.178023345454385,1.3072075140550865,,80.66914449752147
SUT-556,forage_phonologicalstatic,10.267392112876394,0.8461217975087569,-0.11194622036924348,80.41522860631912
SUT-556,forage_phonologicaldynamicglobal_simdrop,10.42115939706537,1.5183483376321925,-0.11597309397309408,79.6728239202973
SUT-556,forage_phonologicaldynamiclocal_simdrop,10.262510781412558,1.4691193761381005,-0.09273491925758313,80.22337704060749
SUT-556,forage_phonologicaldynamicswitch_simdrop,10.359278209523287,1.319545874119489,-0.160865392060368,80.0550870773219
SUT-556,forage_random_baseline,0.0,0.0,,92.06590581129353
SUV-558,forage_static,8.17572128206825,2.3296137568034467,,104.583473246766
SUV-558,forage_dynamic_simdrop,7.814998057741133,2.6484655931106453,,104.31734496390193
SUV-558,forage_phonologicalstatic,8.124214781731704,2.2715041425764104,0.01870971102504727,104.54366940577997
SUV-558,forage_phonologicaldynamicglobal_simdrop,7.777108895026642,2.588283193843398,0.016040959851617985,104.28812651872278
SUV-558,forage_phonologicaldynamiclocal_simdrop,7.803297412312149,2.6277601899188068,0.005484246088425316,104.31472992345425
SUV-558,forage_phonologicaldynamicswitch_simdrop,7.80218265142912,2.6482528772891043,0.051164227232728204,104.248300234
SUV-558,forage_random_baseline,0.0,0.0,,116.6168140276385
SVA-563,forage_static,7.474270422307897,0.6148911361193459,,120.83491283355153
SVA-563,forage_dynamic_simdrop,7.726602250262552,1.2740367439257134,,119.63285164526143
SVA-563,forage_phonologicalstatic,7.478341053445874,0.61636974121536,-0.0017685047197489269,120.83451554563173
SVA-563,forage_phonologicaldynamicglobal_simdrop,7.7479394334807346,1.2863840898764398,-0.007622357275552554,119.62549482168869
SVA-563,forage_phonologicaldynamiclocal_simdrop,7.735805772091267,1.2799347010236544,-0.003689049960510238,119.63156885212555
SVA-563,forage_phonologicaldynamicswitch_simdrop,7.732103979856764,1.2744041645037767,-0.018945026078539054,119.62118861396894
SVA-563,forage_random_baseline,0.0,0.0,,128.89226813581098
SVH-570,forage_static,8.607996837663952,1.6073637736591786,,84.01555722989079
SVH-570,forage_dynamic_simdrop,8.67326341943709,2.3134392714353735,,82.9186307509281
SVH-570,forage_phonologicalstatic,8.464492988501975,1.5426450233253326,0.03128298045520103,83.92363944303254
SVH-570,forage_phonologicaldynamicglobal_simdrop,8.55728839759697,2.2346959404546434,0.024955815393548686,82.86033846930444
SVH-570,forage_phonologicaldynamiclocal_simdrop,8.551997452013781,2.195467108257133,0.03887700402270701,82.81579559949182
SVH-570,forage_phonologicaldynamicswitch_simdrop,8.690505846510261,2.3144976105220865,-0.010990161299039602,82.91532813091867
SVH-570,forage_random_baseline,0.0,0.0,,92.06590581129353
SVY-587,forage_static,8.798830845526151,2.5865225444839943,,100.83567054319016
SVY-587,forage_dynamic_simdrop,8.198585515971669,2.9380477476429703,,100.70720844949493
SVY-587,forage_phonologicalstatic,9.08122023963534,2.8548353251519414,-0.07173491767035824,100.33392634976364
SVY-587,forage_phonologicaldynamicglobal_simdrop,8.4043815064453,3.235296486379683,-0.07241197244925826,100.20244141729297
SVY-587,forage_phonologicaldynamiclocal_simdrop,8.576653144062526,3.454458523158988,-0.1223208144637765,99.76914315315128
SVY-587,forage_phonologicaldynamicswitch_simdrop,8.201581482580677,2.9380154509605756,0.027832215244705017,100.68154808457447
SVY-587,forage_random_baseline,0.0,0.0,,116.6168140276385
SZA-781,forage_static,8.820464879235494,2.986445500819834,,89.96222820544102
SZA-781,forage_dynamic_simdrop,8.606705675587973,3.401375905438551,,89.12276103648952
SZA-781,forage_phonologicalstatic,9.337655977944229,3.8641481884421744,-0.1842001011342254,87.69817537369886
SZA-781,forage_phonologicaldynamicglobal_simdrop,9.08937630189324,4.453867415353975,-0.1990887051390092,86.65274102155716
SZA-781,forage_phonologicaldynamiclocal_simdrop,9.425949416269708,4.996972235268855,-0.2934880085497296,85.44661162840923
SZA-781,forage_phonologicaldynamicswitch_simdrop,8.621326822616345,3.401710556346923,0.058839051105944555,89.0588336333024
SZA-781,forage_random_baseline,0.0,0.0,,104.34135991946602
