Subject,Model,Beta_Frequency,Beta_Semantic,Beta_Phonological,Negative_Log_Likelihood_Optimized
CAF-657,forage_dynamic_simdrop,8.975094993021148,2.222042789833052,,158.56724323779733
CAF-657,forage_random_baseline,0.0,0.0,,177.9940845685009
CAJ-663,forage_dynamic_simdrop,8.109336403754455,1.7479732212570491,,112.34835710130996
CAJ-663,forage_random_baseline,0.0,0.0,,122.75454108172474
CAM-666,forage_dynamic_simdrop,9.47951234012498,2.257338419321278,,134.79654846798184
CAM-666,forage_random_baseline,0.0,0.0,,153.44317635215594
CAP-671,forage_dynamic_simdrop,10.200355324081798,1.6541697007246812,,101.3092271140078
CAP-671,forage_random_baseline,0.0,0.0,,116.6168140276385
CAQ-672,forage_dynamic_simdrop,8.994186069237127,2.2878918836326405,,127.51925288858445
CAQ-672,forage_random_baseline,0.0,0.0,,141.16772224398346
CAR-673,forage_dynamic_simdrop,8.851380376365755,2.831486771572105,,123.39870615987304
CAR-673,forage_random_baseline,0.0,0.0,,141.16772224398346
CAS-674,forage_dynamic_simdrop,7.256596178454031,2.9788345117738544,,115.04683094790353
CAS-674,forage_random_baseline,0.0,0.0,,128.89226813581098
CAV-678,forage_dynamic_simdrop,6.8625304495042965,2.116165022229123,,161.288938465943
CAV-678,forage_random_baseline,0.0,0.0,,171.85635751441467
CAY-681,forage_dynamic_simdrop,9.11319585247518,2.907469783911323,,121.68322068759053
CAY-681,forage_random_baseline,0.0,0.0,,141.16772224398346
CBD-686,forage_dynamic_simdrop,9.005368411896486,2.9731189719510303,,108.84028805260539
CBD-686,forage_random_baseline,0.0,0.0,,128.89226813581098
CBF-691,forage_dynamic_simdrop,8.716511406586813,2.6112529643723974,,103.3309065965811
CBF-691,forage_random_baseline,0.0,0.0,,116.6168140276385
CBH-693,forage_dynamic_simdrop,8.241707171047697,2.928090417393881,,127.47674358741216
CBH-693,forage_random_baseline,0.0,0.0,,147.3054492980697
CBJ-697,forage_dynamic_simdrop,7.371383827953251,2.2040105760888404,,130.29018635487995
CBJ-697,forage_random_baseline,0.0,0.0,,141.16772224398346
CBL-698,forage_dynamic_simdrop,6.078385554119296,3.57964849160159,,106.98778084399585
CBL-698,forage_random_baseline,0.0,0.0,,122.75454108172474
CBM-702,forage_dynamic_simdrop,7.597443491571813,2.8427430183844002,,150.39399556420125
CBM-702,forage_random_baseline,0.0,0.0,,165.71863046032843
CBP-707,forage_dynamic_simdrop,8.735066865361727,2.678857425741717,,150.6252274852417
CBP-707,forage_random_baseline,0.0,0.0,,171.85635751441467
CBS-711,forage_dynamic_simdrop,6.95706939060704,1.9515713326350559,,137.9651073310489
CBS-711,forage_random_baseline,0.0,0.0,,147.3054492980697
CBW-715,forage_dynamic_simdrop,8.726643595002276,2.7844424047961454,,97.06918564298313
CBW-715,forage_random_baseline,0.0,0.0,,110.47908697355226
CCB-720,forage_dynamic_simdrop,7.4735492038392906,1.4768146046642199,,80.35541221376194
CCB-720,forage_random_baseline,0.0,0.0,,85.92817875720729
CCC-721,forage_dynamic_simdrop,11.853496022850369,1.9850225561920385,,73.41305096995364
CCC-721,forage_random_baseline,0.0,0.0,,92.06590581129353
CCD-722,forage_dynamic_simdrop,8.181436169533274,2.1841043945087697,,160.30029305208208
CCD-722,forage_random_baseline,0.0,0.0,,177.9940845685009
CCF-724,forage_dynamic_simdrop,11.448635900404838,2.0013719674727093,,91.05103934264504
CCF-724,forage_random_baseline,0.0,0.0,,110.47908697355226
CCH-726,forage_dynamic_simdrop,9.903971516754277,2.281254103317323,,122.26549773511469
CCH-726,forage_random_baseline,0.0,0.0,,141.16772224398346
CCL-730,forage_dynamic_simdrop,9.744500401040801,2.6630657657093466,,124.73123565093276
CCL-730,forage_random_baseline,0.0,0.0,,147.3054492980697
CCX-744,forage_dynamic_simdrop,11.073515317447013,1.2569722221204485,,92.84108023311975
CCX-744,forage_random_baseline,0.0,0.0,,110.47908697355226
CDG-753,forage_dynamic_simdrop,7.6568682249544375,3.1118924513902217,,124.5497353432446
CDG-753,forage_random_baseline,0.0,0.0,,147.3054492980697
CDH-754,forage_dynamic_simdrop,8.029589071164297,2.5758619119720665,,77.06484281357888
CDH-754,forage_random_baseline,0.0,0.0,,85.92817875720729
CDM-759,forage_dynamic_simdrop,9.060561910290394,1.5935222931786541,,105.67736109049221
CDM-759,forage_random_baseline,0.0,0.0,,116.6168140276385
CDR-764,forage_dynamic_simdrop,7.587808483887807,0.6703926772554158,,103.11722574790194
CDR-764,forage_random_baseline,0.0,0.0,,110.47908697355226
CDU-767,forage_dynamic_simdrop,9.498532636419808,1.6570897779344942,,102.1606160113512
CDU-767,forage_random_baseline,0.0,0.0,,116.6168140276385
SGO-159,forage_dynamic_simdrop,8.687299796665458,2.354424240591172,,198.04231774359667
SGO-159,forage_random_baseline,0.0,0.0,,220.9581739471046
SIU-211,forage_dynamic_simdrop,9.030034358449287,2.4923893347718864,,128.46118127499125
SIU-211,forage_random_baseline,0.0,0.0,,147.3054492980697
SIZ-390,forage_dynamic_simdrop,8.81757294292501,1.2884374684391844,,94.6013156261139
SIZ-390,forage_random_baseline,0.0,0.0,,104.34135991946602
SKE-234,forage_dynamic_simdrop,8.480200065295964,2.8059694604346896,,151.4283034142885
SKE-234,forage_random_baseline,0.0,0.0,,171.85635751441467
SMK-401,forage_dynamic_simdrop,9.278689839506018,2.5155083116806987,,124.45388121575195
SMK-401,forage_random_baseline,0.0,0.0,,147.3054492980697
SNI-300,forage_dynamic_simdrop,8.938104222038067,3.173395343083276,,95.27545058342845
SNI-300,forage_random_baseline,0.0,0.0,,110.47908697355226
SNR-308,forage_dynamic_simdrop,9.426740335977197,2.2628754240137154,,86.55265317074173
SNR-308,forage_random_baseline,0.0,0.0,,98.20363286537977
SNT-310,forage_dynamic_simdrop,10.438179150085016,2.8599224523262468,,139.2939769855987
SNT-310,forage_random_baseline,0.0,0.0,,165.71863046032843
SNV-312,forage_dynamic_simdrop,11.312050081969076,2.190922962999627,,90.16270479249812
SNV-312,forage_random_baseline,0.0,0.0,,110.47908697355226
SNY-315,forage_dynamic_simdrop,9.441347822120298,1.3582056825526911,,109.21690479020046
SNY-315,forage_random_baseline,0.0,0.0,,122.75454108172474
SOE-320,forage_dynamic_simdrop,11.290123763089252,2.9147265340654807,,64.85286570143013
SOE-320,forage_random_baseline,0.0,0.0,,79.79045170312105
SOQ-329,forage_dynamic_simdrop,9.352228976336812,2.1995684638301,,123.72563769157806
SOQ-329,forage_random_baseline,0.0,0.0,,141.16772224398346
SOX-335,forage_dynamic_simdrop,10.561182285422763,1.9537005844317845,,56.827240004549466
SOX-335,forage_random_baseline,0.0,0.0,,67.51499759494857
SPA-338,forage_dynamic_simdrop,8.597770159288554,2.7954730620315575,,89.6462154439304
SPA-338,forage_random_baseline,0.0,0.0,,104.34135991946602
SPC-340,forage_dynamic_simdrop,9.289636188553484,2.443792445772785,,106.92955161986431
SPC-340,forage_random_baseline,0.0,0.0,,122.75454108172474
SPH-344,forage_dynamic_simdrop,9.939122207923065,2.4433900300586364,,52.21633247966801
SPH-344,forage_random_baseline,0.0,0.0,,61.37727054086234
SPL-436,forage_dynamic_simdrop,9.453924571485903,2.286096852405358,,88.85323184078223
SPL-436,forage_random_baseline,0.0,0.0,,104.34135991946602
SPV-450,forage_dynamic_simdrop,9.699077304270128,2.712325084224881,,99.40050520816783
SPV-450,forage_random_baseline,0.0,0.0,,116.6168140276385
SPX-452,forage_dynamic_simdrop,9.08003116950166,3.1997352129673846,,113.7577355153131
SPX-452,forage_random_baseline,0.0,0.0,,135.02999518989722
SRF-483,forage_dynamic_simdrop,10.495939959794008,1.9030211180211312,,84.15951010899896
SRF-483,forage_random_baseline,0.0,0.0,,98.20363286537977
SRR-498,forage_dynamic_simdrop,9.743397593374473,1.657012373571619,,97.80993509717221
SRR-498,forage_random_baseline,0.0,0.0,,110.47908697355226
SSG-520,forage_dynamic_simdrop,11.488016884199146,3.291163906934482,,71.18503375279298
SSG-520,forage_random_baseline,0.0,0.0,,98.20363286537977
SSZ-539,forage_dynamic_simdrop,9.436359026937563,1.7629764558978882,,71.43774101890264
SSZ-539,forage_random_baseline,0.0,0.0,,79.79045170312105
SUG-544,forage_dynamic_simdrop,10.324289922669287,2.981621111658587,,76.03151924958325
SUG-544,forage_random_baseline,0.0,0.0,,92.06590581129353
SUT-556,forage_dynamic_simdrop,10.17802391826978,1.3072080915594484,,80.66914449752079
SUT-556,forage_random_baseline,0.0,0.0,,92.06590581129353
SUV-558,forage_dynamic_simdrop,7.815007258319243,2.6484634082592047,,104.31734496390459
SUV-558,forage_random_baseline,0.0,0.0,,116.6168140276385
SVA-563,forage_dynamic_simdrop,7.726598490777351,1.274032838242968,,119.63285164527582
SVA-563,forage_random_baseline,0.0,0.0,,128.89226813581098
SVH-570,forage_dynamic_simdrop,8.673259863313799,2.313435168025207,,82.91863075092019
SVH-570,forage_random_baseline,0.0,0.0,,92.06590581129353
SVY-587,forage_dynamic_simdrop,8.198585842753536,2.938048446322447,,100.70720844949489
SVY-587,forage_random_baseline,0.0,0.0,,116.6168140276385
SZA-781,forage_dynamic_simdrop,8.606721302660805,3.401375621359078,,89.12276103650022
SZA-781,forage_random_baseline,0.0,0.0,,104.34135991946602
