Subject,Model,Beta_Frequency,Beta_Semantic,Beta_Phonological,Negative_Log_Likelihood_Optimized
CAF-657,forage_static,8.406320073675708,1.1660540652054112,,162.7793140991598
CAF-657,forage_dynamic_simdrop,8.214266491280712,2.743384657432806,,154.89275483105615
CAF-657,forage_phonologicalstatic,8.364534727585385,1.134008742236262,0.022116992273125746,162.68922101014115
CAF-657,forage_phonologicaldynamicglobal_simdrop,8.223885968100392,2.763050854857394,-0.005316856494342886,154.8878415770916
CAF-657,forage_phonologicaldynamiclocal_simdrop,8.265373618743801,2.9077756030872393,-0.0433444160614005,154.6953529715578
CAF-657,forage_phonologicaldynamicswitch_simdrop,8.176656482870811,2.7438666245513663,0.055213208729985,154.6868363230149
CAF-657,forage_random_baseline,0.0,0.0,,177.9940845685009
CAJ-663,forage_static,7.205043497632185,0.27271217383243124,,115.24671330672632
CAJ-663,forage_dynamic_simdrop,7.606377559513258,1.6064967162671524,,113.09642670309032
CAJ-663,forage_phonologicalstatic,7.080672851792148,0.23062300417211845,0.07835966075507274,114.44516072837457
CAJ-663,forage_phonologicaldynamicglobal_simdrop,7.471351883034881,1.4886622740202144,0.07016767406138866,112.45891172935173
CAJ-663,forage_phonologicaldynamiclocal_simdrop,7.418417306255862,1.4136670402526663,0.11923722599685178,111.7509373957049
CAJ-663,forage_phonologicaldynamicswitch_simdrop,7.627243338044611,1.6073100726446004,-0.08858463761978982,112.90079771697387
CAJ-663,forage_random_baseline,0.0,0.0,,122.75454108172474
CAM-666,forage_static,9.090023090133196,2.1095910804569717,,134.15112759316182
CAM-666,forage_dynamic_simdrop,8.727800633642406,2.692869333325078,,132.24437354188285
CAM-666,forage_phonologicalstatic,9.248173246989474,2.322228215984046,-0.06433219255688474,133.5919512207861
CAM-666,forage_phonologicaldynamicglobal_simdrop,8.8960780692074,3.0328132953025144,-0.07966629949674506,131.4307955266751
CAM-666,forage_phonologicaldynamiclocal_simdrop,8.83501073810629,2.938779417270922,-0.05815278278977438,131.9248511012601
CAM-666,forage_phonologicaldynamicswitch_simdrop,8.75281011122057,2.6926168287434704,-0.1468098126849746,131.59113266847427
CAM-666,forage_random_baseline,0.0,0.0,,153.44317635215594
CAP-671,forage_static,10.04053952565538,1.3476575037554173,,102.0682852817106
CAP-671,forage_dynamic_simdrop,10.053993609225696,2.1080780907282097,,99.66966346016088
CAP-671,forage_phonologicalstatic,10.014387201257982,1.3256680689411628,0.011251386518969753,102.053314835227
CAP-671,forage_phonologicaldynamicglobal_simdrop,10.057704545393461,2.113049467947882,-0.0016837088428484812,99.66933653837637
CAP-671,forage_phonologicaldynamiclocal_simdrop,9.94651025866262,1.958240941888002,0.0525263952129696,99.41806068329802
CAP-671,forage_phonologicaldynamicswitch_simdrop,10.069416119575907,2.1083724508180803,-2.659802937282161,98.11267868003792
CAP-671,forage_random_baseline,0.0,0.0,,116.6168140276385
CAQ-672,forage_static,8.38809207785511,1.7133064527942792,,127.95950904571114
CAQ-672,forage_dynamic_simdrop,8.27992645251155,2.803961948234141,,124.50771614345979
CAQ-672,forage_phonologicalstatic,8.451005006669584,1.7951314393904843,-0.030338844699951857,127.83460874279545
CAQ-672,forage_phonologicaldynamicglobal_simdrop,8.388592919759065,3.058651687327966,-0.054816254349630035,124.12603983125831
CAQ-672,forage_phonologicaldynamiclocal_simdrop,8.374442542615071,3.0587018383304723,-0.05486657806496059,124.25419130845086
CAQ-672,forage_phonologicaldynamicswitch_simdrop,8.293202039352519,2.8041151827670032,-0.05451894270612085,124.37998988425954
CAQ-672,forage_random_baseline,0.0,0.0,,141.16772224398346
CAR-673,forage_static,8.220597127928066,1.9294399746273672,,126.52812855146541
CAR-673,forage_dynamic_simdrop,8.401061282307543,3.3507256473396887,,121.95816029342086
CAR-673,forage_phonologicalstatic,8.43058764359727,2.111424904128309,-0.067265962230456,125.93529506015287
CAR-673,forage_phonologicaldynamicglobal_simdrop,8.673914077599893,3.776502597201336,-0.0905773576492636,120.94535948835147
CAR-673,forage_phonologicaldynamiclocal_simdrop,8.7438631780853,4.0536551219101415,-0.14607334952023218,120.38391960962524
CAR-673,forage_phonologicaldynamicswitch_simdrop,8.403607793878205,3.350817673692949,-0.004185351938655139,121.95726635160078
CAR-673,forage_random_baseline,0.0,0.0,,141.16772224398346
CAS-674,forage_static,6.9181720751343905,2.924826849116243,,114.55689586507702
CAS-674,forage_dynamic_simdrop,6.48239859186137,3.435671465765957,,114.12927524091369
CAS-674,forage_phonologicalstatic,7.009133223110571,3.2136986594295096,-0.06741895064628313,114.01136964011631
CAS-674,forage_phonologicaldynamicglobal_simdrop,6.5342661015916494,3.8104641037363214,-0.07475534396592436,113.49603256137631
CAS-674,forage_phonologicaldynamiclocal_simdrop,6.531724965262687,3.718966463647511,-0.05725734510486568,113.85952296249772
CAS-674,forage_phonologicaldynamicswitch_simdrop,6.460267657022226,3.4360565767115934,-0.12675627830905045,113.67255683183477
CAS-674,forage_random_baseline,0.0,0.0,,128.89226813581098
CAV-678,forage_static,6.240498941525154,1.7089348427090036,,161.6418060268304
CAV-678,forage_dynamic_simdrop,6.1971072721017615,2.44602268076259,,159.63056313980164
CAV-678,forage_phonologicalstatic,6.268744356560398,1.7530957764181716,-0.020999930521757908,161.5660128527051
CAV-678,forage_phonologicaldynamicglobal_simdrop,6.235658306328444,2.5329819360888286,-0.027248429287967384,159.50546622591844
CAV-678,forage_phonologicaldynamiclocal_simdrop,6.246746496163593,2.5510963294862044,-0.0328380484587181,159.4924017148149
CAV-678,forage_phonologicaldynamicswitch_simdrop,6.196158072837161,2.4460081444589172,-0.00942000132541074,159.62689871662545
CAV-678,forage_random_baseline,0.0,0.0,,171.85635751441467
CAY-681,forage_static,8.045232127605688,1.496788179405361,,128.02071739056174
CAY-681,forage_dynamic_simdrop,8.474632885858192,2.71572126762256,,124.45065344971727
CAY-681,forage_phonologicalstatic,8.270015110502921,1.6811533104665528,-0.07961832870134138,127.23323645756668
CAY-681,forage_phonologicaldynamicglobal_simdrop,8.690951055409625,3.0859812465588474,-0.09380140838735354,123.38239858896031
CAY-681,forage_phonologicaldynamiclocal_simdrop,8.551727370656003,2.9344448217288823,-0.05677439436613873,124.17428952265693
CAY-681,forage_phonologicaldynamicswitch_simdrop,8.616593376901411,2.719787519199026,-0.186416416407518,123.30311900559232
CAY-681,forage_random_baseline,0.0,0.0,,141.16772224398346
CBD-686,forage_static,8.273370125172582,1.9814069039568483,,114.92997930165303
CBD-686,forage_dynamic_simdrop,8.007594081134478,2.9351820613464215,,111.44003893916548
CBD-686,forage_phonologicalstatic,8.300898063228718,2.034003609288329,-0.018207975097318002,114.88880271018118
CBD-686,forage_phonologicaldynamicglobal_simdrop,8.031930617168255,3.060558549695493,-0.031140289192880092,111.32506891187934
CBD-686,forage_phonologicaldynamiclocal_simdrop,8.038704419643352,3.1055711123319107,-0.04201896196430127,111.2946764281937
CBD-686,forage_phonologicaldynamicswitch_simdrop,8.007911595935884,2.9351754512864074,-0.006239983693278434,111.43860652194458
CBD-686,forage_random_baseline,0.0,0.0,,128.89226813581098
CBF-691,forage_static,7.978795644242899,1.350292379648865,,106.90495950697294
CBF-691,forage_dynamic_simdrop,8.016003543210557,2.6633252778014196,,103.83737610814809
CBF-691,forage_phonologicalstatic,7.897268194101561,1.294383639807958,0.03350547730444796,106.76751454325212
CBF-691,forage_phonologicaldynamicglobal_simdrop,7.973514980508727,2.6074834779898413,0.014334465015047511,103.81279664562372
CBF-691,forage_phonologicaldynamiclocal_simdrop,7.790895912306445,2.2292866981152257,0.12222262917191434,102.6594608147825
CBF-691,forage_phonologicaldynamicswitch_simdrop,8.249195231396191,2.6670583405907666,-0.23198369871890764,102.1763763734964
CBF-691,forage_random_baseline,0.0,0.0,,116.6168140276385
CBH-693,forage_static,8.066956246571792,2.167532555229996,,131.00511606049668
CBH-693,forage_dynamic_simdrop,7.672545249715203,3.4554652803793284,,123.03962768150642
CBH-693,forage_phonologicalstatic,7.9156981567961235,1.912380358972424,0.07828514936117915,130.06168158803825
CBH-693,forage_phonologicaldynamicglobal_simdrop,7.6039690820106784,3.2438414670707063,0.044066144399737425,122.76622770312946
CBH-693,forage_phonologicaldynamiclocal_simdrop,7.602008894543695,3.290546645439429,0.03412250875153671,122.93032246425895
CBH-693,forage_phonologicaldynamicswitch_simdrop,7.704524893467468,3.454716350920785,0.06377796326694607,122.84658651828575
CBH-693,forage_random_baseline,0.0,0.0,,147.3054492980697
CBJ-697,forage_static,6.553725112699295,1.47993923429741,,132.3624050409966
CBJ-697,forage_dynamic_simdrop,6.6257045327340744,2.1683868980761605,,130.60519315225443
CBJ-697,forage_phonologicalstatic,6.685995090787373,1.5824291980034522,-0.05451127751333067,131.9672158543513
CBJ-697,forage_phonologicaldynamicglobal_simdrop,6.771086356540796,2.3615591601946524,-0.06309994039402209,130.07864505245144
CBJ-697,forage_phonologicaldynamiclocal_simdrop,6.685487103553684,2.2746251934242547,-0.03487433763438581,130.4762866443195
CBJ-697,forage_phonologicaldynamicswitch_simdrop,6.719817146235235,2.170115313392746,-0.17373967924772826,129.8331247558438
CBJ-697,forage_random_baseline,0.0,0.0,,141.16772224398346
CBL-698,forage_static,5.345171810441429,2.0036636511774812,,115.51800735961166
CBL-698,forage_dynamic_simdrop,5.344004620473774,2.5681298607311907,,113.93181609759961
CBL-698,forage_phonologicalstatic,5.3582728336546435,2.0234909013704563,-0.007788690818172115,115.51070606324036
CBL-698,forage_phonologicaldynamicglobal_simdrop,5.367488037100284,2.617097622875746,-0.015284091173089319,113.90431207630513
CBL-698,forage_phonologicaldynamiclocal_simdrop,5.3616961350093915,2.6016509459693715,-0.010487299135144647,113.9206306924595
CBL-698,forage_phonologicaldynamicswitch_simdrop,5.337326301661414,2.5680759408389884,-0.04639330943945984,113.89816290246391
CBL-698,forage_random_baseline,0.0,0.0,,122.75454108172474
CBM-702,forage_static,7.079748492420752,2.2720151538754263,,151.13810628746782
CBM-702,forage_dynamic_simdrop,6.729857418270432,3.1368471822478137,,147.6536821293333
CBM-702,forage_phonologicalstatic,6.983034258495052,2.0192896723153066,0.08346097710513438,149.9227647207879
CBM-702,forage_phonologicaldynamicglobal_simdrop,6.660357273943367,2.838364089157615,0.06887474995028631,146.86684979645779
CBM-702,forage_phonologicaldynamiclocal_simdrop,6.703465352105301,3.0205563413063983,0.025822347674312882,147.57618802175605
CBM-702,forage_phonologicaldynamicswitch_simdrop,6.728462983681713,3.1368632980212108,0.18028592435180188,146.17022364033008
CBM-702,forage_random_baseline,0.0,0.0,,165.71863046032843
CBP-707,forage_static,8.598873708995708,1.9442869320858909,,153.95838968804765
CBP-707,forage_dynamic_simdrop,8.359572093685575,2.4547189469151784,,152.6226002071232
CBP-707,forage_phonologicalstatic,8.788366512651612,2.1965197492154984,-0.08113071125128098,152.95822051519815
CBP-707,forage_phonologicaldynamicglobal_simdrop,8.550577218567204,2.8535185357824377,-0.09318289516187417,151.3534032022975
CBP-707,forage_phonologicaldynamiclocal_simdrop,8.735677364021452,3.3246650266262376,-0.20422392007130225,149.09351678671243
CBP-707,forage_phonologicaldynamicswitch_simdrop,8.340587212701989,2.4545058958843717,0.09378599447713351,152.1404518688477
CBP-707,forage_random_baseline,0.0,0.0,,171.85635751441467
CBS-711,forage_static,6.446697986166012,1.4165127101140902,,139.04372306567518
CBS-711,forage_dynamic_simdrop,6.2879022016143615,2.533907560761829,,135.70902516974192
CBS-711,forage_phonologicalstatic,6.458091958775354,1.4327458013797252,-0.008620151024100133,139.03286281849427
CBS-711,forage_phonologicaldynamicglobal_simdrop,6.3400698148398655,2.6557165863055476,-0.030296903530614525,135.5799459287363
CBS-711,forage_phonologicaldynamiclocal_simdrop,6.305569366870213,2.57992535771184,-0.011551542628935967,135.69593200155632
CBS-711,forage_phonologicaldynamicswitch_simdrop,6.301727447904484,2.5338507439240328,-0.07436296233148802,135.4810776338433
CBS-711,forage_random_baseline,0.0,0.0,,147.3054492980697
CBW-715,forage_static,8.031971146406118,2.2673760126230236,,98.59196725136556
CBW-715,forage_dynamic_simdrop,7.906943029099993,2.9676781162701693,,97.26687159159617
CBW-715,forage_phonologicalstatic,8.016895215313475,2.21710840303106,0.01386194753538917,98.57206929902098
CBW-715,forage_phonologicaldynamicglobal_simdrop,7.901615685389256,2.932639775844479,0.007631885073234304,97.26112122428378
CBW-715,forage_phonologicaldynamiclocal_simdrop,8.01495677888365,3.5113955046597005,-0.11174004838458709,96.49742968982366
CBW-715,forage_phonologicaldynamicswitch_simdrop,7.874942927778822,2.966976965847813,0.3022455163572503,94.81497226798501
CBW-715,forage_random_baseline,0.0,0.0,,110.47908697355226
CCB-720,forage_static,6.810889686550206,0.5467917796328725,,81.42589151652659
CCB-720,forage_dynamic_simdrop,7.159320224443696,1.4644979176639823,,80.18909277681492
CCB-720,forage_phonologicalstatic,6.8431040197622135,0.47398555873493636,0.0806562718884172,80.86842297227614
CCB-720,forage_phonologicaldynamicglobal_simdrop,7.151831461872503,1.3173382014599846,0.06895513738500422,79.7819076017138
CCB-720,forage_phonologicaldynamiclocal_simdrop,7.158149067353568,1.4576289706418575,0.0032714026386596387,80.18837235944662
CCB-720,forage_phonologicaldynamicswitch_simdrop,7.24230633671507,1.468770184370614,0.7171987983081798,77.64044677635104
CCB-720,forage_random_baseline,0.0,0.0,,85.92817875720729
CCC-721,forage_static,11.949533792684235,1.9048532755175367,,72.95880193781635
CCC-721,forage_dynamic_simdrop,11.423098576307614,2.5796196596849597,,71.4711253898962
CCC-721,forage_phonologicalstatic,12.291306867147513,2.1840967824165047,-0.08727354363148959,72.4074271151964
CCC-721,forage_phonologicaldynamicglobal_simdrop,11.75565279590465,3.057553708101983,-0.11267018752428415,70.65761122463341
CCC-721,forage_phonologicaldynamiclocal_simdrop,11.685988685077238,3.1187635617589846,-0.12549553502623415,70.839797817617
CCC-721,forage_phonologicaldynamicswitch_simdrop,11.499782961672807,2.5777989949959332,-0.08849001670402842,71.275561431859
CCC-721,forage_random_baseline,0.0,0.0,,92.06590581129353
CCD-722,forage_static,7.69731760452654,1.4025573550975559,,163.65015399806376
CCD-722,forage_dynamic_simdrop,7.61894628895013,2.544369513221043,,159.08430604198435
CCD-722,forage_phonologicalstatic,7.752068062843923,1.476686889875002,-0.04034135883850089,163.36693172877335
CCD-722,forage_phonologicaldynamicglobal_simdrop,7.6912018002514335,2.7287805283117104,-0.054734347550057995,158.57599599673372
CCD-722,forage_phonologicaldynamiclocal_simdrop,7.618558177251124,2.5434779578689666,0.00027203674273011333,159.08429708726985
CCD-722,forage_phonologicaldynamicswitch_simdrop,7.604608088633492,2.544341073942304,-0.22708898460296434,157.24543388611707
CCD-722,forage_random_baseline,0.0,0.0,,177.9940845685009
CCF-724,forage_static,11.214981759790092,1.950836195641545,,90.73346676520573
CCF-724,forage_dynamic_simdrop,10.888220564001356,2.4293346165534104,,89.35007189855315
CCF-724,forage_phonologicalstatic,11.202887280871352,1.9363903625255567,0.004722426298685608,90.73104465510194
CCF-724,forage_phonologicaldynamicglobal_simdrop,10.89698035356394,2.446748310538443,-0.004642949290047366,89.34781415080474
CCF-724,forage_phonologicaldynamiclocal_simdrop,10.878565125499753,2.4067029762776833,0.006077676106204793,89.34707035058192
CCF-724,forage_phonologicaldynamicswitch_simdrop,10.900118976151148,2.4293421694178905,-0.042587842446647615,89.30929259798341
CCF-724,forage_random_baseline,0.0,0.0,,110.47908697355226
CCH-726,forage_static,9.307752586273022,1.8283972456319526,,122.67169502864026
CCH-726,forage_dynamic_simdrop,8.95583741353461,2.497092888554802,,120.45785694816301
CCH-726,forage_phonologicalstatic,9.403139841726635,1.925336252905624,-0.038486189062680934,122.48056031210598
CCH-726,forage_phonologicaldynamicglobal_simdrop,9.073093652605264,2.674496323571842,-0.05281378898986778,120.11627077469322
CCH-726,forage_phonologicaldynamiclocal_simdrop,9.081698275870602,2.7242760173570297,-0.0671418144255416,120.07457413846397
CCH-726,forage_phonologicaldynamicswitch_simdrop,8.962873365521952,2.4969603365866115,-0.019557331725853003,120.44338653662122
CCH-726,forage_random_baseline,0.0,0.0,,141.16772224398346
CCL-730,forage_static,9.21939433787862,1.787818278294447,,129.4033747638293
CCL-730,forage_dynamic_simdrop,8.844850073495936,2.515412771576514,,125.91984059902904
CCL-730,forage_phonologicalstatic,9.380794798948214,2.001991139268459,-0.07828301935444917,128.64521996679338
CCL-730,forage_phonologicaldynamicglobal_simdrop,9.00509431507822,2.9460618338027413,-0.10714056433590116,124.6227029348621
CCL-730,forage_phonologicaldynamiclocal_simdrop,9.02836788771432,2.962269446732764,-0.11110602907761867,124.83048511402686
CCL-730,forage_phonologicaldynamicswitch_simdrop,8.830440630360426,2.5156617035319653,-0.0924486480684607,125.7052637408013
CCL-730,forage_random_baseline,0.0,0.0,,147.3054492980697
CCX-744,forage_static,10.946583022217853,1.0180967451262972,,93.61161663389942
CCX-744,forage_dynamic_simdrop,10.99666637317449,1.6774868616126204,,91.65431018548237
CCX-744,forage_phonologicalstatic,10.802996135967167,0.9210427282778993,0.058442083984407506,93.23911634404735
CCX-744,forage_phonologicaldynamicglobal_simdrop,10.887454710811625,1.5668789689541738,0.05004399132835261,91.3842617066053
CCX-744,forage_phonologicaldynamiclocal_simdrop,10.861206394747597,1.5148517611849674,0.07513415632121548,91.14976336173584
CCX-744,forage_phonologicaldynamicswitch_simdrop,11.02177890191217,1.6777414774481116,-0.07295612654001786,91.56111880036032
CCX-744,forage_random_baseline,0.0,0.0,,110.47908697355226
CDG-753,forage_static,7.314697779907566,2.2969692314522057,,130.40621600273624
CDG-753,forage_dynamic_simdrop,7.025343779692626,3.2299593131289095,,126.04570377112331
CDG-753,forage_phonologicalstatic,7.465051449868723,2.506924672236948,-0.060629835904779994,129.92282373546308
CDG-753,forage_phonologicaldynamicglobal_simdrop,7.199891524170996,3.674124271774144,-0.0905427069659165,125.06164403235019
CDG-753,forage_phonologicaldynamiclocal_simdrop,7.125197335870146,3.523587028356014,-0.060835905710895984,125.73520893966683
CDG-753,forage_phonologicaldynamicswitch_simdrop,7.0563691199030805,3.2292065407971515,-0.16951592435385882,125.13058615172606
CDG-753,forage_random_baseline,0.0,0.0,,147.3054492980697
CDH-754,forage_static,7.62956317953252,2.9036529105804147,,74.78687273567861
CDH-754,forage_dynamic_simdrop,7.896344530892299,3.694826469120766,,74.77951779512262
CDH-754,forage_phonologicalstatic,7.550174692806443,2.6850837149712246,0.06224132420528215,74.44457077909533
CDH-754,forage_phonologicaldynamicglobal_simdrop,7.8789670608033315,3.4094656024656227,0.07281524457866939,74.31746967977399
CDH-754,forage_phonologicaldynamiclocal_simdrop,7.894628604995866,3.654645849672975,0.009637710590561517,74.77403505443135
CDH-754,forage_phonologicaldynamicswitch_simdrop,7.866426133960174,3.6936321963285113,0.221494613640891,73.5341495606588
CDH-754,forage_random_baseline,0.0,0.0,,85.92817875720729
CDM-759,forage_static,8.89623097296365,1.4292412907826633,,105.27284081369564
CDM-759,forage_dynamic_simdrop,8.859768095537536,1.9372945753168678,,104.68601501912188
CDM-759,forage_phonologicalstatic,8.853633567731857,1.3979702596463566,0.01785146847128462,105.2358921377731
CDM-759,forage_phonologicaldynamicglobal_simdrop,8.824430943686313,1.8976430579326036,0.014877978386604897,104.66019993152709
CDM-759,forage_phonologicaldynamiclocal_simdrop,8.72225267166392,1.7329257845050616,0.07751656015182896,104.17128033154371
CDM-759,forage_phonologicaldynamicswitch_simdrop,8.969048107043454,1.942745979063246,-0.1779063583359554,103.88888638259827
CDM-759,forage_random_baseline,0.0,0.0,,116.6168140276385
CDR-764,forage_static,7.349070563237012,0.403018207609639,,103.3148419370439
CDR-764,forage_dynamic_simdrop,7.5654614730520695,1.4971802033067494,,101.59983792406013
CDR-764,forage_phonologicalstatic,7.473609812718252,0.4640623332672406,-0.07068595068154508,102.87021406481477
CDR-764,forage_phonologicaldynamicglobal_simdrop,7.741994073954292,1.6696685887869214,-0.08378610670057308,100.98174944073604
CDR-764,forage_phonologicaldynamiclocal_simdrop,7.6536625085853665,1.6312736162379455,-0.0652678046092318,101.33695493459796
CDR-764,forage_phonologicaldynamicswitch_simdrop,7.648247043782427,1.4987276488662995,-0.1248702830414748,101.18690792883294
CDR-764,forage_random_baseline,0.0,0.0,,110.47908697355226
CDU-767,forage_static,9.121108529328652,0.5425221533202714,,105.06402982541852
CDU-767,forage_dynamic_simdrop,9.222236766682034,1.5226983519425108,,102.94898411212557
CDU-767,forage_phonologicalstatic,9.321516054650038,0.6305678203793563,-0.08920439622724584,104.31122920928549
CDU-767,forage_phonologicaldynamicglobal_simdrop,9.525000716639193,1.7826005581965485,-0.11023610475900193,101.84051521098226
CDU-767,forage_phonologicaldynamiclocal_simdrop,9.380646800451814,1.760215231679915,-0.10098242992875572,102.28735368118951
CDU-767,forage_phonologicaldynamicswitch_simdrop,9.361986506960722,1.5235035056202761,-0.12948682970529815,102.49501968672917
CDU-767,forage_random_baseline,0.0,0.0,,116.6168140276385
SGO-159,forage_static,8.271841591321401,1.955567235784358,,197.77560737052923
SGO-159,forage_dynamic_simdrop,8.145281935464302,2.996448313218593,,193.69794351269664
SGO-159,forage_phonologicalstatic,8.277497695912118,1.9629780488059254,-0.002957906319255208,197.77367074733377
SGO-159,forage_phonologicaldynamicglobal_simdrop,8.178086916834891,3.0755484600121425,-0.01798414894982868,193.62806948358917
SGO-159,forage_phonologicaldynamiclocal_simdrop,8.189694689220286,3.1363690173078194,-0.03157656830921553,193.5596382340368
SGO-159,forage_phonologicaldynamicswitch_simdrop,8.142571467121888,2.996421680542182,0.006695905819916646,193.69448035292115
SGO-159,forage_random_baseline,0.0,0.0,,220.9581739471046
SIU-211,forage_static,8.740168663266482,2.349296295455976,,128.4024667898495
SIU-211,forage_dynamic_simdrop,8.303604597996824,3.0967994882401424,,125.17776795955803
SIU-211,forage_phonologicalstatic,8.597082972968616,2.0731912580312883,0.07815766035003266,127.49026754351996
SIU-211,forage_phonologicaldynamicglobal_simdrop,8.247975278419418,2.8097985838796973,0.06808551709588065,124.5159545403363
SIU-211,forage_phonologicaldynamiclocal_simdrop,8.328368236259537,3.178889759937112,-0.018180463352564815,125.14802858884359
SIU-211,forage_phonologicaldynamicswitch_simdrop,8.384239142213417,3.095586852223932,0.23741714456866508,122.50320124756509
SIU-211,forage_random_baseline,0.0,0.0,,147.3054492980697
SIZ-390,forage_static,8.425836686919475,0.972591106738369,,95.08623546063582
SIZ-390,forage_dynamic_simdrop,8.435595569861873,1.3530053444376064,,94.71059954393249
SIZ-390,forage_phonologicalstatic,8.357798327436356,0.9190849335194906,0.03211640385147387,94.98169235327047
SIZ-390,forage_phonologicaldynamicglobal_simdrop,8.376809225481022,1.2965031632968185,0.03383342739379168,94.59525748774556
SIZ-390,forage_phonologicaldynamiclocal_simdrop,8.346192158617747,1.2804632521928452,0.043205892723848206,94.56629455736146
SIZ-390,forage_phonologicaldynamicswitch_simdrop,8.436488183082888,1.3530383826083372,0.0026492496919676223,94.71044715513855
SIZ-390,forage_random_baseline,0.0,0.0,,104.34135991946602
SKE-234,forage_static,7.967025205368649,2.0022039328606365,,155.20459425208352
SKE-234,forage_dynamic_simdrop,7.698035922861921,2.957504878932919,,152.12659697760972
SKE-234,forage_phonologicalstatic,7.922999556248522,1.9127569411603413,0.032682635022785206,155.01056094003786
SKE-234,forage_phonologicaldynamicglobal_simdrop,7.675091705940631,2.8547816569038207,0.025197044970728326,152.01389354492466
SKE-234,forage_phonologicaldynamiclocal_simdrop,7.721339787502704,3.103614326804857,-0.034194137978841584,152.00209718156947
SKE-234,forage_phonologicaldynamicswitch_simdrop,7.674040222542978,2.9575260547256255,0.12080461731636674,151.13613392537957
SKE-234,forage_random_baseline,0.0,0.0,,171.85635751441467
SMK-401,forage_static,9.085451854043185,2.09951095979154,,127.54398237868617
SMK-401,forage_dynamic_simdrop,8.537423477579148,2.978889215759214,,123.30224734721817
SMK-401,forage_phonologicalstatic,9.004305829641119,1.9706435480109041,0.04497985358203855,127.2461817225341
SMK-401,forage_phonologicaldynamicglobal_simdrop,8.513891029204753,2.8783150139694604,0.023745707090733915,123.22374713935234
SMK-401,forage_phonologicaldynamiclocal_simdrop,8.52191909878185,2.8465298043742573,0.031313334046564514,123.212479314657
SMK-401,forage_phonologicaldynamicswitch_simdrop,8.53289577976885,2.9790395602920445,0.009273384274115625,123.29813222417266
SMK-401,forage_random_baseline,0.0,0.0,,147.3054492980697
SNI-300,forage_static,8.064080086587458,2.350449826526953,,97.45804533886252
SNI-300,forage_dynamic_simdrop,7.9565166140731325,3.185144650490801,,94.42622238345923
SNI-300,forage_phonologicalstatic,7.8955646779402855,2.0950517580211336,0.07845680251796024,96.78247787425592
SNI-300,forage_phonologicaldynamicglobal_simdrop,7.851819386032576,2.9263100133165154,0.06393160618949989,93.99528456864415
SNI-300,forage_phonologicaldynamiclocal_simdrop,7.877918687841889,2.973881123662591,0.051529039905510575,94.21625109378795
SNI-300,forage_phonologicaldynamicswitch_simdrop,7.941635310634382,3.1851953212768795,0.09920714678123106,94.15888914929704
SNI-300,forage_random_baseline,0.0,0.0,,110.47908697355226
SNR-308,forage_static,8.75043745387121,2.2644155039284777,,85.47144455300014
SNR-308,forage_dynamic_simdrop,8.552915379156234,2.611540444323266,,85.63303161161222
SNR-308,forage_phonologicalstatic,8.64194910708538,2.1195917983777,0.04466740436811093,85.27674997107623
SNR-308,forage_phonologicaldynamicglobal_simdrop,8.453116852489796,2.44235934510118,0.049749230248850605,85.39339254848296
SNR-308,forage_phonologicaldynamiclocal_simdrop,8.38916043268668,2.3592838827058933,0.07604465233300457,85.22486899901291
SNR-308,forage_phonologicaldynamicswitch_simdrop,8.548585632242776,2.611529620713639,-0.026234553004282908,85.6178368970683
SNR-308,forage_random_baseline,0.0,0.0,,98.20363286537977
SNT-310,forage_static,9.728778050777956,2.2169536902539058,,140.94812757620602
SNT-310,forage_dynamic_simdrop,9.852894386971963,3.254225123445618,,136.11210447744918
SNT-310,forage_phonologicalstatic,9.706486657968638,2.1870474260213393,0.009331833427497126,140.9337074270855
SNT-310,forage_phonologicaldynamicglobal_simdrop,9.89150865252887,3.329749220873467,-0.015151026886379669,136.0764562875649
SNT-310,forage_phonologicaldynamiclocal_simdrop,10.014760771028838,3.6341455597355554,-0.07323113378129059,135.55740991388956
SNT-310,forage_phonologicaldynamicswitch_simdrop,9.814412402719933,3.2541843786155678,0.1156570433015195,135.47565116935698
SNT-310,forage_random_baseline,0.0,0.0,,165.71863046032843
SNV-312,forage_static,11.405805790372499,2.3697174159395638,,88.08165191388474
SNV-312,forage_dynamic_simdrop,11.056194034419834,2.787546336707906,,87.31593135423545
SNV-312,forage_phonologicalstatic,11.521723360598891,2.53022157041118,-0.04245543421262788,87.91006191230564
SNV-312,forage_phonologicaldynamicglobal_simdrop,11.14553401767088,2.978696215483205,-0.045742073723356806,87.12566537592014
SNV-312,forage_phonologicaldynamiclocal_simdrop,11.141422429094144,3.0313594033716793,-0.0579516770533274,87.07755242007977
SNV-312,forage_phonologicaldynamicswitch_simdrop,11.057263743325711,2.787551385595985,-0.001981043494246542,87.31584751861591
SNV-312,forage_random_baseline,0.0,0.0,,110.47908697355226
SNY-315,forage_static,9.335987690736408,2.0468266577113443,,105.5947426375953
SNY-315,forage_dynamic_simdrop,9.079963862479987,2.443863142853407,,104.58839866981015
SNY-315,forage_phonologicalstatic,9.320316557457994,2.005169770956735,0.01539279718065023,105.56611443750134
SNY-315,forage_phonologicaldynamicglobal_simdrop,9.075165331405149,2.424003114485967,0.005915760253856904,104.5842687693383
SNY-315,forage_phonologicaldynamiclocal_simdrop,9.061499198958233,2.3456550828297784,0.029509119963989663,104.50706873823782
SNY-315,forage_phonologicaldynamicswitch_simdrop,9.095443965626597,2.4437002005541952,-0.08413737834896831,104.42345975903868
SNY-315,forage_random_baseline,0.0,0.0,,122.75454108172474
SOE-320,forage_static,10.315009444195937,1.9596957014602276,,67.47409079027548
SOE-320,forage_dynamic_simdrop,10.081213697007607,3.140282274761353,,64.86245899339491
SOE-320,forage_phonologicalstatic,11.259018177967818,2.800762986222726,-0.30780164067625854,63.506503116107154
SOE-320,forage_phonologicaldynamicglobal_simdrop,11.211001071680615,5.286650689036362,-0.4265807061435827,59.205939076656044
SOE-320,forage_phonologicaldynamiclocal_simdrop,10.849015558000463,5.128635378460734,-0.39433511908574864,60.95515683843113
SOE-320,forage_phonologicaldynamicswitch_simdrop,10.341245994205739,3.14173775024141,-2.0033420749556963,63.02639985770428
SOE-320,forage_random_baseline,0.0,0.0,,79.79045170312105
SOQ-329,forage_static,9.11414682651692,1.5599053617615477,,125.75791277233527
SOQ-329,forage_dynamic_simdrop,8.805397544622021,2.2931455386355863,,123.15238740156221
SOQ-329,forage_phonologicalstatic,8.908156050577952,1.3134225319518418,0.11412020897513003,123.85337099837872
SOQ-329,forage_phonologicaldynamicglobal_simdrop,8.64692393446239,1.958998307387749,0.1015577212982045,121.69102059407054
SOQ-329,forage_phonologicaldynamiclocal_simdrop,8.617932844120636,1.9113811326221397,0.11769474834423545,121.76367845224651
SOQ-329,forage_phonologicaldynamicswitch_simdrop,8.8058022286033,2.2931434205933874,0.06273300002361035,122.99168728984725
SOQ-329,forage_random_baseline,0.0,0.0,,141.16772224398346
SOX-335,forage_static,10.316962460235315,1.025502638861127,,58.88796969916012
SOX-335,forage_dynamic_simdrop,10.306469430266793,2.2958255343310414,,56.29044744128218
SOX-335,forage_phonologicalstatic,10.130765800531542,0.8973722729295659,0.06019390729701269,58.642249707298106
SOX-335,forage_phonologicaldynamicglobal_simdrop,10.219271413610022,2.199019054669101,0.024292867178224074,56.25231656481613
SOX-335,forage_phonologicaldynamiclocal_simdrop,10.213320131857552,2.14792041406804,0.03735650185678417,56.21908861112605
SOX-335,forage_phonologicaldynamicswitch_simdrop,10.331197269096867,2.2956138812015534,-0.022978219023332913,56.2827959536919
SOX-335,forage_random_baseline,0.0,0.0,,67.51499759494857
SPA-338,forage_static,8.384507210330957,1.7436666179552944,,93.36412004749073
SPA-338,forage_dynamic_simdrop,8.017144903334176,2.548143068765091,,91.71056471113104
SPA-338,forage_phonologicalstatic,8.290323189110083,1.6074689257385528,0.047708202078370544,93.13321424870978
SPA-338,forage_phonologicaldynamicglobal_simdrop,7.96494423825053,2.399103103916483,0.04181043251517411,91.53860555796189
SPA-338,forage_phonologicaldynamiclocal_simdrop,7.962017764043195,2.3580966417517164,0.053734733530035855,91.51947315074896
SPA-338,forage_phonologicaldynamicswitch_simdrop,8.01355465007131,2.54828485545027,0.017374610151345105,91.7010512950509
SPA-338,forage_random_baseline,0.0,0.0,,104.34135991946602
SPC-340,forage_static,8.956136371244135,1.88347322177044,,108.1107667698016
SPC-340,forage_dynamic_simdrop,8.644481296230026,2.4073465832411682,,106.83990539426922
SPC-340,forage_phonologicalstatic,8.8890247760353,1.8022219508411195,0.027107458829849655,108.02030123115053
SPC-340,forage_phonologicaldynamicglobal_simdrop,8.603677223306578,2.3282891578665494,0.021703281880067225,106.78356981750284
SPC-340,forage_phonologicaldynamiclocal_simdrop,8.723539504649674,2.5357363276284364,-0.033887268254057926,106.74345757686284
SPC-340,forage_phonologicaldynamicswitch_simdrop,8.703632401776584,2.4064688500562186,0.15675716516682117,105.96552530483584
SPC-340,forage_random_baseline,0.0,0.0,,122.75454108172474
SPH-344,forage_static,9.919694984358626,2.344648599897966,,51.8419033648889
SPH-344,forage_dynamic_simdrop,9.365045910069478,2.7934762120435797,,51.56833383939474
SPH-344,forage_phonologicalstatic,10.056520338549367,2.5152688233706573,-0.04405638354082784,51.736948792817735
SPH-344,forage_phonologicaldynamicglobal_simdrop,9.471046542948088,3.0486768631673824,-0.05212391609943995,51.42856387489818
SPH-344,forage_phonologicaldynamiclocal_simdrop,9.521683233578933,3.196120604902388,-0.08107585872896426,51.35283725259778
SPH-344,forage_phonologicaldynamicswitch_simdrop,9.365039371965034,2.7934760851263634,7.174185413089072e-05,51.56833374133246
SPH-344,forage_random_baseline,0.0,0.0,,61.37727054086234
SPL-436,forage_static,9.168309729410026,2.03604647190644,,90.13199415766486
SPL-436,forage_dynamic_simdrop,8.66986165148256,2.8210736576632955,,87.33894344591086
SPL-436,forage_phonologicalstatic,9.093446989840992,1.8449041252644724,0.05809550125322274,89.77642700134143
SPL-436,forage_phonologicaldynamicglobal_simdrop,8.642469259407779,2.639790743469017,0.04094329254199249,87.17281723744203
SPL-436,forage_phonologicaldynamiclocal_simdrop,8.673458135964509,2.842329803687889,-0.004610843191789378,87.33754741809274
SPL-436,forage_phonologicaldynamicswitch_simdrop,8.700117976679469,2.819711167165992,0.1374738473719145,86.73686355010159
SPL-436,forage_random_baseline,0.0,0.0,,104.34135991946602
SPV-450,forage_static,9.561987578712841,2.399424903100849,,99.29600976048947
SPV-450,forage_dynamic_simdrop,9.580738810498344,3.161691836035077,,98.09755369485379
SPV-450,forage_phonologicalstatic,9.944803255835726,2.893181405568805,-0.1432790307452321,97.50022721046822
SPV-450,forage_phonologicaldynamicglobal_simdrop,9.921974961477046,3.878376734105259,-0.14708680505726715,96.22087118952754
SPV-450,forage_phonologicaldynamiclocal_simdrop,9.919493848424226,3.9186084236399394,-0.15510227241456886,96.56349808527334
SPV-450,forage_phonologicaldynamicswitch_simdrop,9.592982583500387,3.161897866906302,-0.12349560095286183,97.74202752562852
SPV-450,forage_random_baseline,0.0,0.0,,116.6168140276385
SPX-452,forage_static,8.462146135729396,2.43526287559471,,116.67962579182988
SPX-452,forage_dynamic_simdrop,7.937224609091347,3.3716032297297387,,113.5621491821243
SPX-452,forage_phonologicalstatic,8.6007384557886,2.6986680428374896,-0.06605988239997027,116.17987346656014
SPX-452,forage_phonologicaldynamicglobal_simdrop,8.02784653066368,3.7937393187179613,-0.0854779116399439,112.80576139728623
SPX-452,forage_phonologicaldynamiclocal_simdrop,8.358179726521673,4.5502631041945465,-0.22198559775526638,110.63020164455163
SPX-452,forage_phonologicaldynamicswitch_simdrop,8.031258246901837,3.3677764245178983,0.11712591079251473,112.91051320659601
SPX-452,forage_random_baseline,0.0,0.0,,135.02999518989722
SRF-483,forage_static,9.78452586246318,1.1129934580925345,,86.23983741702831
SRF-483,forage_dynamic_simdrop,9.777939854646046,2.4469891430790494,,83.41175587936503
SRF-483,forage_phonologicalstatic,10.24184671240516,1.349372602319276,-0.13871341412376012,84.74133321880988
SRF-483,forage_phonologicaldynamicglobal_simdrop,10.452602134648105,3.1514990107195615,-0.17177295609674031,81.24798162984571
SRF-483,forage_phonologicaldynamiclocal_simdrop,10.35168063565287,3.226957986724162,-0.1901155353860204,81.65868465682028
SRF-483,forage_phonologicaldynamicswitch_simdrop,9.887086564949152,2.4471457125320346,-0.13173084451744818,82.97105577902234
SRF-483,forage_random_baseline,0.0,0.0,,98.20363286537977
SRR-498,forage_static,9.252110607333682,1.1965962207414362,,98.81169915113642
SRR-498,forage_dynamic_simdrop,9.287900552154134,2.208759429261999,,96.41991693868829
SRR-498,forage_phonologicalstatic,9.275365921337768,1.2523188768876614,-0.041264010924639924,98.65006571348766
SRR-498,forage_phonologicaldynamicglobal_simdrop,9.350120574113502,2.4155045543180895,-0.06122674017446495,96.077416116011
SRR-498,forage_phonologicaldynamiclocal_simdrop,9.36371854958529,2.4644232072709804,-0.07567133180011289,96.02903350083008
SRR-498,forage_phonologicaldynamicswitch_simdrop,9.288130515199757,2.208765306316008,-0.01716442650219498,96.41303556082357
SRR-498,forage_random_baseline,0.0,0.0,,110.47908697355226
SSG-520,forage_static,11.96565204897686,3.152694484758343,,72.0615435402094
SSG-520,forage_dynamic_simdrop,10.88547103923719,3.9853799707206155,,69.85728592502227
SSG-520,forage_phonologicalstatic,12.572105545094296,3.9825982892160985,-0.15407150372293968,70.42609597622202
SSG-520,forage_phonologicaldynamicglobal_simdrop,11.279758307053331,5.437551807847266,-0.21163721383461992,67.50289026311084
SSG-520,forage_phonologicaldynamiclocal_simdrop,11.346151991523858,6.185518549108821,-0.30460394276708075,67.02316995022305
SSG-520,forage_phonologicaldynamicswitch_simdrop,10.910962725936667,3.984740860497903,-0.0661842823856067,69.74570424894424
SSG-520,forage_random_baseline,0.0,0.0,,98.20363286537977
SSZ-539,forage_static,8.897875261121863,1.3236944208788477,,72.10701534953375
SSZ-539,forage_dynamic_simdrop,9.062331427507605,2.05625111413813,,71.11935579783297
SSZ-539,forage_phonologicalstatic,9.087964766792417,1.6203248542781736,-0.15909141224433782,70.70169431380067
SSZ-539,forage_phonologicaldynamicglobal_simdrop,9.29990356062692,2.6066391198754832,-0.1730557335425706,69.48104179131678
SSZ-539,forage_phonologicaldynamiclocal_simdrop,9.255009051887413,2.557812710075381,-0.15643803711845963,69.89839794388236
SSZ-539,forage_phonologicaldynamicswitch_simdrop,9.104243054562387,2.058439232990025,-2.157634975090054,70.51023960441033
SSZ-539,forage_random_baseline,0.0,0.0,,79.79045170312105
SUG-544,forage_static,9.814651863727963,2.400733601909364,,77.7138691363704
SUG-544,forage_dynamic_simdrop,9.364698267899339,3.1813367733931717,,76.1886022420836
SUG-544,forage_phonologicalstatic,9.748337378157473,2.329094687609696,0.020789728216785586,77.67510504095107
SUG-544,forage_phonologicaldynamicglobal_simdrop,9.339674246494223,3.137769864862075,0.009844204776343223,76.1803143664928
SUG-544,forage_phonologicaldynamiclocal_simdrop,9.477984958309346,3.5068999020613094,-0.06936643661493047,75.92628840650784
SUG-544,forage_phonologicaldynamicswitch_simdrop,9.21884163060816,3.181588293473859,0.18413392609633342,75.35099091661164
SUG-544,forage_random_baseline,0.0,0.0,,92.06590581129353
SUT-556,forage_static,10.076236163812894,1.4448884176641383,,79.8369303257295
SUT-556,forage_dynamic_simdrop,10.212361922414008,1.9089785878611873,,79.66019566556798
SUT-556,forage_phonologicalstatic,10.364739025376409,1.714923845617469,-0.12942149692344626,78.62856989041464
SUT-556,forage_phonologicaldynamicglobal_simdrop,10.46014343562363,2.2198764830267583,-0.1226708794191114,78.53941411859897
SUT-556,forage_phonologicaldynamiclocal_simdrop,10.361123850173172,2.2095136834210063,-0.12094685728481225,78.89387158129276
SUT-556,forage_phonologicaldynamicswitch_simdrop,10.306933626370466,1.9140527090408714,-0.12540563519378162,79.30862172147853
SUT-556,forage_random_baseline,0.0,0.0,,92.06590581129353
SUV-558,forage_static,7.0743730116861565,1.8889353320118727,,107.17358121762689
SUV-558,forage_dynamic_simdrop,6.80054278939634,2.103251313266794,,107.34077570263095
SUV-558,forage_phonologicalstatic,7.037996466460816,1.8151914767926212,0.027128382524450472,107.08787268196247
SUV-558,forage_phonologicaldynamicglobal_simdrop,6.771318064407022,2.0176957599863607,0.0279803111172785,107.24947952091784
SUV-558,forage_phonologicaldynamiclocal_simdrop,6.775845413744871,1.9911849814278253,0.03673777840807688,107.22836879494373
SUV-558,forage_phonologicaldynamicswitch_simdrop,6.798257721628706,2.103269085918462,0.006228986815856145,107.33948383206273
SUV-558,forage_random_baseline,0.0,0.0,,116.6168140276385
SVA-563,forage_static,7.126345112638097,0.3555808712746565,,121.23898112174314
SVA-563,forage_dynamic_simdrop,7.207566057362955,2.5776881608162165,,113.23833799951292
SVA-563,forage_phonologicalstatic,7.125250406122058,0.35518849128240754,0.0006300136296395372,121.23893057901812
SVA-563,forage_phonologicaldynamicglobal_simdrop,7.3283451812513976,2.7312841754359787,-0.044623865414706344,113.00249247479829
SVA-563,forage_phonologicaldynamiclocal_simdrop,7.242453494148975,2.625207825280527,-0.014043755708303548,113.22066359530211
SVA-563,forage_phonologicaldynamicswitch_simdrop,7.222258568445385,2.57734014351933,-0.14953709346057065,112.67411756471239
SVA-563,forage_random_baseline,0.0,0.0,,128.89226813581098
SVH-570,forage_static,8.083586885046394,2.3483080081887153,,80.77620645840432
SVH-570,forage_dynamic_simdrop,7.46362018726286,2.761347635349227,,80.99191286033883
SVH-570,forage_phonologicalstatic,8.047526983218216,2.317317086449651,0.010138744387651177,80.76686781778591
SVH-570,forage_phonologicaldynamicglobal_simdrop,7.435521781609813,2.7236759160584385,0.010279121881229036,80.9823943618567
SVH-570,forage_phonologicaldynamiclocal_simdrop,7.497451592465451,2.8652472422583406,-0.027083737503639512,80.95217999566775
SVH-570,forage_phonologicaldynamicswitch_simdrop,7.362559601551397,2.764904059435609,0.06979362601510841,80.82494551259032
SVH-570,forage_random_baseline,0.0,0.0,,92.06590581129353
SVY-587,forage_static,7.610331641509494,2.914430507202935,,98.67005864252233
SVY-587,forage_dynamic_simdrop,7.724199521857471,3.733516853187393,,98.1577147647953
SVY-587,forage_phonologicalstatic,7.87771097706428,3.3389599832900316,-0.09840611093519289,97.76919131433125
SVY-587,forage_phonologicaldynamicglobal_simdrop,7.953803193130626,4.2557834970535815,-0.09523178176088998,97.30995340606866
SVY-587,forage_phonologicaldynamiclocal_simdrop,8.006006354781078,4.564394419833748,-0.1471617398736335,96.870738643947
SVY-587,forage_phonologicaldynamicswitch_simdrop,7.722256785597113,3.733534241244927,0.0032578604357172947,98.15736735398022
SVY-587,forage_random_baseline,0.0,0.0,,116.6168140276385
SZA-781,forage_static,7.816066069816632,3.3732669797330765,,89.32782039969283
SZA-781,forage_dynamic_simdrop,7.481954265507701,3.8337231383288333,,90.47341861064824
SZA-781,forage_phonologicalstatic,8.016601012401818,4.433241813408883,-0.1904770810672557,86.82768447769384
SZA-781,forage_phonologicaldynamicglobal_simdrop,7.627931029911042,5.090099351896871,-0.19435354344109854,88.05421057789717
SZA-781,forage_phonologicaldynamiclocal_simdrop,7.918678715421393,6.792595989178545,-0.44189316388949196,85.25769991482723
SZA-781,forage_phonologicaldynamicswitch_simdrop,7.482589098046429,3.8337245079700226,0.05087195820711744,90.39004400588243
SZA-781,forage_random_baseline,0.0,0.0,,104.34135991946602
