Subject,Model,Beta_Frequency,Beta_Semantic,Beta_Phonological,Negative_Log_Likelihood_Optimized
CAF-657,forage_dynamic_simdrop,8.975100706499994,2.2220424691781617,,158.567243237799
CAF-657,forage_random_baseline,0.0,0.0,,177.9940845685009
CAJ-663,forage_dynamic_simdrop,8.109329333941483,1.7479735147969595,,112.34835710130939
CAJ-663,forage_random_baseline,0.0,0.0,,122.75454108172474
CAM-666,forage_dynamic_simdrop,9.479508429896356,2.257337766866817,,134.7965484679851
CAM-666,forage_random_baseline,0.0,0.0,,153.44317635215594
CAP-671,forage_dynamic_simdrop,10.200355318200264,1.6541692029855688,,101.30922711400801
CAP-671,forage_random_baseline,0.0,0.0,,116.6168140276385
CAQ-672,forage_dynamic_simdrop,8.994170415603703,2.287892304937614,,127.51925288859337
CAQ-672,forage_random_baseline,0.0,0.0,,141.16772224398346
CAR-673,forage_dynamic_simdrop,8.851373368964673,2.831487537132863,,123.39870615987103
CAR-673,forage_random_baseline,0.0,0.0,,141.16772224398346
CAS-674,forage_dynamic_simdrop,7.256596627570301,2.978832806060613,,115.04683094789644
CAS-674,forage_random_baseline,0.0,0.0,,128.89226813581098
CAV-678,forage_dynamic_simdrop,6.862538106708713,2.1161668636889224,,161.2889384659617
CAV-678,forage_random_baseline,0.0,0.0,,171.85635751441467
CAY-681,forage_dynamic_simdrop,9.11320923026255,2.907468514834348,,121.68322068760155
CAY-681,forage_random_baseline,0.0,0.0,,141.16772224398346
CBD-686,forage_dynamic_simdrop,9.005364388996954,2.973124656384721,,108.84028805259065
CBD-686,forage_random_baseline,0.0,0.0,,128.89226813581098
CBF-691,forage_dynamic_simdrop,8.716513464259434,2.6112527809331825,,103.33090659657924
CBF-691,forage_random_baseline,0.0,0.0,,116.6168140276385
CBH-693,forage_dynamic_simdrop,8.241707591474118,2.9280904847018916,,127.47674358741246
CBH-693,forage_random_baseline,0.0,0.0,,147.3054492980697
CBJ-697,forage_dynamic_simdrop,7.371382828116348,2.204009974407754,,130.29018635488097
CBJ-697,forage_random_baseline,0.0,0.0,,141.16772224398346
CBL-698,forage_dynamic_simdrop,6.078390355259976,3.5796482646097405,,106.98778084400044
CBL-698,forage_random_baseline,0.0,0.0,,122.75454108172474
CBM-702,forage_dynamic_simdrop,7.597455885098121,2.8427408817493225,,150.39399556415788
CBM-702,forage_random_baseline,0.0,0.0,,165.71863046032843
CBP-707,forage_dynamic_simdrop,8.735069854359411,2.6788583568969564,,150.6252274852514
CBP-707,forage_random_baseline,0.0,0.0,,171.85635751441467
CBS-711,forage_dynamic_simdrop,6.957059128662959,1.9515656948799744,,137.9651073310571
CBS-711,forage_random_baseline,0.0,0.0,,147.3054492980697
CBW-715,forage_dynamic_simdrop,8.72664683378265,2.7844406701581317,,97.06918564298124
CBW-715,forage_random_baseline,0.0,0.0,,110.47908697355226
CCB-720,forage_dynamic_simdrop,7.473550195136518,1.4768193704678059,,80.35541221373599
CCB-720,forage_random_baseline,0.0,0.0,,85.92817875720729
CCC-721,forage_dynamic_simdrop,11.853505032857493,1.9850219509643674,,73.4130509699494
CCC-721,forage_random_baseline,0.0,0.0,,92.06590581129353
CCD-722,forage_dynamic_simdrop,8.181446320175887,2.1841033511997354,,160.30029305205528
CCD-722,forage_random_baseline,0.0,0.0,,177.9940845685009
CCF-724,forage_dynamic_simdrop,11.448640880458543,2.0013716935726458,,91.05103934264851
CCF-724,forage_random_baseline,0.0,0.0,,110.47908697355226
CCH-726,forage_dynamic_simdrop,9.903970147680473,2.2812557630933954,,122.26549773511476
CCH-726,forage_random_baseline,0.0,0.0,,141.16772224398346
CCL-730,forage_dynamic_simdrop,9.74449868867971,2.6630654584203843,,124.73123565093371
CCL-730,forage_random_baseline,0.0,0.0,,147.3054492980697
CCX-744,forage_dynamic_simdrop,11.073513299253426,1.256972620093488,,92.84108023312024
CCX-744,forage_random_baseline,0.0,0.0,,110.47908697355226
CDG-753,forage_dynamic_simdrop,7.656873509735219,3.1118945444956596,,124.5497353432606
CDG-753,forage_random_baseline,0.0,0.0,,147.3054492980697
CDH-754,forage_dynamic_simdrop,8.02959429545401,2.5758620009572426,,77.0648428135904
CDH-754,forage_random_baseline,0.0,0.0,,85.92817875720729
CDM-759,forage_dynamic_simdrop,9.060559454861105,1.5935234521012422,,105.67736109049603
CDM-759,forage_random_baseline,0.0,0.0,,116.6168140276385
CDR-764,forage_dynamic_simdrop,7.587802127300416,0.6703955364372088,,103.11722574789603
CDR-764,forage_random_baseline,0.0,0.0,,110.47908697355226
CDU-767,forage_dynamic_simdrop,9.498535064860185,1.657087716589047,,102.16061601134345
CDU-767,forage_random_baseline,0.0,0.0,,116.6168140276385
SGO-159,forage_dynamic_simdrop,8.687296111056295,2.354424753465706,,198.04231774360218
SGO-159,forage_random_baseline,0.0,0.0,,220.9581739471046
SIU-211,forage_dynamic_simdrop,9.030018491365231,2.4923887884754645,,128.46118127498198
SIU-211,forage_random_baseline,0.0,0.0,,147.3054492980697
SIZ-390,forage_dynamic_simdrop,8.817569971919403,1.2884371261374656,,94.60131562611528
SIZ-390,forage_random_baseline,0.0,0.0,,104.34135991946602
SKE-234,forage_dynamic_simdrop,8.480205864278052,2.8059710354578344,,151.428303414303
SKE-234,forage_random_baseline,0.0,0.0,,171.85635751441467
SMK-401,forage_dynamic_simdrop,9.278680841434362,2.5155064843226125,,124.4538812157633
SMK-401,forage_random_baseline,0.0,0.0,,147.3054492980697
SNI-300,forage_dynamic_simdrop,8.938110155448221,3.1733936232065183,,95.27545058343833
SNI-300,forage_random_baseline,0.0,0.0,,110.47908697355226
SNR-308,forage_dynamic_simdrop,9.426709730571751,2.2628761859699873,,86.55265317064477
SNR-308,forage_random_baseline,0.0,0.0,,98.20363286537977
SNT-310,forage_dynamic_simdrop,10.438192827219876,2.859923348376857,,139.29397698560007
SNT-310,forage_random_baseline,0.0,0.0,,165.71863046032843
SNV-312,forage_dynamic_simdrop,11.312035566998397,2.190920912044158,,90.1627047925159
SNV-312,forage_random_baseline,0.0,0.0,,110.47908697355226
SNY-315,forage_dynamic_simdrop,9.441343817019641,1.3582077726982336,,109.21690479019165
SNY-315,forage_random_baseline,0.0,0.0,,122.75454108172474
SOE-320,forage_dynamic_simdrop,11.290142985593985,2.9147305107588415,,64.85286570147493
SOE-320,forage_random_baseline,0.0,0.0,,79.79045170312105
SOQ-329,forage_dynamic_simdrop,9.352228710266084,2.1995693025740524,,123.72563769157823
SOQ-329,forage_random_baseline,0.0,0.0,,141.16772224398346
SOX-335,forage_dynamic_simdrop,10.561181812774441,1.9536973190679574,,56.82724000456458
SOX-335,forage_random_baseline,0.0,0.0,,67.51499759494857
SPA-338,forage_dynamic_simdrop,8.597773093873457,2.795472522450233,,89.6462154439244
SPA-338,forage_random_baseline,0.0,0.0,,104.34135991946602
SPC-340,forage_dynamic_simdrop,9.289656152403046,2.4437903041322584,,106.92955161989843
SPC-340,forage_random_baseline,0.0,0.0,,122.75454108172474
SPH-344,forage_dynamic_simdrop,9.939111138645211,2.443389963417042,,52.216332479655456
SPH-344,forage_random_baseline,0.0,0.0,,61.37727054086234
SPL-436,forage_dynamic_simdrop,9.453923636979038,2.2860959179576086,,88.85323184078214
SPL-436,forage_random_baseline,0.0,0.0,,104.34135991946602
SPV-450,forage_dynamic_simdrop,9.699085223052936,2.712323018119686,,99.40050520818627
SPV-450,forage_random_baseline,0.0,0.0,,116.6168140276385
SPX-452,forage_dynamic_simdrop,9.080029024043881,3.199734618409623,,113.75773551531526
SPX-452,forage_random_baseline,0.0,0.0,,135.02999518989722
SRF-483,forage_dynamic_simdrop,10.495937511123648,1.903020911901756,,84.1595101090013
SRF-483,forage_random_baseline,0.0,0.0,,98.20363286537977
SRR-498,forage_dynamic_simdrop,9.743393493359795,1.6570106479158677,,97.80993509718193
SRR-498,forage_random_baseline,0.0,0.0,,110.47908697355226
SSG-520,forage_dynamic_simdrop,11.488041494418237,3.2911603648454473,,71.18503375287384
SSG-520,forage_random_baseline,0.0,0.0,,98.20363286537977
SSZ-539,forage_dynamic_simdrop,9.436344667333755,1.7629751873869737,,71.43774101890128
SSZ-539,forage_random_baseline,0.0,0.0,,79.79045170312105
SUG-544,forage_dynamic_simdrop,10.324288215055834,2.9816217758282786,,76.03151924958254
SUG-544,forage_random_baseline,0.0,0.0,,92.06590581129353
SUT-556,forage_dynamic_simdrop,10.17802594667567,1.3072077188915372,,80.66914449751984
SUT-556,forage_random_baseline,0.0,0.0,,92.06590581129353
SUV-558,forage_dynamic_simdrop,7.815001321760057,2.6484644266137107,,104.31734496389878
SUV-558,forage_random_baseline,0.0,0.0,,116.6168140276385
SVA-563,forage_dynamic_simdrop,7.7266047919929415,1.2740363957215486,,119.63285164526374
SVA-563,forage_random_baseline,0.0,0.0,,128.89226813581098
SVH-570,forage_dynamic_simdrop,8.67327158114759,2.313435485701637,,82.91863075090352
SVH-570,forage_random_baseline,0.0,0.0,,92.06590581129353
SVY-587,forage_dynamic_simdrop,8.19858969938649,2.9380516521236406,,100.70720844951381
SVY-587,forage_random_baseline,0.0,0.0,,116.6168140276385
SZA-781,forage_dynamic_simdrop,8.606708053074227,3.4013786778040007,,89.12276103649492
SZA-781,forage_random_baseline,0.0,0.0,,104.34135991946602
