Subject,Model,Beta_Frequency,Beta_Semantic,Beta_Phonological,Negative_Log_Likelihood_Optimized
CAF-657,forage_static,8.29068857343626,1.0065617847332213,,163.27570824342362
CAF-657,forage_dynamic_simdrop,8.19285424967702,2.232381579422374,,156.39753989468005
CAF-657,forage_phonologicalstatic,8.252907692799669,0.9749396344816821,0.02344152709986262,163.17469194051844
CAF-657,forage_phonologicaldynamicglobal_simdrop,8.196368919574313,2.2389826254794833,-0.0021082104398263187,156.39676609254147
CAF-657,forage_phonologicaldynamiclocal_simdrop,8.222116281638169,2.3201420428089845,-0.027537868255629105,156.3062486583901
CAF-657,forage_phonologicaldynamicswitch_simdrop,8.156378733697153,2.232710843679542,0.05694620225757037,156.2263525511736
CAF-657,forage_random_baseline,0.0,0.0,,177.9940845685009
CAJ-663,forage_static,7.343806935206276,0.44018525098361333,,115.04932022882727
CAJ-663,forage_dynamic_simdrop,7.601831895812521,1.5480683773389332,,113.06943000504351
CAJ-663,forage_phonologicalstatic,7.200985547018463,0.373456420117219,0.07615765344402024,114.29373399394187
CAJ-663,forage_phonologicaldynamicglobal_simdrop,7.472847304610408,1.421859023355943,0.06744472548088934,112.48334458350837
CAJ-663,forage_phonologicaldynamiclocal_simdrop,7.452647390612637,1.363948877821569,0.1015948938483866,112.16534676756069
CAJ-663,forage_phonologicaldynamicswitch_simdrop,7.604986993076714,1.5481738585653224,-0.00781004865709987,113.06716682398437
CAJ-663,forage_random_baseline,0.0,0.0,,122.75454108172474
CAM-666,forage_static,9.00448611498938,1.7663866522722131,,135.6295693651138
CAM-666,forage_dynamic_simdrop,8.72220415155477,2.2519843487963627,,134.50679634859907
CAM-666,forage_phonologicalstatic,9.130919971739573,1.9433611131359227,-0.05922997107038701,135.15312733575914
CAM-666,forage_phonologicaldynamicglobal_simdrop,8.842467215037248,2.507254459238676,-0.06715028156278174,133.9107182417382
CAM-666,forage_phonologicaldynamiclocal_simdrop,8.756870655164263,2.359366565671703,-0.028733589175329897,134.42408153817476
CAM-666,forage_phonologicaldynamicswitch_simdrop,8.807744035246138,2.2520365851167146,-0.1938196049733326,133.44263936455823
CAM-666,forage_random_baseline,0.0,0.0,,153.44317635215594
CAP-671,forage_static,10.14667763427737,1.4746187169307732,,101.15074505516965
CAP-671,forage_dynamic_simdrop,9.763651842143625,1.9600647978527497,,99.59625055375169
CAP-671,forage_phonologicalstatic,10.136934567712142,1.4651033606416286,0.004077825591722575,101.14880475788506
CAP-671,forage_phonologicaldynamicglobal_simdrop,9.768664552797635,1.970423552347731,-0.003384497428776572,99.59494722157521
CAP-671,forage_phonologicaldynamiclocal_simdrop,9.708283375424747,1.8758421277590767,0.028213922230807813,99.5305695082264
CAP-671,forage_phonologicaldynamicswitch_simdrop,9.718596457077792,1.9603240687641097,-0.0979746156042246,99.3471460975863
CAP-671,forage_random_baseline,0.0,0.0,,116.6168140276385
CAQ-672,forage_static,8.407817875877752,1.736884362741458,,127.16955150008366
CAQ-672,forage_dynamic_simdrop,8.202759465722467,2.568616708717466,,125.05323441383467
CAQ-672,forage_phonologicalstatic,8.4959389777661,1.8552596559129206,-0.03921864017480972,126.96563211836057
CAQ-672,forage_phonologicaldynamicglobal_simdrop,8.284972997561924,2.791181902012247,-0.05219929771505178,124.71112754431351
CAQ-672,forage_phonologicaldynamiclocal_simdrop,8.263516930147885,2.764733964910127,-0.04618246934223069,124.88229748019674
CAQ-672,forage_phonologicaldynamicswitch_simdrop,8.218012782789417,2.568777346939553,-0.06282611609979123,124.87477085576744
CAQ-672,forage_random_baseline,0.0,0.0,,141.16772224398346
CAR-673,forage_static,8.184559788014953,1.6162438577866212,,127.68192853949547
CAR-673,forage_dynamic_simdrop,8.382691694162945,2.7437964590787813,,123.59737026887683
CAR-673,forage_phonologicalstatic,8.393652699869419,1.7816452449995268,-0.06564055157309827,127.11978662416755
CAR-673,forage_phonologicaldynamicglobal_simdrop,8.623489027443343,3.0790317397737743,-0.08424253207589882,122.70623458876321
CAR-673,forage_phonologicaldynamiclocal_simdrop,8.589872179535192,3.126858749284028,-0.09610183188695942,122.79192927186972
CAR-673,forage_phonologicaldynamicswitch_simdrop,8.420264768275832,2.744715513638553,-0.05584190927976963,123.47400308712889
CAR-673,forage_random_baseline,0.0,0.0,,141.16772224398346
CAS-674,forage_static,6.890017936529039,2.2916121153899165,,117.41954879580818
CAS-674,forage_dynamic_simdrop,6.38339548994442,2.826316210423144,,116.28228529518456
CAS-674,forage_phonologicalstatic,6.961184416812959,2.47624545821029,-0.053699252692401625,117.06461387932936
CAS-674,forage_phonologicaldynamicglobal_simdrop,6.416681204107542,3.090470622478918,-0.06277139682745189,115.82573253587333
CAS-674,forage_phonologicaldynamiclocal_simdrop,6.511596953448663,3.4030395419583455,-0.1318817404598886,115.06217141108684
CAS-674,forage_phonologicaldynamicswitch_simdrop,6.407580491863719,2.8259056779810265,0.05126462642915119,116.1637757097162
CAS-674,forage_random_baseline,0.0,0.0,,128.89226813581098
CAV-678,forage_static,6.288342010471505,1.4905307324893338,,162.2448848335922
CAV-678,forage_dynamic_simdrop,6.2590524768578435,2.062160699592434,,160.81551534199068
CAV-678,forage_phonologicalstatic,6.323377754438916,1.5394852022380352,-0.022709206060325837,162.15701913309493
CAV-678,forage_phonologicaldynamicglobal_simdrop,6.298645763032772,2.141510543333186,-0.02709594914011087,160.69230420463398
CAV-678,forage_phonologicaldynamiclocal_simdrop,6.372983732530982,2.2440661944081617,-0.06126914832660826,160.35423411026508
CAV-678,forage_phonologicaldynamicswitch_simdrop,6.286227194599689,2.062919253862872,0.0666469123917465,160.60646954635305
CAV-678,forage_random_baseline,0.0,0.0,,171.85635751441467
CAY-681,forage_static,8.070041685160737,1.7005273142610617,,126.1555937078664
CAY-681,forage_dynamic_simdrop,8.470411216251152,2.7492223757953886,,122.22397240216928
CAY-681,forage_phonologicalstatic,8.35565916613141,1.9593617571597877,-0.09614438808721422,125.05187037397242
CAY-681,forage_phonologicaldynamicglobal_simdrop,8.729609578542854,3.212155564275685,-0.11400625009386811,120.73536138872788
CAY-681,forage_phonologicaldynamiclocal_simdrop,8.582620073154624,3.0803325676498483,-0.08326489378220586,121.6713411698299
CAY-681,forage_phonologicaldynamicswitch_simdrop,8.612795249145554,2.7513288676640544,-0.18640372354388446,121.076621634395
CAY-681,forage_random_baseline,0.0,0.0,,141.16772224398346
CBD-686,forage_static,8.362150120130323,1.912875563257673,,114.40397485821306
CBD-686,forage_dynamic_simdrop,7.969938582050441,2.831171735826954,,109.03397118733108
CBD-686,forage_phonologicalstatic,8.399401285158092,1.9928048331285155,-0.02576384977505284,114.3234651513367
CBD-686,forage_phonologicaldynamicglobal_simdrop,8.01476258537259,3.089300076549066,-0.06028614166813842,108.63194974259524
CBD-686,forage_phonologicaldynamiclocal_simdrop,8.020382826042145,3.412650235742689,-0.12992132359550354,107.89728307630857
CBD-686,forage_phonologicaldynamicswitch_simdrop,7.937308607491317,2.8317794833086634,0.059089714358201206,108.89261287705014
CBD-686,forage_random_baseline,0.0,0.0,,128.89226813581098
CBF-691,forage_static,7.424231587627665,0.2838034527560002,,109.09242303328408
CBF-691,forage_dynamic_simdrop,8.14407035055406,2.3248110626310408,,104.49272217705271
CBF-691,forage_phonologicalstatic,7.341569798548566,0.2539629821171815,0.045094150235029586,108.8448173722303
CBF-691,forage_phonologicaldynamicglobal_simdrop,8.093373066235221,2.263413938749032,0.01846009815108353,104.45224110234294
CBF-691,forage_phonologicaldynamiclocal_simdrop,7.980092381787842,2.067077260995072,0.08256841118007026,103.89463849382389
CBF-691,forage_phonologicaldynamicswitch_simdrop,8.292631455102715,2.3286948707179222,-0.18546653362407484,103.61965030146717
CBF-691,forage_random_baseline,0.0,0.0,,116.6168140276385
CBH-693,forage_static,8.105260969543716,2.1564507033282725,,129.64667462308154
CBH-693,forage_dynamic_simdrop,7.731958840738014,3.1248403076285474,,122.98246656786878
CBH-693,forage_phonologicalstatic,7.964329456099417,1.920231644361159,0.06818712567612698,128.95604105666962
CBH-693,forage_phonologicaldynamicglobal_simdrop,7.661859167463107,2.957591884699347,0.0371993461142387,122.79247433865419
CBH-693,forage_phonologicaldynamiclocal_simdrop,7.656844818767337,2.964754132860861,0.035590938697858135,122.86898735479649
CBH-693,forage_phonologicaldynamicswitch_simdrop,7.740661481093424,3.1246708645099015,0.04031566819793289,122.90503340756594
CBH-693,forage_random_baseline,0.0,0.0,,147.3054492980697
CBJ-697,forage_static,6.489120343656451,0.9712991102277289,,133.86563986074765
CBJ-697,forage_dynamic_simdrop,6.667334955084958,1.8279177340767097,,131.53797165523284
CBJ-697,forage_phonologicalstatic,6.595199026953245,1.037095405577645,-0.04898440003134543,133.5469645694927
CBJ-697,forage_phonologicaldynamicglobal_simdrop,6.832641895321932,2.013640516777468,-0.06378035244172561,131.00479978661392
CBJ-697,forage_phonologicaldynamiclocal_simdrop,6.750480569332023,1.9448396676244253,-0.04050582394612784,131.36377679209295
CBJ-697,forage_phonologicaldynamicswitch_simdrop,6.745270054941987,1.8300898326616466,-0.1606526263927225,130.91036291612087
CBJ-697,forage_random_baseline,0.0,0.0,,141.16772224398346
CBL-698,forage_static,5.489264120456627,2.031956900065408,,114.66406653275789
CBL-698,forage_dynamic_simdrop,5.263576690158374,2.724332617963548,,112.45566299696215
CBL-698,forage_phonologicalstatic,5.526834713123889,2.082822348458503,-0.017782093858510793,114.62686901985103
CBL-698,forage_phonologicaldynamicglobal_simdrop,5.318033054831561,2.8357021253081958,-0.030362001732623888,112.3516600039107
CBL-698,forage_phonologicaldynamiclocal_simdrop,5.247868465238142,2.694670060321691,0.008334165179434881,112.44978432058232
CBL-698,forage_phonologicaldynamicswitch_simdrop,5.243630498092307,2.7245629369033915,-0.15987299749631975,111.8375039400908
CBL-698,forage_random_baseline,0.0,0.0,,122.75454108172474
CBM-702,forage_static,7.082933068830205,2.165096891701002,,150.6891131315454
CBM-702,forage_dynamic_simdrop,6.82044302899983,2.759614421520245,,148.733590407523
CBM-702,forage_phonologicalstatic,6.9816272255650675,1.922540406225261,0.07846831201295597,149.63160071948957
CBM-702,forage_phonologicaldynamicglobal_simdrop,6.76203120423409,2.4826114726955155,0.07207768987194876,147.8637418564781
CBM-702,forage_phonologicaldynamiclocal_simdrop,6.774484437030751,2.5281445184051683,0.05949748641284835,148.30613671199
CBM-702,forage_phonologicaldynamicswitch_simdrop,6.8162888674927125,2.7596251763924724,0.10452808875957802,148.22246481047355
CBM-702,forage_random_baseline,0.0,0.0,,165.71863046032843
CBP-707,forage_static,8.559284093033217,1.743364830299503,,154.39879288067777
CBP-707,forage_dynamic_simdrop,8.336069583663278,2.246156635127658,,152.68944087512483
CBP-707,forage_phonologicalstatic,8.76726970770059,2.000801192811688,-0.08414941934372522,153.33733074519546
CBP-707,forage_phonologicaldynamicglobal_simdrop,8.511849002338046,2.6244789046197137,-0.09520453230904996,151.38480126426577
CBP-707,forage_phonologicaldynamiclocal_simdrop,8.613743899829753,2.8953461082801346,-0.16130092948579636,150.26952625224635
CBP-707,forage_phonologicaldynamicswitch_simdrop,8.33202124705737,2.24612527137094,0.03704996487762682,152.61916637016233
CBP-707,forage_random_baseline,0.0,0.0,,171.85635751441467
CBS-711,forage_static,6.292248647837379,0.9178965301590905,,140.3846487823276
CBS-711,forage_dynamic_simdrop,6.344072912773257,2.478978896763145,,134.67741961109766
CBS-711,forage_phonologicalstatic,6.296757105607534,0.9234547687938398,-0.003936753575678334,140.38238927936257
CBS-711,forage_phonologicaldynamicglobal_simdrop,6.415791497892341,2.6257647151417287,-0.03726745650684668,134.48739957080488
CBS-711,forage_phonologicaldynamiclocal_simdrop,6.39870059893828,2.5955871455141426,-0.029744892770844553,134.59226930078367
CBS-711,forage_phonologicaldynamicswitch_simdrop,6.348850971992991,2.478917707327628,-0.05547372266734131,134.5544631228134
CBS-711,forage_random_baseline,0.0,0.0,,147.3054492980697
CBW-715,forage_static,8.071304417145466,2.2203920396112196,,97.84016371111188
CBW-715,forage_dynamic_simdrop,7.987473899653758,2.7155044438622227,,97.09743708082935
CBW-715,forage_phonologicalstatic,8.070223708685303,2.2171481057974067,0.0008324196447809048,97.84009499359696
CBW-715,forage_phonologicaldynamicglobal_simdrop,7.989578127940735,2.724277752211486,-0.0019482706039328408,97.09707653964938
CBW-715,forage_phonologicaldynamiclocal_simdrop,8.17984415518995,3.3668868002484977,-0.13415775893525017,96.0701906930149
CBW-715,forage_phonologicaldynamicswitch_simdrop,7.954050408876047,2.7148774614190696,0.30216207869101486,94.64620918690176
CBW-715,forage_random_baseline,0.0,0.0,,110.47908697355226
CCB-720,forage_static,7.069328418977953,0.8485109904056654,,81.03649168748076
CCB-720,forage_dynamic_simdrop,7.137205249447074,1.3844311051414446,,80.55944738675164
CCB-720,forage_phonologicalstatic,7.054717403570424,0.7358153950498751,0.07526660710155482,80.55188462135071
CCB-720,forage_phonologicaldynamicglobal_simdrop,7.118422470654407,1.2174263815786601,0.07067728947567865,80.13319528788767
CCB-720,forage_phonologicaldynamiclocal_simdrop,7.1489534649933155,1.5155297185117838,-0.05943323481906538,80.39111388988546
CCB-720,forage_phonologicaldynamicswitch_simdrop,7.112026311946656,1.3826327467872497,0.5663687657771521,76.99352675304837
CCB-720,forage_random_baseline,0.0,0.0,,85.92817875720729
CCC-721,forage_static,11.964780641624982,1.4469426684221707,,74.50911384049559
CCC-721,forage_dynamic_simdrop,11.599513693989667,2.0472438345804878,,72.71524538470135
CCC-721,forage_phonologicalstatic,12.262993653177048,1.6487152099885412,-0.07528852007182041,74.08764213290024
CCC-721,forage_phonologicaldynamicglobal_simdrop,11.950897793414288,2.420828162279733,-0.1042638775125867,71.98978190043647
CCC-721,forage_phonologicaldynamiclocal_simdrop,11.897662606524907,2.489882440065951,-0.12200438917322266,72.03890976241792
CCC-721,forage_phonologicaldynamicswitch_simdrop,11.66041932944041,2.0466330513847897,-0.06331149806218539,72.62615040560424
CCC-721,forage_random_baseline,0.0,0.0,,92.06590581129353
CCD-722,forage_static,7.582504026718585,0.9515467296626557,,165.46841737197332
CCD-722,forage_dynamic_simdrop,7.57701532820371,2.277124662589234,,159.39850370681646
CCD-722,forage_phonologicalstatic,7.627341958570394,1.0000418368905524,-0.03513970667548105,165.25268617272212
CCD-722,forage_phonologicaldynamicglobal_simdrop,7.658811614052657,2.473790039881621,-0.05828727787898952,158.83260749255803
CCD-722,forage_phonologicaldynamiclocal_simdrop,7.634982863571723,2.3911939319097293,-0.03434893282246255,159.2625954808309
CCD-722,forage_phonologicaldynamicswitch_simdrop,7.546903645037832,2.2773199379153923,-0.11538852293076245,158.75641531793508
CCD-722,forage_random_baseline,0.0,0.0,,177.9940845685009
CCF-724,forage_static,11.141775488040583,1.6685897834546397,,91.64521997502301
CCF-724,forage_dynamic_simdrop,10.856936555741417,2.0560898063728597,,90.54504521311792
CCF-724,forage_phonologicalstatic,11.124892353164432,1.650132428203593,0.006534605514194712,91.64062017804193
CCF-724,forage_phonologicaldynamicglobal_simdrop,10.859280374474245,2.059635860307378,-0.0010493647699844296,90.54492965802304
CCF-724,forage_phonologicaldynamiclocal_simdrop,10.92116820397278,2.174615502097344,-0.03442838716087144,90.45502310094898
CCF-724,forage_phonologicaldynamicswitch_simdrop,10.81810651980014,2.055923785048636,0.08895534124408368,90.3154987807325
CCF-724,forage_random_baseline,0.0,0.0,,110.47908697355226
CCH-726,forage_static,9.314834057099246,1.6674087534912803,,122.73144626918868
CCH-726,forage_dynamic_simdrop,9.351702366470583,2.203749805915414,,121.92358116855922
CCH-726,forage_phonologicalstatic,9.42606112455127,1.7756573017324717,-0.04342319063651925,122.49147859293645
CCH-726,forage_phonologicaldynamicglobal_simdrop,9.500184359590179,2.382434284734825,-0.05013164151746547,121.60334100404393
CCH-726,forage_phonologicaldynamiclocal_simdrop,9.548615555613145,2.5125011627614158,-0.08578432810045247,121.30752124887657
CCH-726,forage_phonologicaldynamicswitch_simdrop,9.33584338393133,2.203659630331973,0.022867451656897506,121.90197394436949
CCH-726,forage_random_baseline,0.0,0.0,,141.16772224398346
CCL-730,forage_static,9.177110290861407,1.420137943428385,,130.91718153554837
CCL-730,forage_dynamic_simdrop,8.864597818872957,2.1453327917931064,,127.09816770076911
CCL-730,forage_phonologicalstatic,9.298063433646144,1.5899951588984955,-0.07198150872654277,130.27346433692983
CCL-730,forage_phonologicaldynamicglobal_simdrop,8.991847129140764,2.512958093217348,-0.10330948249096034,125.89271608141468
CCL-730,forage_phonologicaldynamiclocal_simdrop,9.011706868132709,2.523695071074689,-0.10628289675982966,126.10320624219332
CCL-730,forage_phonologicaldynamicswitch_simdrop,8.850576825771773,2.145521589267719,-0.09243309511337537,126.88368945675857
CCL-730,forage_random_baseline,0.0,0.0,,147.3054492980697
CCX-744,forage_static,10.872021536908532,0.7024290787494536,,94.27155207755555
CCX-744,forage_dynamic_simdrop,10.877160099687904,1.3137383301320062,,92.90401428024802
CCX-744,forage_phonologicalstatic,10.725691128261063,0.6147533780675049,0.06258676122812784,93.84181580363345
CCX-744,forage_phonologicaldynamicglobal_simdrop,10.762133518032423,1.209686960449367,0.05285725313853811,92.60133107356445
CCX-744,forage_phonologicaldynamiclocal_simdrop,10.819499854873845,1.1987366568332403,0.059049715648506446,92.643080669637
CCX-744,forage_phonologicaldynamicswitch_simdrop,10.830767944981249,1.3132772819634646,0.038456679960497106,92.8532702782354
CCX-744,forage_random_baseline,0.0,0.0,,110.47908697355226
CDG-753,forage_static,7.380412004654881,2.000538067561896,,131.67573080752294
CDG-753,forage_dynamic_simdrop,6.9659101327741135,2.941469308373049,,126.64696458333391
CDG-753,forage_phonologicalstatic,7.512822098534561,2.181054090126939,-0.05637901281870084,131.25822213186277
CDG-753,forage_phonologicaldynamicglobal_simdrop,7.134389516185067,3.3649957199610694,-0.09351008520927738,125.62800693831284
CDG-753,forage_phonologicaldynamiclocal_simdrop,7.0331579879949775,3.146127182400514,-0.04655889085744402,126.4732710307977
CDG-753,forage_phonologicaldynamicswitch_simdrop,7.015413526906502,2.9402631558482755,-0.2074251168017887,125.27569845906517
CDG-753,forage_random_baseline,0.0,0.0,,147.3054492980697
CDH-754,forage_static,7.479624307677721,2.2978452396416045,,76.77430950780618
CDH-754,forage_dynamic_simdrop,7.6962240985719745,3.14504921442151,,75.71392357401386
CDH-754,forage_phonologicalstatic,7.405741248849623,2.089631092918431,0.06958489596186374,76.34407483551027
CDH-754,forage_phonologicaldynamicglobal_simdrop,7.679171855948704,2.8891364761864056,0.0721114144930529,75.26219582870188
CDH-754,forage_phonologicaldynamiclocal_simdrop,7.694714310796707,3.113565696354823,0.008304218963600198,75.7098657961317
CDH-754,forage_phonologicaldynamicswitch_simdrop,7.668806629662814,3.1440818017163137,0.2216355170178396,74.46749126515218
CDH-754,forage_random_baseline,0.0,0.0,,85.92817875720729
CDM-759,forage_static,9.152738667841328,1.7207148290275671,,103.69562117320082
CDM-759,forage_dynamic_simdrop,8.808410967158562,2.1442596743957045,,103.44064833411896
CDM-759,forage_phonologicalstatic,9.134795393840134,1.704981762944888,0.006202234186695649,103.69121536486387
CDM-759,forage_phonologicaldynamicglobal_simdrop,8.804142257629971,2.1385339886119974,0.0016262798892864778,103.44034876771737
CDM-759,forage_phonologicaldynamiclocal_simdrop,8.732178658871224,1.9999258010791092,0.042044574860323924,103.30775031304654
CDM-759,forage_phonologicaldynamicswitch_simdrop,8.871218911205398,2.1452159153327175,-0.0783697343262288,103.213951135457
CDM-759,forage_random_baseline,0.0,0.0,,116.6168140276385
CDR-764,forage_static,7.382634548794452,0.4206062676218345,,103.26450830466783
CDR-764,forage_dynamic_simdrop,7.574491389817911,1.6407826121762428,,100.9423666642739
CDR-764,forage_phonologicalstatic,7.516736547008795,0.484617138156629,-0.07204100005359641,102.80288596911929
CDR-764,forage_phonologicaldynamicglobal_simdrop,7.802129578317477,1.8960116302313998,-0.09536725144361355,100.16159171429648
CDR-764,forage_phonologicaldynamiclocal_simdrop,7.908455317358689,2.0808916623668803,-0.16620490625454284,99.6162069796341
CDR-764,forage_phonologicaldynamicswitch_simdrop,7.5728711842456375,1.6407734361550153,0.0050938741065337115,100.94143862308836
CDR-764,forage_random_baseline,0.0,0.0,,110.47908697355226
CDU-767,forage_static,9.052529414227363,0.4537248606897518,,105.18277582693842
CDU-767,forage_dynamic_simdrop,9.060644619021737,1.2831483612077188,,103.58719438365334
CDU-767,forage_phonologicalstatic,9.252515267696067,0.5483164207128659,-0.08950537433821348,104.42802122163728
CDU-767,forage_phonologicaldynamicglobal_simdrop,9.31934719458408,1.5294752986501008,-0.1084464058638018,102.52110291889099
CDU-767,forage_phonologicaldynamiclocal_simdrop,9.17423001291406,1.4773961173401664,-0.08542147533649526,103.14424536893117
CDU-767,forage_phonologicaldynamicswitch_simdrop,9.202104121933948,1.2830077129219946,-0.15187487158613083,102.89162762385193
CDU-767,forage_random_baseline,0.0,0.0,,116.6168140276385
SGO-159,forage_static,8.213010664633485,1.6866299958464601,,199.06907283137167
SGO-159,forage_dynamic_simdrop,8.176149898194645,2.551498761081285,,195.72544100346497
SGO-159,forage_phonologicalstatic,8.215972217394674,1.690898303386138,-0.001842287021303348,199.06832484114923
SGO-159,forage_phonologicaldynamicglobal_simdrop,8.202086427104767,2.6126939355415666,-0.015385770628704179,195.67449624040384
SGO-159,forage_phonologicaldynamiclocal_simdrop,8.207715211174666,2.6528886924988497,-0.025382707949426354,195.63672328971475
SGO-159,forage_phonologicaldynamicswitch_simdrop,8.17505202621761,2.551479600033048,0.002540028980228259,195.72494132408468
SGO-159,forage_random_baseline,0.0,0.0,,220.9581739471046
SIU-211,forage_static,8.696903561040887,2.1853096097822564,,128.120328602982
SIU-211,forage_dynamic_simdrop,8.511185303964616,2.794916976664861,,125.71520094735833
SIU-211,forage_phonologicalstatic,8.560965627033179,1.933949128605531,0.07276157574642994,127.34833146216862
SIU-211,forage_phonologicaldynamicglobal_simdrop,8.42385050736581,2.5315254883987532,0.067062227961845,125.07087048249204
SIU-211,forage_phonologicaldynamiclocal_simdrop,8.400115373032618,2.446513105113581,0.09055634893692428,124.86833268986621
SIU-211,forage_phonologicaldynamicswitch_simdrop,8.511019964920232,2.794916811409234,0.006122874106004691,125.71379440372188
SIU-211,forage_random_baseline,0.0,0.0,,147.3054492980697
SIZ-390,forage_static,8.559609752421599,1.182139019489384,,94.37139018779735
SIZ-390,forage_dynamic_simdrop,8.59791061098683,1.6001340851561607,,93.54560967371918
SIZ-390,forage_phonologicalstatic,8.501346738666816,1.1320655276077933,0.023223831432021353,94.31740373318193
SIZ-390,forage_phonologicaldynamicglobal_simdrop,8.551217572172119,1.5487953050993923,0.021850914391392286,93.49808514383766
SIZ-390,forage_phonologicaldynamiclocal_simdrop,8.555780482158006,1.5606193515857527,0.01673311366205813,93.52283680224568
SIZ-390,forage_phonologicaldynamicswitch_simdrop,8.615028783397124,1.6004828476689936,0.044376611246327434,93.50892497284933
SIZ-390,forage_random_baseline,0.0,0.0,,104.34135991946602
SKE-234,forage_static,7.952730912585395,1.9522865841480674,,154.50374475808707
SKE-234,forage_dynamic_simdrop,7.826115223267969,2.573998953154001,,152.9847017988684
SKE-234,forage_phonologicalstatic,7.913135545973498,1.8757556261570474,0.026475761995579467,154.378489500553
SKE-234,forage_phonologicaldynamicglobal_simdrop,7.798101857882515,2.4826008071825254,0.02503130393425446,152.87414959267576
SKE-234,forage_phonologicaldynamiclocal_simdrop,7.8505319736267,2.650214544355939,-0.02009376395742825,152.93862370863465
SKE-234,forage_phonologicaldynamicswitch_simdrop,7.8381363420557015,2.5741177495630923,0.10932663996410416,152.23932909999704
SKE-234,forage_random_baseline,0.0,0.0,,171.85635751441467
SMK-401,forage_static,9.091533062483778,1.8393732167933,,128.28129513268783
SMK-401,forage_dynamic_simdrop,8.673070865773404,2.5823155243204003,,123.88367581406436
SMK-401,forage_phonologicalstatic,9.009032610691285,1.7219599378157222,0.04379978650436868,128.00051445067425
SMK-401,forage_phonologicaldynamicglobal_simdrop,8.641921776468394,2.5018313155702896,0.021575712285723775,123.8189754509499
SMK-401,forage_phonologicaldynamiclocal_simdrop,8.662871177824693,2.5272356833454324,0.014629068691126254,123.86307890110517
SMK-401,forage_phonologicaldynamicswitch_simdrop,8.644420504855761,2.5829326781278708,0.037359832676637415,123.82430243649847
SMK-401,forage_random_baseline,0.0,0.0,,147.3054492980697
SNI-300,forage_static,8.072434129634376,2.2020454669776544,,97.30290906294263
SNI-300,forage_dynamic_simdrop,8.009666060008367,2.6957885453877486,,95.96189038186496
SNI-300,forage_phonologicalstatic,7.897627070438256,1.96876958721793,0.07371330869775014,96.7152261632907
SNI-300,forage_phonologicaldynamicglobal_simdrop,7.87852305889627,2.4504223730643386,0.06945855692693764,95.44771984064351
SNI-300,forage_phonologicaldynamiclocal_simdrop,7.904757447308803,2.484866824127544,0.05909020921696465,95.68212600270587
SNI-300,forage_phonologicaldynamicswitch_simdrop,7.9948992621115575,2.6957887799826636,0.09916642513964762,95.6947655673727
SNI-300,forage_random_baseline,0.0,0.0,,110.47908697355226
SNR-308,forage_static,8.654015253326087,1.9134208156262493,,86.7230758696294
SNR-308,forage_dynamic_simdrop,8.722711309851489,2.2545698356567914,,86.18685750426263
SNR-308,forage_phonologicalstatic,8.530346542707981,1.7669055088378338,0.04908700323164685,86.4872099594659
SNR-308,forage_phonologicaldynamicglobal_simdrop,8.61460824928393,2.0970853174245403,0.047915365664119046,85.96157308259087
SNR-308,forage_phonologicaldynamiclocal_simdrop,8.608888804416203,2.040825289852623,0.06615897894508954,85.84867754509995
SNR-308,forage_phonologicaldynamicswitch_simdrop,8.733480187989521,2.2547586047956476,-0.021167173333811035,86.1781264164013
SNR-308,forage_random_baseline,0.0,0.0,,98.20363286537977
SNT-310,forage_static,9.659328028915995,1.8572760356822964,,142.56490464181582
SNT-310,forage_dynamic_simdrop,9.904884017773334,2.93336045672393,,138.09717561304436
SNT-310,forage_phonologicalstatic,9.633237621495415,1.822673902271314,0.012165653968728108,142.54044136483046
SNT-310,forage_phonologicaldynamicglobal_simdrop,9.92672018111726,2.977420855875829,-0.009504221709054158,138.0830047605125
SNT-310,forage_phonologicaldynamiclocal_simdrop,10.000809566469963,3.183884542714966,-0.052381619447883554,137.8209163824226
SNT-310,forage_phonologicaldynamicswitch_simdrop,9.868136170500632,2.9330023851935687,0.07205338137715123,137.81352699433538
SNT-310,forage_random_baseline,0.0,0.0,,165.71863046032843
SNV-312,forage_static,11.349318642285505,2.022670905870745,,89.11340383970048
SNV-312,forage_dynamic_simdrop,11.041871032578284,2.531949944430224,,88.13875481047523
SNV-312,forage_phonologicalstatic,11.461011921685856,2.171718750416148,-0.04233045277327846,88.94528748046956
SNV-312,forage_phonologicaldynamicglobal_simdrop,11.152412307925836,2.7377094589861457,-0.04977268054711252,87.91348657580899
SNV-312,forage_phonologicaldynamiclocal_simdrop,11.165874833264386,2.8873092050942475,-0.08463645049332087,87.72520939431024
SNV-312,forage_phonologicaldynamicswitch_simdrop,11.03031408245438,2.53189737323089,0.013986844617210678,88.13235543887679
SNV-312,forage_random_baseline,0.0,0.0,,110.47908697355226
SNY-315,forage_static,9.287550582646682,1.678265581095163,,106.97562124434337
SNY-315,forage_dynamic_simdrop,9.299638890332071,2.5004095779275506,,104.47290782781276
SNY-315,forage_phonologicalstatic,9.271371497672417,1.6318719049109471,0.019159698837708572,106.9314570847226
SNY-315,forage_phonologicaldynamicglobal_simdrop,9.3039296949488,2.5138585036380094,-0.0031858659299286375,104.4717310155231
SNY-315,forage_phonologicaldynamiclocal_simdrop,9.319800409447518,2.6208783997027756,-0.02811001591790606,104.4108139912306
SNY-315,forage_phonologicaldynamicswitch_simdrop,9.265822868020871,2.500553792689781,0.054771926402689554,104.37125061729773
SNY-315,forage_random_baseline,0.0,0.0,,122.75454108172474
SOE-320,forage_static,10.425363895979414,1.7993116398690185,,67.48353603467793
SOE-320,forage_dynamic_simdrop,10.500681155094899,2.6902473465992953,,65.36506942578171
SOE-320,forage_phonologicalstatic,11.505866396400219,2.7304425863108994,-0.32027966188423007,63.29607645161148
SOE-320,forage_phonologicaldynamicglobal_simdrop,11.614495335292968,4.5094259562322385,-0.41197923294550126,60.02407567739319
SOE-320,forage_phonologicaldynamiclocal_simdrop,11.514463577721493,4.457280329930116,-0.4004349787885647,60.860789944340105
SOE-320,forage_phonologicaldynamicswitch_simdrop,10.563734675361573,2.691588345126063,-2.0918209045734373,64.49564775220097
SOE-320,forage_random_baseline,0.0,0.0,,79.79045170312105
SOQ-329,forage_static,9.190542633924702,1.6852314097341756,,124.30320449562198
SOQ-329,forage_dynamic_simdrop,8.970184950702798,2.3542288798478515,,122.10684854107161
SOQ-329,forage_phonologicalstatic,8.990776900986074,1.4166243273937305,0.10549479664975962,122.70494446368866
SOQ-329,forage_phonologicaldynamicglobal_simdrop,8.82832228132499,2.039921316809156,0.09758615027977674,120.77269338569519
SOQ-329,forage_phonologicaldynamiclocal_simdrop,8.920799248684675,2.2679819642928907,0.025107581100982605,122.04761309513708
SOQ-329,forage_phonologicaldynamicswitch_simdrop,9.111872098940026,2.3542519049578354,0.2479819650771309,119.34696603948808
SOQ-329,forage_random_baseline,0.0,0.0,,141.16772224398346
SOX-335,forage_static,10.413371558208443,1.1521710347331422,,58.59967602748644
SOX-335,forage_dynamic_simdrop,10.300244928913953,1.920706357808672,,56.953250694867315
SOX-335,forage_phonologicalstatic,10.230000722035149,1.0182753851696698,0.05335151717798099,58.4097767141123
SOX-335,forage_phonologicaldynamicglobal_simdrop,10.199904348505926,1.8159173014105292,0.02898449552946778,56.89903730146303
SOX-335,forage_phonologicaldynamiclocal_simdrop,10.196241837366385,1.7654882842646122,0.043303601717062545,56.85744215062704
SOX-335,forage_phonologicaldynamicswitch_simdrop,10.324184079990516,1.9206246392633572,-0.022933837361367594,56.94562723175331
SOX-335,forage_random_baseline,0.0,0.0,,67.51499759494857
SPA-338,forage_static,8.378883181094753,1.5185500071069507,,93.8909392368673
SPA-338,forage_dynamic_simdrop,7.817096865330669,2.833188990392537,,90.58659073120195
SPA-338,forage_phonologicalstatic,8.282329456524243,1.387264243687276,0.049749023713100096,93.64055450317164
SPA-338,forage_phonologicaldynamicglobal_simdrop,7.78368860711234,2.715337095842193,0.03130626296864947,90.4927296533483
SPA-338,forage_phonologicaldynamiclocal_simdrop,7.785570979170303,2.6758387300386213,0.04206134915146544,90.49632298901288
SPA-338,forage_phonologicaldynamicswitch_simdrop,7.811390464216739,2.8334160582378627,0.019081565425235366,90.5703677256465
SPA-338,forage_random_baseline,0.0,0.0,,104.34135991946602
SPC-340,forage_static,8.994813610592761,1.6868140439684984,,108.3065575793032
SPC-340,forage_dynamic_simdrop,8.437932998950684,2.3827982024226584,,105.15514344509707
SPC-340,forage_phonologicalstatic,8.933842722491542,1.6110906200692583,0.026318307941270734,108.2220329104789
SPC-340,forage_phonologicaldynamicglobal_simdrop,8.427407916760828,2.360526872247492,0.005836594950761348,105.15125811316327
SPC-340,forage_phonologicaldynamiclocal_simdrop,8.597869690042652,2.771111898463244,-0.09417443838331992,104.5551494710296
SPC-340,forage_phonologicaldynamicswitch_simdrop,8.383226298325784,2.38452098240566,0.17952875946274083,103.85692465392428
SPC-340,forage_random_baseline,0.0,0.0,,122.75454108172474
SPH-344,forage_static,9.947117731222768,1.9226444172966874,,52.645545953032
SPH-344,forage_dynamic_simdrop,9.501934753693257,2.7080582485423186,,51.37075195170203
SPH-344,forage_phonologicalstatic,10.054977987498575,2.0545703686177137,-0.03835046311273748,52.56654530488507
SPH-344,forage_phonologicaldynamicglobal_simdrop,9.595145753830955,2.987934516754451,-0.058856938386119176,51.20247650851658
SPH-344,forage_phonologicaldynamiclocal_simdrop,9.483025055065783,2.6630965159125246,0.009990278877402397,51.36713435037113
SPH-344,forage_phonologicaldynamicswitch_simdrop,9.453717225277154,2.709044316325729,-2.246749631350068,50.34001792485328
SPH-344,forage_random_baseline,0.0,0.0,,61.37727054086234
SPL-436,forage_static,9.200390205273624,2.108299738381193,,88.41367118782424
SPL-436,forage_dynamic_simdrop,8.868563870721422,2.4842618409955204,,87.19820510131426
SPL-436,forage_phonologicalstatic,9.139230185377587,1.954937483492381,0.042633839795600224,88.2319676509363
SPL-436,forage_phonologicaldynamicglobal_simdrop,8.83348479111095,2.342606314406036,0.03450404180477169,87.08293716099519
SPL-436,forage_phonologicaldynamiclocal_simdrop,8.894388179609637,2.605164515168658,-0.027870882095509843,87.14605634079693
SPL-436,forage_phonologicaldynamicswitch_simdrop,8.871589138574356,2.484163341582758,0.2168398237613941,86.10028278248764
SPL-436,forage_random_baseline,0.0,0.0,,104.34135991946602
SPV-450,forage_static,9.492425819298154,2.3230481599405786,,98.2718779060261
SPV-450,forage_dynamic_simdrop,9.416888795699544,3.0043141547442107,,97.32230464901296
SPV-450,forage_phonologicalstatic,9.938255798728871,2.9442642274594157,-0.16726170610166718,95.97387370214139
SPV-450,forage_phonologicaldynamicglobal_simdrop,9.779447785660182,3.832943291149557,-0.17010376436647315,95.01627946749328
SPV-450,forage_phonologicaldynamiclocal_simdrop,9.801140212607724,3.8969813209225177,-0.18225719023895345,95.51324081135294
SPV-450,forage_phonologicaldynamicswitch_simdrop,9.416165330513968,3.0043088347930005,-0.14184253644820868,96.80274006376958
SPV-450,forage_random_baseline,0.0,0.0,,116.6168140276385
SPX-452,forage_static,8.554521197063623,2.2541197054558584,,116.40140085406158
SPX-452,forage_dynamic_simdrop,8.086003967137403,2.9350780781158763,,114.3962670728744
SPX-452,forage_phonologicalstatic,8.710329028469909,2.537725121693966,-0.07354246799417068,115.79804922387548
SPX-452,forage_phonologicaldynamicglobal_simdrop,8.167206332447229,3.3012642882699548,-0.08336126275201737,113.6786781897292
SPX-452,forage_phonologicaldynamiclocal_simdrop,8.475272274571473,3.9817805167847036,-0.22076295270629226,111.53698094218284
SPX-452,forage_phonologicaldynamicswitch_simdrop,8.179056102187182,2.9322538014887267,0.11754141075520103,113.74019556382581
SPX-452,forage_random_baseline,0.0,0.0,,135.02999518989722
SRF-483,forage_static,9.914774005854118,1.2636404055122226,,85.53256015081442
SRF-483,forage_dynamic_simdrop,9.900538688088199,2.120260271569313,,83.22462154614607
SRF-483,forage_phonologicalstatic,10.449528472557276,1.5965715396158628,-0.15031978642495833,83.82348472371481
SRF-483,forage_phonologicaldynamicglobal_simdrop,10.608490446568286,2.849717381010243,-0.18287988399631327,80.85317475566774
SRF-483,forage_phonologicaldynamiclocal_simdrop,10.633270353950016,3.001754056741098,-0.2190886592793518,80.7706841758806
SRF-483,forage_phonologicaldynamicswitch_simdrop,9.93878443092352,2.1201222423566812,-0.0810674918927233,83.09055061053887
SRF-483,forage_random_baseline,0.0,0.0,,98.20363286537977
SRR-498,forage_static,9.273973416554782,1.1046457701364683,,98.81307219988253
SRR-498,forage_dynamic_simdrop,9.15193467180405,1.9074381546724637,,96.87990536413749
SRR-498,forage_phonologicalstatic,9.30249927016444,1.1724994145059622,-0.043917517868697305,98.63118561072689
SRR-498,forage_phonologicaldynamicglobal_simdrop,9.224848822633087,2.1365145442293905,-0.06608424651307579,96.49209989709658
SRR-498,forage_phonologicaldynamiclocal_simdrop,9.33552943907283,2.3828827236219206,-0.13588091517498718,95.92431205415717
SRR-498,forage_phonologicaldynamicswitch_simdrop,9.163758915352512,1.9075550829485235,0.04745130844184451,96.80385920973485
SRR-498,forage_random_baseline,0.0,0.0,,110.47908697355226
SSG-520,forage_static,11.875406520307056,2.778256278087374,,72.64713733763382
SSG-520,forage_dynamic_simdrop,11.170692022387017,3.237146178264091,,71.86490932854292
SSG-520,forage_phonologicalstatic,12.596409479252499,3.6562483763358347,-0.17396872188897256,70.72405418366901
SSG-520,forage_phonologicaldynamicglobal_simdrop,11.79182819666745,4.351821757520379,-0.1966182444792504,69.6949894517801
SSG-520,forage_phonologicaldynamiclocal_simdrop,11.633048613642117,4.123471973443163,-0.15958789146936275,70.70490890078482
SSG-520,forage_phonologicaldynamicswitch_simdrop,11.223229963670278,3.2364606667517046,-2.145267021233667,70.45204809966167
SSG-520,forage_random_baseline,0.0,0.0,,98.20363286537977
SSZ-539,forage_static,8.688344378492037,0.9199164014829277,,72.74550952535937
SSZ-539,forage_dynamic_simdrop,8.990396508614934,1.7373125535379808,,71.55958176015841
SSZ-539,forage_phonologicalstatic,8.866087050525126,1.152962096457584,-0.15468590777898905,71.42827300672398
SSZ-539,forage_phonologicaldynamicglobal_simdrop,9.278857537697993,2.2732722364559197,-0.17462478755187447,69.90479196719735
SSZ-539,forage_phonologicaldynamiclocal_simdrop,9.229277336879662,2.2251763714612802,-0.1580306958866316,70.3242535195501
SSZ-539,forage_phonologicaldynamicswitch_simdrop,9.030920312801477,1.7395529298226349,-1.9522645118710285,70.9510235407771
SSZ-539,forage_random_baseline,0.0,0.0,,79.79045170312105
SUG-544,forage_static,9.704330593050651,1.8574292430301285,,79.63175621865905
SUG-544,forage_dynamic_simdrop,9.373148725815884,2.5422918066093367,,78.00143482986842
SUG-544,forage_phonologicalstatic,9.60775401528128,1.7654607248752887,0.03205822671972591,79.53860730125571
SUG-544,forage_phonologicaldynamicglobal_simdrop,9.323814368498214,2.4696389934978042,0.0196543600878482,77.96791181461434
SUG-544,forage_phonologicaldynamiclocal_simdrop,9.461111214993192,2.74694581855453,-0.052526540876108696,77.84625228668386
SUG-544,forage_phonologicaldynamicswitch_simdrop,9.233770982860888,2.5420023786987387,0.18409375918487766,77.16417944653593
SUG-544,forage_random_baseline,0.0,0.0,,92.06590581129353
SUT-556,forage_static,9.912655254839102,0.9719297865235172,,80.87478440468244
SUT-556,forage_dynamic_simdrop,10.173432369500524,1.6829502819199946,,79.21039423104816
SUT-556,forage_phonologicalstatic,10.12297431633672,1.1452101852818075,-0.11942026777123438,79.83360743065197
SUT-556,forage_phonologicaldynamicglobal_simdrop,10.465362700066127,2.1043634281212302,-0.137296556037133,77.85173860999932
SUT-556,forage_phonologicaldynamiclocal_simdrop,10.618623146205534,2.4865861240093348,-0.2736718494215668,76.05931117227117
SUT-556,forage_phonologicaldynamicswitch_simdrop,10.121626506138462,1.6816968485213792,0.4514662150607845,78.09159579803824
SUT-556,forage_random_baseline,0.0,0.0,,92.06590581129353
SUV-558,forage_static,7.178846070185629,1.7702100297518732,,107.1028592153114
SUV-558,forage_dynamic_simdrop,6.765128097103421,2.2388933756412857,,105.59421004906652
SUV-558,forage_phonologicalstatic,7.1458491146249035,1.7026579787225504,0.025060210085932098,107.0303057829525
SUV-558,forage_phonologicaldynamicglobal_simdrop,6.752804855937138,2.1961624463914147,0.012110318029063597,105.57790475320564
SUV-558,forage_phonologicaldynamiclocal_simdrop,6.823150134241596,2.425413469213476,-0.05084857910482269,105.40290426010591
SUV-558,forage_phonologicaldynamicswitch_simdrop,6.766645027729347,2.238855159550825,0.14868881742117943,104.81265453343326
SUV-558,forage_random_baseline,0.0,0.0,,116.6168140276385
SVA-563,forage_static,7.377198262765801,0.8639930063570185,,120.16295730563502
SVA-563,forage_dynamic_simdrop,7.450430235229805,2.3444525385344335,,113.91512304826925
SVA-563,forage_phonologicalstatic,7.389760314869895,0.8711244211400003,-0.005849281850359364,120.15860237675594
SVA-563,forage_phonologicaldynamicglobal_simdrop,7.551638294113327,2.4823167421560743,-0.04263771377522168,113.6992046913136
SVA-563,forage_phonologicaldynamiclocal_simdrop,7.663213946411018,2.6731673851228264,-0.09837755539247586,113.12998206750213
SVA-563,forage_phonologicaldynamicswitch_simdrop,7.41965031846083,2.3448875696715303,0.09048926298012548,113.63363301738998
SVA-563,forage_random_baseline,0.0,0.0,,128.89226813581098
SVH-570,forage_static,8.04336331483086,2.0300011829084426,,81.62445375524693
SVH-570,forage_dynamic_simdrop,7.661204841110461,2.3314310154306637,,81.49058173070406
SVH-570,forage_phonologicalstatic,7.9962678922807235,1.9935687112251772,0.013066469488554082,81.60896345640278
SVH-570,forage_phonologicaldynamicglobal_simdrop,7.631745432878591,2.2975909460904327,0.010218980696298471,81.4812015659457
SVH-570,forage_phonologicaldynamiclocal_simdrop,7.641740840639564,2.281881547376092,0.01490312404159094,81.47671756735595
SVH-570,forage_phonologicaldynamicswitch_simdrop,7.6618312251171465,2.33142080108597,-0.0003920417150273953,81.4905774162375
SVH-570,forage_random_baseline,0.0,0.0,,92.06590581129353
SVY-587,forage_static,7.653732077580752,2.5424832447810255,,99.79995646092829
SVY-587,forage_dynamic_simdrop,7.709531957272358,2.9706551078012096,,100.40080613883481
SVY-587,forage_phonologicalstatic,7.917738970374943,2.9246777851375656,-0.09720604925879922,98.92180388555853
SVY-587,forage_phonologicaldynamicglobal_simdrop,7.909794332175399,3.3476737733943764,-0.08337028009164049,99.72740670577147
SVY-587,forage_phonologicaldynamiclocal_simdrop,7.990487063953851,3.627116296418803,-0.14058158422221317,99.07164915793241
SVY-587,forage_phonologicaldynamicswitch_simdrop,7.675596233675693,2.9711523236026953,0.06618116044455978,100.28403379723648
SVY-587,forage_random_baseline,0.0,0.0,,116.6168140276385
SZA-781,forage_static,7.713803846850752,2.95890812494091,,90.07079240222407
SZA-781,forage_dynamic_simdrop,7.569870364334665,3.208461945428012,,91.35240227261347
SZA-781,forage_phonologicalstatic,7.984687195967977,3.993810963380159,-0.20179645731384585,87.38828814696957
SZA-781,forage_phonologicaldynamicglobal_simdrop,7.699517848852502,4.214116553242347,-0.18672382426994383,89.08253998445848
SZA-781,forage_phonologicaldynamiclocal_simdrop,8.096596102861765,5.615300167222729,-0.43267798786415246,85.71062594698978
SZA-781,forage_phonologicaldynamicswitch_simdrop,7.6227726883672595,3.2090046395894505,0.1404128885067086,90.80934634319196
SZA-781,forage_random_baseline,0.0,0.0,,104.34135991946602
