Subject,Model,Beta_Frequency,Beta_Semantic,Beta_Phonological,Negative_Log_Likelihood_Optimized
CAF-657,forage_static,8.513155541260039,1.8132261593772012,,160.67875073887495
CAF-657,forage_dynamic_simdrop,8.59583668691237,4.13053558968586,,150.46190861849036
CAF-657,forage_phonologicalstatic,8.475051473747916,1.7783941429848449,0.01921986927174883,160.6106599931632
CAF-657,forage_phonologicaldynamicglobal_simdrop,8.62989534116608,4.208304384921651,-0.014120803055531065,150.42700009787836
CAF-657,forage_phonologicaldynamiclocal_simdrop,8.678603071747881,4.447003170670012,-0.055980835403422594,150.10596466074753
CAF-657,forage_phonologicaldynamicswitch_simdrop,8.53191690327663,4.1304664696178035,0.06843987409741677,150.18725974239553
CAF-657,forage_random_baseline,0.0,0.0,,177.9940845685009
CAJ-663,forage_static,7.053849259159862,0.05125555681313934,,115.35344039551822
CAJ-663,forage_dynamic_simdrop,7.456366040303587,1.5918846084298637,,113.49523856211596
CAJ-663,forage_phonologicalstatic,6.945167462053144,0.027315335560068887,0.07945258994676156,114.52969814295582
CAJ-663,forage_phonologicaldynamicglobal_simdrop,7.319351997672546,1.4909833734591964,0.07205710268517818,112.82159100195418
CAJ-663,forage_phonologicaldynamiclocal_simdrop,7.289887220503118,1.4166017063346101,0.13041556224605305,111.90054846669878
CAJ-663,forage_phonologicaldynamicswitch_simdrop,7.505241210486189,1.5936845506637631,-0.10945166631411837,113.1859738079218
CAJ-663,forage_random_baseline,0.0,0.0,,122.75454108172474
CAM-666,forage_static,8.960589472949524,1.9178595385163506,,136.78395922920842
CAM-666,forage_dynamic_simdrop,8.706224811165194,2.841770411483981,,133.9816382157142
CAM-666,forage_phonologicalstatic,9.028776812338101,2.006941359681356,-0.040872339858705184,136.5475665243567
CAM-666,forage_phonologicaldynamicglobal_simdrop,8.807889552877256,3.0488417833737307,-0.05651613259042247,133.54465739468472
CAM-666,forage_phonologicaldynamiclocal_simdrop,8.749889324401881,2.9465022225893773,-0.02864707856019551,133.89791105280335
CAM-666,forage_phonologicaldynamicswitch_simdrop,8.730950320401327,2.841584419836329,-0.14679278237391324,133.32859479655747
CAM-666,forage_random_baseline,0.0,0.0,,153.44317635215594
CAP-671,forage_static,9.982100293025148,1.567077220790703,,102.00245871241071
CAP-671,forage_dynamic_simdrop,9.929872714916353,2.6969310720862674,,99.17518606895305
CAP-671,forage_phonologicalstatic,9.951981894159857,1.5393477863339786,0.0154726202000346,101.97393219376424
CAP-671,forage_phonologicaldynamicglobal_simdrop,9.927469150197783,2.692825684569583,0.0012359328208130429,99.17500813021985
CAP-671,forage_phonologicaldynamiclocal_simdrop,9.788481538053789,2.4560256831774687,0.07536963271219954,98.69339582652023
CAP-671,forage_phonologicaldynamicswitch_simdrop,9.923487425195338,2.6968474245714833,-2.4974358781299513,97.21948122346035
CAP-671,forage_random_baseline,0.0,0.0,,116.6168140276385
CAQ-672,forage_static,8.185392642502732,1.638738340157423,,129.05309531686248
CAQ-672,forage_dynamic_simdrop,8.21826172591216,3.2666135980940956,,125.54181758078818
CAQ-672,forage_phonologicalstatic,8.208120066089522,1.6729823974064015,-0.018731516798415355,129.00463395523045
CAQ-672,forage_phonologicaldynamicglobal_simdrop,8.26530938602715,3.4341073951680086,-0.03647502678921059,125.36467436914604
CAQ-672,forage_phonologicaldynamiclocal_simdrop,8.247796893980805,3.4108321431792628,-0.03151991044536736,125.45147429445998
CAQ-672,forage_phonologicaldynamicswitch_simdrop,8.234377909984554,3.2671276730374,-0.04706633943358693,125.44842823816914
CAQ-672,forage_random_baseline,0.0,0.0,,141.16772224398346
CAR-673,forage_static,8.093823800593754,2.2551181335911243,,126.3406683372082
CAR-673,forage_dynamic_simdrop,8.376187908606898,4.215375024906868,,120.35817698053815
CAR-673,forage_phonologicalstatic,8.264109648931779,2.407247366783828,-0.06069443711817003,125.85255176321434
CAR-673,forage_phonologicaldynamicglobal_simdrop,8.562169131211787,4.6445879536460115,-0.08120530986623373,119.5115643205154
CAR-673,forage_phonologicaldynamiclocal_simdrop,8.516253688964492,4.700137019125419,-0.09162204334326181,119.60430082867545
CAR-673,forage_phonologicaldynamicswitch_simdrop,8.416698422323657,4.21645316598163,-0.05583234194613548,120.23486875594807
CAR-673,forage_random_baseline,0.0,0.0,,141.16772224398346
CAS-674,forage_static,6.83804961227732,3.3508521474468167,,115.39223680074224
CAS-674,forage_dynamic_simdrop,6.4858860069855595,3.996178721165071,,114.51246891551418
CAS-674,forage_phonologicalstatic,6.862892240456743,3.5278318920874074,-0.04625920536741056,115.1188615522853
CAS-674,forage_phonologicaldynamicglobal_simdrop,6.488325722474857,4.231248052374658,-0.04973990156812973,114.20534940155848
CAS-674,forage_phonologicaldynamiclocal_simdrop,6.495803962656922,4.174706100683378,-0.037989183028573,114.37022180900104
CAS-674,forage_phonologicaldynamicswitch_simdrop,6.468288319431762,3.996537093604553,-0.09769479510932255,114.28207973704879
CAS-674,forage_random_baseline,0.0,0.0,,128.89226813581098
CAV-678,forage_static,6.1696187205206865,2.0646288296953825,,160.96559199643087
CAV-678,forage_dynamic_simdrop,6.060374122392466,3.310512900331085,,157.84479309642327
CAV-678,forage_phonologicalstatic,6.1921729709479205,2.106565298421207,-0.01992171930375272,160.89731627814697
CAV-678,forage_phonologicaldynamicglobal_simdrop,6.107900717472238,3.4360604697974555,-0.031368635584612344,157.68093513504937
CAV-678,forage_phonologicaldynamiclocal_simdrop,6.05898551302931,3.3075377149015837,0.000754776188625147,157.8447224616552
CAV-678,forage_phonologicaldynamicswitch_simdrop,6.0159045677143,3.3103535699398066,-0.14798201617635412,157.13789467077035
CAV-678,forage_random_baseline,0.0,0.0,,171.85635751441467
CAY-681,forage_static,7.9651744788095975,2.040653072445453,,126.39936125376038
CAY-681,forage_dynamic_simdrop,8.385133273516542,3.298185376374947,,123.73115827624538
CAY-681,forage_phonologicalstatic,8.23493620511777,2.269794848999911,-0.08514888069893924,125.5104182344578
CAY-681,forage_phonologicaldynamicglobal_simdrop,8.616142654351966,3.6830574408898133,-0.09016582181747052,122.72559451734985
CAY-681,forage_phonologicaldynamiclocal_simdrop,8.48652947677173,3.5643533013169955,-0.0632567075705787,123.36128715389292
CAY-681,forage_phonologicaldynamicswitch_simdrop,8.519174318775873,3.302039679070111,-0.1689720910937735,122.86868745531527
CAY-681,forage_random_baseline,0.0,0.0,,141.16772224398346
CBD-686,forage_static,8.179243424244032,2.1523524084393206,,115.26170508092962
CBD-686,forage_dynamic_simdrop,7.748546808720589,3.9098070481310785,,109.81137503972971
CBD-686,forage_phonologicalstatic,8.188822479358077,2.1763480144787093,-0.009437081180659406,115.2504040960659
CBD-686,forage_phonologicaldynamicglobal_simdrop,7.748427491870587,4.049726642370644,-0.02912706527527473,109.70908826321318
CBD-686,forage_phonologicaldynamiclocal_simdrop,7.749059466035247,4.014857389900534,-0.02196740775453764,109.77323588051877
CBD-686,forage_phonologicaldynamicswitch_simdrop,7.747100334733572,3.9098684567668514,-0.04297506115498008,109.73555682729028
CBD-686,forage_random_baseline,0.0,0.0,,128.89226813581098
CBF-691,forage_static,7.880294518308968,1.5072429744068436,,106.86019298633104
CBF-691,forage_dynamic_simdrop,7.906565890218565,3.277308797049027,,102.71778425098981
CBF-691,forage_phonologicalstatic,7.800700470924419,1.452787972829441,0.03549665042426851,106.70608482044109
CBF-691,forage_phonologicaldynamicglobal_simdrop,7.8663481285732955,3.217270683466059,0.014428621773050947,102.69271770600614
CBF-691,forage_phonologicaldynamiclocal_simdrop,7.7457030840724,2.915091833356845,0.09160543063233453,101.97971248960621
CBF-691,forage_phonologicaldynamicswitch_simdrop,8.111302351327627,3.277457934597461,-0.21113029129465086,101.48820472530856
CBF-691,forage_random_baseline,0.0,0.0,,116.6168140276385
CBH-693,forage_static,7.831027649796839,1.8400172090132172,,134.27615749486498
CBH-693,forage_dynamic_simdrop,7.521301048307105,4.117788665728246,,124.15283961564177
CBH-693,forage_phonologicalstatic,7.71899624963583,1.6116811162844065,0.09664038982719948,132.79404283656504
CBH-693,forage_phonologicaldynamicglobal_simdrop,7.4493181854866934,3.8112169143859784,0.056244218094981306,123.68708863646175
CBH-693,forage_phonologicaldynamiclocal_simdrop,7.426629452060061,3.829723643574265,0.052871263769139504,123.87382369062598
CBH-693,forage_phonologicaldynamicswitch_simdrop,7.553446209804712,4.116699860861495,0.06350737876341922,123.961416389011
CBH-693,forage_random_baseline,0.0,0.0,,147.3054492980697
CBJ-697,forage_static,6.423156361459876,1.5127343079043076,,132.5739563625302
CBJ-697,forage_dynamic_simdrop,6.5106014066195925,2.4799973655469483,,130.89605185764086
CBJ-697,forage_phonologicalstatic,6.542329651657171,1.592056503661051,-0.051889650357340174,132.21698256418534
CBJ-697,forage_phonologicaldynamicglobal_simdrop,6.620876877149112,2.631338022861369,-0.05571793888191887,130.4818282723004
CBJ-697,forage_phonologicaldynamiclocal_simdrop,6.536947972558946,2.528970477958682,-0.017884692798903826,130.8630960468636
CBJ-697,forage_phonologicaldynamicswitch_simdrop,6.60133568679495,2.481617095465863,-0.18683949223061935,129.92267453719558
CBJ-697,forage_random_baseline,0.0,0.0,,141.16772224398346
CBL-698,forage_static,5.214873524648945,1.8566691881080695,,116.85969719256518
CBL-698,forage_dynamic_simdrop,5.177484060138656,2.507367873497475,,115.94248266132556
CBL-698,forage_phonologicalstatic,5.212076970923527,1.8525861917572508,0.002117670090972884,116.85915323922123
CBL-698,forage_phonologicaldynamicglobal_simdrop,5.180608769556215,2.513790629721492,-0.0023525401249217524,115.94181992169143
CBL-698,forage_phonologicaldynamiclocal_simdrop,5.146214149822962,2.452732951555799,0.020144687903744518,115.90306203130424
CBL-698,forage_phonologicaldynamicswitch_simdrop,5.157057725612355,2.506933106968442,-0.10644412959940094,115.71460853590688
CBL-698,forage_random_baseline,0.0,0.0,,122.75454108172474
CBM-702,forage_static,6.862574968182422,2.254887607011182,,153.15610626925877
CBM-702,forage_dynamic_simdrop,6.8168087559589,3.2319371964939556,,151.26918219397214
CBM-702,forage_phonologicalstatic,6.822078039112877,2.031189734514142,0.09611028212018674,151.51149583843898
CBM-702,forage_phonologicaldynamicglobal_simdrop,6.8065021207917775,2.9136267654530705,0.09360673448108159,149.71498132268286
CBM-702,forage_phonologicaldynamiclocal_simdrop,6.77856765954672,2.9413672439343688,0.08483529608661866,150.34454712614638
CBM-702,forage_phonologicaldynamicswitch_simdrop,6.856627589685358,3.2333986008138234,0.11636946840866248,150.60353248358555
CBM-702,forage_random_baseline,0.0,0.0,,165.71863046032843
CBP-707,forage_static,8.522597790483385,2.6835695424817723,,151.42703317508142
CBP-707,forage_dynamic_simdrop,8.2586682276504,3.2520420046181,,150.40782836715636
CBP-707,forage_phonologicalstatic,8.711073069867487,2.975409946042492,-0.08282502061218809,150.37743937929233
CBP-707,forage_phonologicaldynamicglobal_simdrop,8.40720279571228,3.666873202924339,-0.08900351219758766,149.21404113693097
CBP-707,forage_phonologicaldynamiclocal_simdrop,8.494272208467782,3.9092802059631793,-0.14256357967117003,148.33897753044297
CBP-707,forage_phonologicaldynamicswitch_simdrop,8.261007036578263,3.2520301505173075,0.034569349534201314,150.35218443441335
CBP-707,forage_random_baseline,0.0,0.0,,171.85635751441467
CBS-711,forage_static,6.2570989979441975,1.3332657844897398,,139.66777970676748
CBS-711,forage_dynamic_simdrop,6.190979882667206,2.808486216428888,,136.38741140393637
CBS-711,forage_phonologicalstatic,6.259926338667942,1.3379349602880424,-0.0034764449381005026,139.6660082850856
CBS-711,forage_phonologicaldynamicglobal_simdrop,6.216848979395717,2.8821659346534925,-0.019489510199033017,136.3325965300764
CBS-711,forage_phonologicaldynamiclocal_simdrop,6.192759666686113,2.814061648026083,-0.0014789801387206632,136.38718796870708
CBS-711,forage_phonologicaldynamicswitch_simdrop,6.199581191126168,2.808469887607527,-0.06412771506263337,136.22039263684465
CBS-711,forage_random_baseline,0.0,0.0,,147.3054492980697
CBW-715,forage_static,7.849114180882318,3.1610295717647476,,96.2275655759412
CBW-715,forage_dynamic_simdrop,7.734943125109053,4.031361770276092,,95.08538465721414
CBW-715,forage_phonologicalstatic,7.841970939211318,3.123509196271547,0.008706396977684683,96.21959629165558
CBW-715,forage_phonologicaldynamicglobal_simdrop,7.733354224469962,4.012799707553076,0.0033076061062398804,95.08428757569153
CBW-715,forage_phonologicaldynamiclocal_simdrop,7.828557614353497,4.689949940550458,-0.11379796848072707,94.2543821725109
CBW-715,forage_phonologicaldynamicswitch_simdrop,7.70477973937257,4.03092964183902,0.30242339870742296,92.63213112941405
CBW-715,forage_random_baseline,0.0,0.0,,110.47908697355226
CCB-720,forage_static,6.989684413170818,0.9758763339628638,,80.98768474960838
CCB-720,forage_dynamic_simdrop,7.116848319794595,1.8409279072505391,,80.13675938070807
CCB-720,forage_phonologicalstatic,7.041152351788225,0.9038700167535288,0.07983131359176958,80.43857488302375
CCB-720,forage_phonologicaldynamicglobal_simdrop,7.1391779417133865,1.6846225685546368,0.07258927070352203,79.68158346922677
CCB-720,forage_phonologicaldynamiclocal_simdrop,7.118717586790021,1.835341321939565,0.002779598328187545,80.13629288653586
CCB-720,forage_phonologicaldynamicswitch_simdrop,6.976143076138114,1.8315221090957532,0.5308859615075776,77.89073177836136
CCB-720,forage_random_baseline,0.0,0.0,,85.92817875720729
CCC-721,forage_static,12.109875255099867,2.375977853208441,,72.34124381819065
CCC-721,forage_dynamic_simdrop,11.638151340781516,3.263015249236246,,70.40110129004024
CCC-721,forage_phonologicalstatic,12.446533457318054,2.637244826286483,-0.08078363459614141,71.85893216738376
CCC-721,forage_phonologicaldynamicglobal_simdrop,12.029539751747016,3.7785325653281636,-0.1115390169066127,69.58313801348163
CCC-721,forage_phonologicaldynamiclocal_simdrop,11.97108435725351,3.8840366769200045,-0.13258304710140412,69.61721024816066
CCC-721,forage_phonologicaldynamicswitch_simdrop,11.705794497269888,3.2618354631733566,-0.06353547519781765,70.31142065867206
CCC-721,forage_random_baseline,0.0,0.0,,92.06590581129353
CCD-722,forage_static,7.599770707262664,1.49257737967664,,163.83821893473143
CCD-722,forage_dynamic_simdrop,7.58415206687741,3.082416660896535,,158.73192151384674
CCD-722,forage_phonologicalstatic,7.64467115856869,1.549883281147807,-0.03682390671445187,163.60144095740466
CCD-722,forage_phonologicaldynamicglobal_simdrop,7.639409935348076,3.2476398890883686,-0.04893008281118971,158.3203940984713
CCD-722,forage_phonologicaldynamiclocal_simdrop,7.578696510576369,3.0666308666068667,0.004763674575845855,158.72911864132507
CCD-722,forage_phonologicaldynamicswitch_simdrop,7.582126630261504,3.082407224441994,-0.22188411296981198,156.99879285473926
CCD-722,forage_random_baseline,0.0,0.0,,177.9940845685009
CCF-724,forage_static,11.080945032096864,1.9644339191674365,,92.23730100289542
CCF-724,forage_dynamic_simdrop,11.098950113969492,2.9953934074284847,,88.88861389030897
CCF-724,forage_phonologicalstatic,11.030335636648749,1.9099658976899436,0.02097824752452604,92.18789336074468
CCF-724,forage_phonologicaldynamicglobal_simdrop,11.097026108232194,2.9922269569725777,0.0007773296006300456,88.88854884424246
CCF-724,forage_phonologicaldynamiclocal_simdrop,11.10620163447264,3.009312875972916,-0.0034209815012849515,88.88756825007061
CCF-724,forage_phonologicaldynamicswitch_simdrop,11.091409247988386,2.9952347340072385,0.020845384982490542,88.88041417310679
CCF-724,forage_random_baseline,0.0,0.0,,110.47908697355226
CCH-726,forage_static,9.27825673661621,2.323338539802902,,121.67129369875299
CCH-726,forage_dynamic_simdrop,9.248566022027063,3.2362660867404096,,120.20366891662172
CCH-726,forage_phonologicalstatic,9.376031877313531,2.4232467362678975,-0.03704362084875952,121.49371904181564
CCH-726,forage_phonologicaldynamicglobal_simdrop,9.392316765818334,3.439625955114642,-0.04769386131848463,119.9087105779803
CCH-726,forage_phonologicaldynamiclocal_simdrop,9.438234334917848,3.583776671868936,-0.08135764176505521,119.63386915781264
CCH-726,forage_phonologicaldynamicswitch_simdrop,9.232180952404613,3.2363827591334293,0.023160997186156024,120.18149918650553
CCH-726,forage_random_baseline,0.0,0.0,,141.16772224398346
CCL-730,forage_static,9.209628307091911,2.0165158358604973,,129.843444943098
CCL-730,forage_dynamic_simdrop,9.365886040055214,3.4059484892226903,,125.55986332270336
CCL-730,forage_phonologicalstatic,9.313493122755972,2.1767413481212,-0.06583678626978019,129.2948187590927
CCL-730,forage_phonologicaldynamicglobal_simdrop,9.485998314645082,3.826778389077808,-0.08514218681629733,124.65982213869097
CCL-730,forage_phonologicaldynamiclocal_simdrop,9.48124150867465,3.7813819668816184,-0.0760878672755681,124.98260358318984
CCL-730,forage_phonologicaldynamicswitch_simdrop,9.356048024132374,3.4058351865344765,-0.12372832466308425,125.19764336769978
CCL-730,forage_random_baseline,0.0,0.0,,147.3054492980697
CCX-744,forage_static,11.093506811169572,1.5503893660422376,,92.45808434939237
CCX-744,forage_dynamic_simdrop,10.916004949932367,2.2980659208376744,,90.93626594899851
CCX-744,forage_phonologicalstatic,10.952327565218239,1.4435013954370768,0.05386995752778674,92.1444164517977
CCX-744,forage_phonologicaldynamicglobal_simdrop,10.813283718053864,2.170597027619304,0.04852398129585823,90.68520680755536
CCX-744,forage_phonologicaldynamiclocal_simdrop,10.811291879137958,2.0982743669738757,0.0776657379263594,90.48653267428197
CCX-744,forage_phonologicaldynamicswitch_simdrop,10.930021868154409,2.2980525664298206,-0.018863710689315298,90.92495447649331
CCX-744,forage_random_baseline,0.0,0.0,,110.47908697355226
CDG-753,forage_static,7.0361884750250425,2.550307248471438,,130.56286678933722
CDG-753,forage_dynamic_simdrop,6.635122263932666,4.443859691213012,,122.9485862091005
CDG-753,forage_phonologicalstatic,7.153108567077198,2.7160725044504774,-0.05088718165171015,130.21286448009164
CDG-753,forage_phonologicaldynamicglobal_simdrop,6.780440064130176,5.021577668579891,-0.09467510773422362,121.87259961094716
CDG-753,forage_phonologicaldynamiclocal_simdrop,6.724440456179468,4.825691947082751,-0.06372090392802039,122.61596467129296
CDG-753,forage_phonologicaldynamicswitch_simdrop,6.647149293822629,4.443346250684831,-0.17430913469889742,121.95272121407773
CDG-753,forage_random_baseline,0.0,0.0,,147.3054492980697
CDH-754,forage_static,7.50727791837877,3.4321060532477055,,75.13751720305883
CDH-754,forage_dynamic_simdrop,7.679350005519702,4.357388427160911,,75.37211575418063
CDH-754,forage_phonologicalstatic,7.439662002384287,3.1641880382715315,0.07250018728432822,74.66088037691307
CDH-754,forage_phonologicaldynamicglobal_simdrop,7.6708492089427205,4.015306765843578,0.07959952510887969,74.81067951751193
CDH-754,forage_phonologicaldynamiclocal_simdrop,7.678233373532583,4.262882908268629,0.020951282974965152,75.34537367263695
CDH-754,forage_phonologicaldynamicswitch_simdrop,7.649739001433154,4.35591145930234,0.22164890090033754,74.12558864223095
CDH-754,forage_random_baseline,0.0,0.0,,85.92817875720729
CDM-759,forage_static,8.881753779122139,1.6200275680666831,,105.16590705274523
CDM-759,forage_dynamic_simdrop,8.961001661720795,2.8169163233611973,,103.02659101766822
CDM-759,forage_phonologicalstatic,8.83805649029244,1.5890661546222389,0.022134388025274256,105.10901922688382
CDM-759,forage_phonologicaldynamicglobal_simdrop,8.931953154391651,2.7742481165585473,0.012768151789590473,103.00736179549676
CDM-759,forage_phonologicaldynamiclocal_simdrop,8.8439087426703,2.5615422953731777,0.07690976748727854,102.50601790592629
CDM-759,forage_phonologicaldynamicswitch_simdrop,9.11037078126901,2.822553887151597,-0.18973091268732115,102.11448965414431
CDM-759,forage_random_baseline,0.0,0.0,,116.6168140276385
CDR-764,forage_static,7.32223897094746,0.5209949689396078,,103.20650494126194
CDR-764,forage_dynamic_simdrop,7.455961153887518,1.8738905878881091,,101.02840667294352
CDR-764,forage_phonologicalstatic,7.460657942996945,0.5907336003891439,-0.07291144961925104,102.73489444795786
CDR-764,forage_phonologicaldynamicglobal_simdrop,7.63386662269862,2.0453597808755974,-0.08486697066656126,100.39444114480891
CDR-764,forage_phonologicaldynamiclocal_simdrop,7.546492419934948,2.010104763265189,-0.06701289232774307,100.7513981684921
CDR-764,forage_phonologicaldynamicswitch_simdrop,7.536913407628597,1.874100008637383,-0.12450710309164191,100.61797132748575
CDR-764,forage_random_baseline,0.0,0.0,,110.47908697355226
CDU-767,forage_static,9.053159947895638,0.5836036694736191,,105.11590566788587
CDU-767,forage_dynamic_simdrop,9.089816798470824,1.074464088933482,,104.5425199023894
CDU-767,forage_phonologicalstatic,9.227605460704766,0.6563986871042305,-0.08739412617511605,104.39386681043405
CDU-767,forage_phonologicaldynamicglobal_simdrop,9.304693668584587,1.2097840544056333,-0.0928887789634702,103.73317591010066
CDU-767,forage_phonologicaldynamiclocal_simdrop,9.208074514348224,1.200862286462146,-0.08991050075517067,103.97051119223009
CDU-767,forage_phonologicaldynamicswitch_simdrop,9.184060958547034,1.078689280314715,-0.09991916981157996,104.30687661282084
CDU-767,forage_random_baseline,0.0,0.0,,116.6168140276385
SGO-159,forage_static,8.11056208108306,1.8681592441053188,,200.52647547529108
SGO-159,forage_dynamic_simdrop,8.170573165241228,3.267472187409222,,195.65304344829613
SGO-159,forage_phonologicalstatic,8.096720025524032,1.8494129425417518,0.010617669664188999,200.50103007878175
SGO-159,forage_phonologicaldynamicglobal_simdrop,8.172617292808297,3.2734643544064204,-0.0014797671368551684,195.65254877182426
SGO-159,forage_phonologicaldynamiclocal_simdrop,8.159853420379022,3.2150490304459436,0.01302164549811909,195.62616866300715
SGO-159,forage_phonologicaldynamicswitch_simdrop,8.19038084215096,3.2679619053686504,-0.03499168255132838,195.57015537905517
SGO-159,forage_random_baseline,0.0,0.0,,220.9581739471046
SIU-211,forage_static,8.672853894739617,3.0056377116037347,,126.96756178264219
SIU-211,forage_dynamic_simdrop,8.151244220942031,4.047656835165358,,122.43030624327982
SIU-211,forage_phonologicalstatic,8.542963240455466,2.6877619667393713,0.08013227078182972,125.99184228374111
SIU-211,forage_phonologicaldynamicglobal_simdrop,8.105315248965102,3.7208458725727978,0.06278532594842792,121.865444187831
SIU-211,forage_phonologicaldynamiclocal_simdrop,8.065929006222603,3.656789491020493,0.07617591441328908,121.83154144519006
SIU-211,forage_phonologicaldynamicswitch_simdrop,8.16294993917169,4.047222894739953,0.02882854398421391,122.39858881154214
SIU-211,forage_random_baseline,0.0,0.0,,147.3054492980697
SIZ-390,forage_static,8.317168440714138,0.816261249520752,,95.4794770238642
SIZ-390,forage_dynamic_simdrop,8.306280318633187,1.025807276887045,,95.34427584052814
SIZ-390,forage_phonologicalstatic,8.250414600393805,0.7691812483610455,0.036238325341017986,95.346153312896
SIZ-390,forage_phonologicaldynamicglobal_simdrop,8.246567427097022,0.9804026324104779,0.037567019576269164,95.20115857913463
SIZ-390,forage_phonologicaldynamiclocal_simdrop,8.235098575508404,0.9813812843905119,0.03626569467241319,95.2354367360727
SIZ-390,forage_phonologicaldynamicswitch_simdrop,8.322893807969777,1.0265939521165393,0.04358692132820871,95.30887871146265
SIZ-390,forage_random_baseline,0.0,0.0,,104.34135991946602
SKE-234,forage_static,7.901525129009534,2.700482528864224,,152.58868275393306
SKE-234,forage_dynamic_simdrop,7.590008448925887,3.894653597927493,,150.48960078369615
SKE-234,forage_phonologicalstatic,7.860209723696795,2.606350736915008,0.029530281563621648,152.43011213015242
SKE-234,forage_phonologicaldynamicglobal_simdrop,7.566563725494827,3.7786591872789956,0.02277643506442102,150.3967540306181
SKE-234,forage_phonologicaldynamiclocal_simdrop,7.586513267893989,3.856796149338786,0.007344300803623476,150.48363599202725
SKE-234,forage_phonologicaldynamicswitch_simdrop,7.563431035024833,3.894831440501661,0.04801310771797303,150.3325680917689
SKE-234,forage_random_baseline,0.0,0.0,,171.85635751441467
SMK-401,forage_static,9.113471913548127,2.3924838673256543,,127.9176002469077
SMK-401,forage_dynamic_simdrop,8.515150725234587,3.519486718169403,,124.33666858298753
SMK-401,forage_phonologicalstatic,9.01741744359931,2.252017597711475,0.052780602533297166,127.4991903189056
SMK-401,forage_phonologicaldynamicglobal_simdrop,8.476534194328508,3.3643911198822054,0.03537072129557092,124.15486156611502
SMK-401,forage_phonologicaldynamiclocal_simdrop,8.509927695459671,3.447928268083729,0.016029086306070202,124.3139953648521
SMK-401,forage_phonologicaldynamicswitch_simdrop,8.462002261188422,3.522020858796908,0.0661138389395297,124.09035893675377
SMK-401,forage_random_baseline,0.0,0.0,,147.3054492980697
SNI-300,forage_static,7.909380373162153,2.530507145726385,,98.24966499395066
SNI-300,forage_dynamic_simdrop,8.19747477557178,3.9900366462328916,,95.10201058910899
SNI-300,forage_phonologicalstatic,7.723716811276192,2.252365453462926,0.08632871367505478,97.4174676779731
SNI-300,forage_phonologicaldynamicglobal_simdrop,8.056431500638197,3.630988963369198,0.07298238260034866,94.51924080377393
SNI-300,forage_phonologicaldynamiclocal_simdrop,8.081750220087065,3.6486845121436335,0.06919954543695502,94.69993941559851
SNI-300,forage_phonologicaldynamicswitch_simdrop,8.17438751560153,3.989537845469477,0.08463555317803853,94.91717152373248
SNI-300,forage_random_baseline,0.0,0.0,,110.47908697355226
SNR-308,forage_static,8.535891979261864,2.7107656426380617,,84.89063959495151
SNR-308,forage_dynamic_simdrop,8.503175125575238,3.04778199760231,,85.32453795373424
SNR-308,forage_phonologicalstatic,8.434461109957534,2.550206881908142,0.04627508561348749,84.68176634633815
SNR-308,forage_phonologicaldynamicglobal_simdrop,8.415104886703013,2.8648294901953735,0.05058753901217911,85.07269989992666
SNR-308,forage_phonologicaldynamiclocal_simdrop,8.452499940636185,2.8687038906982707,0.04935176188566973,85.1489568991178
SNR-308,forage_phonologicaldynamicswitch_simdrop,8.46403273730514,3.04828702876744,0.05364351484033545,85.24834831768756
SNR-308,forage_random_baseline,0.0,0.0,,98.20363286537977
SNT-310,forage_static,9.7860839178633,2.5812532620874284,,141.23492418296726
SNT-310,forage_dynamic_simdrop,9.416158304522243,3.7184477611175115,,135.87214116255677
SNT-310,forage_phonologicalstatic,9.744504572245186,2.52528091184044,0.01750683989182505,141.1828792706397
SNT-310,forage_phonologicaldynamicglobal_simdrop,9.42636045688398,3.7447159260756027,-0.005227565941764575,135.8677962631133
SNT-310,forage_phonologicaldynamiclocal_simdrop,9.497894947656912,3.929733364794291,-0.04123138181443529,135.67470556698376
SNT-310,forage_phonologicaldynamicswitch_simdrop,9.419284797715129,3.718376436559271,0.09773187446172399,135.46908432355812
SNT-310,forage_random_baseline,0.0,0.0,,165.71863046032843
SNV-312,forage_static,11.45257480265658,3.0160533728839267,,87.26705249872214
SNV-312,forage_dynamic_simdrop,10.977412365191645,3.4582669148294394,,87.0534858288606
SNV-312,forage_phonologicalstatic,11.52206795941434,3.151197319999558,-0.032519111790899974,87.16206473877637
SNV-312,forage_phonologicaldynamicglobal_simdrop,11.040730142207583,3.6441549097933903,-0.03820894430360487,86.9139014956828
SNV-312,forage_phonologicaldynamiclocal_simdrop,11.054228541957333,3.9163596240510476,-0.09245128638387469,86.4799137596411
SNV-312,forage_phonologicaldynamicswitch_simdrop,10.867423472044875,3.4592204595866782,0.10315268901719202,86.76188248754278
SNV-312,forage_random_baseline,0.0,0.0,,110.47908697355226
SNY-315,forage_static,9.444205215579638,1.9994482101085205,,107.36633983415888
SNY-315,forage_dynamic_simdrop,9.19398604309391,2.304661246202819,,107.29130605722085
SNY-315,forage_phonologicalstatic,9.418743212336688,1.9358021515406085,0.03200099205952316,107.23921264657265
SNY-315,forage_phonologicaldynamicglobal_simdrop,9.175607226912895,2.236946081858873,0.02824360517013534,107.19422403181295
SNY-315,forage_phonologicaldynamiclocal_simdrop,9.17236617184122,2.1888692191441153,0.04843387621050005,107.05740238093335
SNY-315,forage_phonologicaldynamicswitch_simdrop,9.208232107380669,2.304840327882898,-0.062360893628695,107.20869976815264
SNY-315,forage_random_baseline,0.0,0.0,,122.75454108172474
SOE-320,forage_static,10.354395052679964,2.270021679239785,,67.44743448282921
SOE-320,forage_dynamic_simdrop,10.04986385653476,3.761336479287714,,65.1613398150477
SOE-320,forage_phonologicalstatic,11.293715796313023,2.962857113235761,-0.29584163480461945,63.770062568717385
SOE-320,forage_phonologicaldynamicglobal_simdrop,11.134506055255255,5.520245744611689,-0.37381608019305174,60.389575344677915
SOE-320,forage_phonologicaldynamiclocal_simdrop,10.757789160876856,5.3373894592861495,-0.33256913489665463,62.071073062261455
SOE-320,forage_phonologicaldynamicswitch_simdrop,10.313858219406846,3.762964579854902,-2.217661817999621,63.32663813036086
SOE-320,forage_random_baseline,0.0,0.0,,79.79045170312105
SOQ-329,forage_static,9.123608478417225,1.9966683179980562,,124.86628315202631
SOQ-329,forage_dynamic_simdrop,8.754314013189124,3.041915026487288,,121.87296179462798
SOQ-329,forage_phonologicalstatic,8.946039868539307,1.7316347002527719,0.11491803878472949,122.91164185904941
SOQ-329,forage_phonologicaldynamicglobal_simdrop,8.637111419383377,2.6533612621493474,0.10452576752693425,120.30574532859451
SOQ-329,forage_phonologicaldynamiclocal_simdrop,8.606935365754268,2.6350293682235457,0.11003300616686136,120.61856639571998
SOQ-329,forage_phonologicaldynamicswitch_simdrop,8.77334515758881,3.0416861301475,0.09086758632632581,121.54847489456644
SOQ-329,forage_random_baseline,0.0,0.0,,141.16772224398346
SOX-335,forage_static,10.223243346975455,1.1895522832874634,,58.79393324386423
SOX-335,forage_dynamic_simdrop,10.228547809593312,2.2853073501834213,,57.13580244967615
SOX-335,forage_phonologicalstatic,10.041764750025354,1.0589639585401074,0.05951116708796553,58.55393288158345
SOX-335,forage_phonologicaldynamicglobal_simdrop,10.091888357892788,2.1423071057884315,0.040215357409061556,57.026767060212855
SOX-335,forage_phonologicaldynamiclocal_simdrop,10.096043431453653,2.0855040709673722,0.056447153363967134,56.96358865669547
SOX-335,forage_phonologicaldynamicswitch_simdrop,10.25196146697283,2.285276302110963,-0.022481593168662557,57.128478442939105
SOX-335,forage_random_baseline,0.0,0.0,,67.51499759494857
SPA-338,forage_static,8.28425084249581,1.7295467636879673,,94.15976843285098
SPA-338,forage_dynamic_simdrop,7.728799101963064,3.4317429613576573,,90.59752931561067
SPA-338,forage_phonologicalstatic,8.191305683272562,1.5838602470141419,0.05751706666968698,93.81635021493646
SPA-338,forage_phonologicaldynamicglobal_simdrop,7.689181844652902,3.273388355344977,0.03420529722182144,90.48116497741758
SPA-338,forage_phonologicaldynamiclocal_simdrop,7.703911099636017,3.2857611286696864,0.031292792964317265,90.53944548696107
SPA-338,forage_phonologicaldynamicswitch_simdrop,7.714440065508047,3.4328228259951086,0.03845344427725191,90.5380977390524
SPA-338,forage_random_baseline,0.0,0.0,,104.34135991946602
SPC-340,forage_static,8.92980796820681,1.967342618041802,,108.90359042686065
SPC-340,forage_dynamic_simdrop,8.57712943524096,2.661183377316534,,107.29669762597919
SPC-340,forage_phonologicalstatic,8.844491789265588,1.8682618462351839,0.03769704827394816,108.72446083298726
SPC-340,forage_phonologicaldynamicglobal_simdrop,8.517596077019403,2.552209968989986,0.028950502808140554,107.19388251357523
SPC-340,forage_phonologicaldynamiclocal_simdrop,8.60262796094097,2.7128511354320404,-0.013375868381551028,107.28111610100123
SPC-340,forage_phonologicaldynamicswitch_simdrop,8.544128455459587,2.661826752112021,0.1394002520539995,106.63559566081699
SPC-340,forage_random_baseline,0.0,0.0,,122.75454108172474
SPH-344,forage_static,9.979026403219851,3.267480767604043,,50.815709696215265
SPH-344,forage_dynamic_simdrop,9.729124000218643,4.3939150902353195,,49.68265163796161
SPH-344,forage_phonologicalstatic,10.096671246134116,3.4479808739523228,-0.0395470300539412,50.72725244201138
SPH-344,forage_phonologicaldynamicglobal_simdrop,9.800549099186828,4.701403804660257,-0.04880972330355366,49.55919813780591
SPH-344,forage_phonologicaldynamiclocal_simdrop,9.77772317828135,4.5489319761771005,-0.025105187254691633,49.65409010527986
SPH-344,forage_phonologicaldynamicswitch_simdrop,9.648711831014312,4.395813418601151,-2.1599001266455904,49.27746871208428
SPH-344,forage_random_baseline,0.0,0.0,,61.37727054086234
SPL-436,forage_static,9.182251134801126,2.164669318621573,,90.76225151753675
SPL-436,forage_dynamic_simdrop,8.639761533774974,3.408018105301953,,86.89548605766497
SPL-436,forage_phonologicalstatic,9.115157645707486,1.958223741673051,0.06970644756906015,90.23597764324764
SPL-436,forage_phonologicaldynamicglobal_simdrop,8.596623171407145,3.178829559055208,0.04588853087960545,86.68251429883632
SPL-436,forage_phonologicaldynamiclocal_simdrop,8.592138651100873,3.2498552043409763,0.031450498790775994,86.81959099729526
SPL-436,forage_phonologicaldynamicswitch_simdrop,8.696052480463065,3.4053461279208603,0.09190642726718852,86.68913662854135
SPL-436,forage_random_baseline,0.0,0.0,,104.34135991946602
SPV-450,forage_static,9.558201197155086,3.3249818785797705,,96.84507554258992
SPV-450,forage_dynamic_simdrop,8.931857053169727,3.892632062872063,,97.03289861292079
SPV-450,forage_phonologicalstatic,9.85176199481526,3.880367306059187,-0.14075172482525916,95.08081582557772
SPV-450,forage_phonologicaldynamicglobal_simdrop,9.164033470109526,4.708191160548157,-0.15244800052061955,95.08320279250115
SPV-450,forage_phonologicaldynamiclocal_simdrop,9.119983928249926,4.779193257448902,-0.1653086508424303,95.40435849551892
SPV-450,forage_phonologicaldynamicswitch_simdrop,8.97482395737871,3.891164800177439,-0.11968044844282215,96.68406828305233
SPV-450,forage_random_baseline,0.0,0.0,,116.6168140276385
SPX-452,forage_static,8.367128971761733,3.0059783823024486,,115.42618333906137
SPX-452,forage_dynamic_simdrop,8.224262911853678,4.195711883422241,,112.25172209851328
SPX-452,forage_phonologicalstatic,8.474008587011859,3.2550705972499836,-0.05989067063545984,115.00555665762137
SPX-452,forage_phonologicaldynamicglobal_simdrop,8.290400040560113,4.586209353258488,-0.07051683074659203,111.69271683047272
SPX-452,forage_phonologicaldynamiclocal_simdrop,8.374309644506752,4.915989459558968,-0.1270424962113322,110.93711654436255
SPX-452,forage_phonologicaldynamicswitch_simdrop,8.23148788248918,4.195453886941752,0.08203040857468351,112.02339887080332
SPX-452,forage_random_baseline,0.0,0.0,,135.02999518989722
SRF-483,forage_static,9.84308861123775,1.3737886228519796,,85.9163158740858
SRF-483,forage_dynamic_simdrop,9.683925395522694,2.961545500922073,,82.91425143953111
SRF-483,forage_phonologicalstatic,10.331231584328467,1.6163316992188062,-0.13979757316619265,84.4061448305396
SRF-483,forage_phonologicaldynamicglobal_simdrop,10.3681777282259,3.7319470753381583,-0.17043897925423293,80.75443691679924
SRF-483,forage_phonologicaldynamiclocal_simdrop,10.630383886830412,4.295832062649517,-0.3049951981156903,79.36588804954434
SRF-483,forage_phonologicaldynamicswitch_simdrop,9.68007302260491,2.961605948054606,0.005445053168316611,82.9133515821778
SRF-483,forage_random_baseline,0.0,0.0,,98.20363286537977
SRR-498,forage_static,9.38723336082872,1.8898744480410303,,97.3080117913668
SRR-498,forage_dynamic_simdrop,9.452725078143123,3.0581252440173525,,95.49681757559692
SRR-498,forage_phonologicalstatic,9.405206632039594,1.9632671499723546,-0.04254468828777889,97.13449973828635
SRR-498,forage_phonologicaldynamicglobal_simdrop,9.492177797457822,3.2592361351191217,-0.05401555135358773,95.22035308680258
SRR-498,forage_phonologicaldynamiclocal_simdrop,9.445845244127607,3.016930516827666,0.010867916230136653,95.48796542622429
SRR-498,forage_phonologicaldynamicswitch_simdrop,9.464466429175204,3.058603310097927,-2.1695032213425454,93.610352353835
SRR-498,forage_random_baseline,0.0,0.0,,110.47908697355226
SSG-520,forage_static,11.966249951700837,3.809447978101345,,72.7194394559102
SSG-520,forage_dynamic_simdrop,10.700337276056167,5.007963240441027,,69.72042190304526
SSG-520,forage_phonologicalstatic,12.366871970301611,4.4560534350145415,-0.11251982767926517,71.71112111696337
SSG-520,forage_phonologicaldynamicglobal_simdrop,11.046203671278448,6.59146047339238,-0.18288941329486866,67.6848190264101
SSG-520,forage_phonologicaldynamiclocal_simdrop,11.125323702316138,7.177519561726181,-0.24199103176378145,67.47918296526782
SSG-520,forage_phonologicaldynamicswitch_simdrop,10.70320522147749,5.007834486081046,-0.07332994200240733,69.58194637655397
SSG-520,forage_random_baseline,0.0,0.0,,98.20363286537977
SSZ-539,forage_static,9.038014542147105,2.2849565507769185,,70.49062129132778
SSZ-539,forage_dynamic_simdrop,9.156359182845351,3.060397686593367,,69.75913193813136
SSZ-539,forage_phonologicalstatic,9.230176236645447,2.7244631246079574,-0.16655163189620595,68.9193733279946
SSZ-539,forage_phonologicaldynamicglobal_simdrop,9.375254433508571,3.75350878921058,-0.1769246612302234,68.0110380617377
SSZ-539,forage_phonologicaldynamiclocal_simdrop,9.332218818172885,3.698195054842433,-0.16101637709842465,68.43461351963131
SSZ-539,forage_phonologicaldynamicswitch_simdrop,9.200647547850773,3.062452296027761,-2.2251678836340436,69.14927529859771
SSZ-539,forage_random_baseline,0.0,0.0,,79.79045170312105
SUG-544,forage_static,9.76671327513299,2.975924508597255,,77.46329731452495
SUG-544,forage_dynamic_simdrop,9.300642240044612,4.036853687307497,,75.60207376922753
SUG-544,forage_phonologicalstatic,9.677003867552006,2.8711530962635132,0.028395682299690805,77.3890031894306
SUG-544,forage_phonologicaldynamicglobal_simdrop,9.26796051966303,3.9597894928239135,0.01533435734164063,75.58170998323537
SUG-544,forage_phonologicaldynamiclocal_simdrop,9.461963525601766,4.510369329007944,-0.08743510820909317,75.16013526516304
SUG-544,forage_phonologicaldynamicswitch_simdrop,9.249318276310953,4.037155214133321,0.2477951048199639,74.00806604633034
SUG-544,forage_random_baseline,0.0,0.0,,92.06590581129353
SUT-556,forage_static,9.98407955955162,1.5032634563602507,,80.19720508899071
SUT-556,forage_dynamic_simdrop,10.3287473653042,2.261011954775125,,79.08163274685987
SUT-556,forage_phonologicalstatic,10.220262643691472,1.696899472693112,-0.12029496554376665,79.13968009826087
SUT-556,forage_phonologicaldynamicglobal_simdrop,10.557964820241228,2.5292379445580133,-0.11937103698390703,78.00670483130811
SUT-556,forage_phonologicaldynamiclocal_simdrop,10.532143701713574,2.5725805489357567,-0.14602173711264557,77.80760620547824
SUT-556,forage_phonologicaldynamicswitch_simdrop,10.330191995745457,2.2611044334193844,-0.0033402772340735986,79.08149034790647
SUT-556,forage_random_baseline,0.0,0.0,,92.06590581129353
SUV-558,forage_static,6.902318424309587,2.8432930103502874,,104.58466648173064
SUV-558,forage_dynamic_simdrop,6.666144921203694,3.2179660432584423,,104.6664351622754
SUV-558,forage_phonologicalstatic,6.874677605322625,2.7734896225114505,0.020567960241897408,104.53557116795119
SUV-558,forage_phonologicaldynamicglobal_simdrop,6.655918788309841,3.132861621053404,0.02187161944790716,104.61085206353859
SUV-558,forage_phonologicaldynamiclocal_simdrop,6.6719336832005505,3.322757018936976,-0.026459028032839498,104.61160144154739
SUV-558,forage_phonologicaldynamicswitch_simdrop,6.620695194992187,3.219845918497111,0.13092315429833246,104.05425701635806
SUV-558,forage_random_baseline,0.0,0.0,,116.6168140276385
SVA-563,forage_static,7.331213453547008,1.1374654546459273,,119.75572125040597
SVA-563,forage_dynamic_simdrop,7.299211857443389,2.775836226967993,,115.14613841702617
SVA-563,forage_phonologicalstatic,7.345203796520378,1.1455640968861214,-0.00632223584825986,119.75065136725574
SVA-563,forage_phonologicaldynamicglobal_simdrop,7.361482099368447,2.856981102930461,-0.025811231088060237,115.06394983844899
SVA-563,forage_phonologicaldynamiclocal_simdrop,7.360386581262894,2.865359360673823,-0.02839358386139062,115.07266011301179
SVA-563,forage_phonologicaldynamicswitch_simdrop,7.304013584956828,2.7757225983523046,-0.01837441784200614,115.1351751454984
SVA-563,forage_random_baseline,0.0,0.0,,128.89226813581098
SVH-570,forage_static,7.847042145954126,2.752283662919209,,80.67307974671296
SVH-570,forage_dynamic_simdrop,7.4821152976530945,3.5038500080348025,,79.67919178190816
SVH-570,forage_phonologicalstatic,7.7980062010056646,2.709166833157475,0.01351413049010197,80.65634691127472
SVH-570,forage_phonologicaldynamicglobal_simdrop,7.471011760456064,3.487980443982247,0.0036581575695912223,79.67799936956737
SVH-570,forage_phonologicaldynamiclocal_simdrop,7.4796671767656955,3.497740627106522,0.0013888972593969697,79.67907186472593
SVH-570,forage_phonologicaldynamicswitch_simdrop,7.470876585492485,3.5043133315648602,0.008755647090003779,79.67709346948175
SVH-570,forage_random_baseline,0.0,0.0,,92.06590581129353
SVY-587,forage_static,7.369599011799957,3.5437523057180687,,98.19542631721129
SVY-587,forage_dynamic_simdrop,7.349720761467221,4.47144336060377,,98.23120806780835
SVY-587,forage_phonologicalstatic,7.5874168110638465,3.95951539282407,-0.08852213299712859,97.44416133348861
SVY-587,forage_phonologicaldynamicglobal_simdrop,7.499256880863192,4.961285985667896,-0.08020103039208869,97.6010917310491
SVY-587,forage_phonologicaldynamiclocal_simdrop,7.55470173122822,5.2809580197188914,-0.12899720832773312,97.13751353315025
SVY-587,forage_phonologicaldynamicswitch_simdrop,7.339985334509887,4.4718526508213,0.02695519910392335,98.20820310988668
SVY-587,forage_random_baseline,0.0,0.0,,116.6168140276385
SZA-781,forage_static,7.78501267027768,4.961999168490595,,85.02690660726437
SZA-781,forage_dynamic_simdrop,7.016959372488204,5.47170793107297,,87.64272447606945
SZA-781,forage_phonologicalstatic,7.902954474901323,6.427496540700919,-0.1966735241754302,82.27023020237185
SZA-781,forage_phonologicaldynamicglobal_simdrop,7.115393132555405,7.451715518957655,-0.21576297891316518,84.62427368822519
SZA-781,forage_phonologicaldynamiclocal_simdrop,7.024440829685445,6.885792726415166,-0.1569442248330923,86.43637410565749
SZA-781,forage_phonologicaldynamicswitch_simdrop,7.114872079116961,5.468547716084371,-2.361072809322762,85.07813595818884
SZA-781,forage_random_baseline,0.0,0.0,,104.34135991946602
