Subject,Model,Beta_Frequency,Beta_Semantic,Beta_Phonological,Negative_Log_Likelihood_Optimized
CAF-657,forage_dynamic_simdrop,8.193255381703306,4.573667099165039,,151.25056090887526
CAF-657,forage_random_baseline,0.0,0.0,,177.9940845685009
CAJ-663,forage_dynamic_simdrop,7.369079362822398,2.116691915930171,,112.48554871453241
CAJ-663,forage_random_baseline,0.0,0.0,,122.75454108172474
CAM-666,forage_dynamic_simdrop,8.900055490429745,4.181713791923108,,133.09370468229775
CAM-666,forage_random_baseline,0.0,0.0,,153.44317635215594
CAP-671,forage_dynamic_simdrop,9.991735185524252,3.683811708267427,,98.00762194890869
CAP-671,forage_random_baseline,0.0,0.0,,116.6168140276385
CAQ-672,forage_dynamic_simdrop,8.11412105761212,5.151185122079078,,122.75687524594524
CAQ-672,forage_random_baseline,0.0,0.0,,141.16772224398346
CAR-673,forage_dynamic_simdrop,8.276435239314775,5.450597912903315,,119.681348871782
CAR-673,forage_random_baseline,0.0,0.0,,141.16772224398346
CAS-674,forage_dynamic_simdrop,6.1953483519843005,5.422313220377451,,114.26362313361307
CAS-674,forage_random_baseline,0.0,0.0,,128.89226813581098
CAV-678,forage_dynamic_simdrop,5.870332722554886,3.8668545119279862,,157.90567111421248
CAV-678,forage_random_baseline,0.0,0.0,,171.85635751441467
CAY-681,forage_dynamic_simdrop,8.329107677418467,3.9670386566222473,,123.58273583016181
CAY-681,forage_random_baseline,0.0,0.0,,141.16772224398346
CBD-686,forage_dynamic_simdrop,8.130312242106607,4.799627245782185,,110.76519266791185
CBD-686,forage_random_baseline,0.0,0.0,,128.89226813581098
CBF-691,forage_dynamic_simdrop,7.805478404306448,3.556009871328537,,103.44849402823786
CBF-691,forage_random_baseline,0.0,0.0,,116.6168140276385
CBH-693,forage_dynamic_simdrop,7.581014427719258,5.128968448975099,,124.35519902338989
CBH-693,forage_random_baseline,0.0,0.0,,147.3054492980697
CBJ-697,forage_dynamic_simdrop,6.3642461681700055,2.626425839753339,,131.42868192873655
CBJ-697,forage_random_baseline,0.0,0.0,,141.16772224398346
CBL-698,forage_dynamic_simdrop,5.134628862958628,3.803213723098245,,113.44220669901041
CBL-698,forage_random_baseline,0.0,0.0,,122.75454108172474
CBM-702,forage_dynamic_simdrop,6.4279548055701285,2.7495022133193032,,154.7941335446738
CBM-702,forage_random_baseline,0.0,0.0,,165.71863046032843
CBP-707,forage_dynamic_simdrop,7.994047670520773,4.846278244984249,,146.85200000498477
CBP-707,forage_random_baseline,0.0,0.0,,171.85635751441467
CBS-711,forage_dynamic_simdrop,6.131127276461337,4.161763327151197,,133.9848444239345
CBS-711,forage_random_baseline,0.0,0.0,,147.3054492980697
CBW-715,forage_dynamic_simdrop,7.276032653148631,5.180852066720877,,95.7819115466061
CBW-715,forage_random_baseline,0.0,0.0,,110.47908697355226
CCB-720,forage_dynamic_simdrop,6.94239156648232,1.8535467442811895,,80.1908022008083
CCB-720,forage_random_baseline,0.0,0.0,,85.92817875720729
CCC-721,forage_dynamic_simdrop,12.049555460164072,4.523917513455713,,69.6959958834634
CCC-721,forage_random_baseline,0.0,0.0,,92.06590581129353
CCD-722,forage_dynamic_simdrop,7.344279469356735,3.4995713107198467,,159.2852963008736
CCD-722,forage_random_baseline,0.0,0.0,,177.9940845685009
CCF-724,forage_dynamic_simdrop,10.99894263535211,3.7260565564354025,,88.40365830383831
CCF-724,forage_random_baseline,0.0,0.0,,110.47908697355226
CCH-726,forage_dynamic_simdrop,9.264184006644928,4.5533756390497215,,118.19813351422079
CCH-726,forage_random_baseline,0.0,0.0,,141.16772224398346
CCL-730,forage_dynamic_simdrop,9.289181775171135,3.9949559850404475,,126.42748281120831
CCL-730,forage_random_baseline,0.0,0.0,,147.3054492980697
CCX-744,forage_dynamic_simdrop,10.982342865657515,2.715721952926569,,90.34004133027919
CCX-744,forage_random_baseline,0.0,0.0,,110.47908697355226
CDG-753,forage_dynamic_simdrop,6.472673058895639,5.859730068910782,,121.9169942684194
CDG-753,forage_random_baseline,0.0,0.0,,147.3054492980697
CDH-754,forage_dynamic_simdrop,7.6646681726947365,5.368336460559817,,74.82060088123184
CDH-754,forage_random_baseline,0.0,0.0,,85.92817875720729
CDM-759,forage_dynamic_simdrop,8.8526721693106,3.748075114687773,,102.87357214151267
CDM-759,forage_random_baseline,0.0,0.0,,116.6168140276385
CDR-764,forage_dynamic_simdrop,7.356955643541724,2.0492740680286183,,101.06259273954943
CDR-764,forage_random_baseline,0.0,0.0,,110.47908697355226
CDU-767,forage_dynamic_simdrop,9.13182745315715,1.7765642962554649,,103.57801148303967
CDU-767,forage_random_baseline,0.0,0.0,,116.6168140276385
SGO-159,forage_dynamic_simdrop,7.926173599597725,3.9811716860834965,,194.60795742543502
SGO-159,forage_random_baseline,0.0,0.0,,220.9581739471046
SIU-211,forage_dynamic_simdrop,7.862628873208418,5.5084666813140215,,121.87803739784572
SIU-211,forage_random_baseline,0.0,0.0,,147.3054492980697
SIZ-390,forage_dynamic_simdrop,8.327281457939758,2.329037662374386,,93.22985492264061
SIZ-390,forage_random_baseline,0.0,0.0,,104.34135991946602
SKE-234,forage_dynamic_simdrop,7.450960922608118,5.0837320150571434,,149.09853146488285
SKE-234,forage_random_baseline,0.0,0.0,,171.85635751441467
SMK-401,forage_dynamic_simdrop,8.219797292135413,4.564872953664024,,124.02089685180505
SMK-401,forage_random_baseline,0.0,0.0,,147.3054492980697
SNI-300,forage_dynamic_simdrop,7.983819579972011,5.740037324027501,,93.27561561651666
SNI-300,forage_random_baseline,0.0,0.0,,110.47908697355226
SNR-308,forage_dynamic_simdrop,8.273785570330672,2.8968304343922107,,87.15118736538861
SNR-308,forage_random_baseline,0.0,0.0,,98.20363286537977
SNT-310,forage_dynamic_simdrop,9.978542103804294,5.028874225556298,,137.88581174452557
SNT-310,forage_random_baseline,0.0,0.0,,165.71863046032843
SNV-312,forage_dynamic_simdrop,11.196230900201543,4.56250675193944,,86.37073156331454
SNV-312,forage_random_baseline,0.0,0.0,,110.47908697355226
SNY-315,forage_dynamic_simdrop,9.565129895821554,3.547166262033039,,105.84989080777008
SNY-315,forage_random_baseline,0.0,0.0,,122.75454108172474
SOE-320,forage_dynamic_simdrop,9.872052147271564,5.6823204244374175,,62.682417932619174
SOE-320,forage_random_baseline,0.0,0.0,,79.79045170312105
SOQ-329,forage_dynamic_simdrop,8.703680131905662,3.183088015374639,,124.00263503915139
SOQ-329,forage_random_baseline,0.0,0.0,,141.16772224398346
SOX-335,forage_dynamic_simdrop,10.229210470348493,3.0318543661488,,56.583243080607105
SOX-335,forage_random_baseline,0.0,0.0,,67.51499759494857
SPA-338,forage_dynamic_simdrop,7.722874513745117,4.470131745137085,,90.23635363063195
SPA-338,forage_random_baseline,0.0,0.0,,104.34135991946602
SPC-340,forage_dynamic_simdrop,8.803830162094172,4.38417477714421,,106.81441991005346
SPC-340,forage_random_baseline,0.0,0.0,,122.75454108172474
SPH-344,forage_dynamic_simdrop,9.541858520425984,6.1052545412160235,,48.88057031152389
SPH-344,forage_random_baseline,0.0,0.0,,61.37727054086234
SPL-436,forage_dynamic_simdrop,8.715269272276643,4.504873830381333,,86.64947595837114
SPL-436,forage_random_baseline,0.0,0.0,,104.34135991946602
SPV-450,forage_dynamic_simdrop,9.301758843059769,5.090685764367199,,95.03859203034126
SPV-450,forage_random_baseline,0.0,0.0,,116.6168140276385
SPX-452,forage_dynamic_simdrop,7.740407225578863,5.63960354219053,,110.66953775578249
SPX-452,forage_random_baseline,0.0,0.0,,135.02999518989722
SRF-483,forage_dynamic_simdrop,9.675075715329346,3.7658770732764713,,82.4964267610896
SRF-483,forage_random_baseline,0.0,0.0,,98.20363286537977
SRR-498,forage_dynamic_simdrop,9.213930429176639,3.9746674388382415,,94.42034364106232
SRR-498,forage_random_baseline,0.0,0.0,,110.47908697355226
SSG-520,forage_dynamic_simdrop,10.860326257367577,7.7424675685112,,66.17855210137127
SSG-520,forage_random_baseline,0.0,0.0,,98.20363286537977
SSZ-539,forage_dynamic_simdrop,8.83037607703462,3.6277749531044896,,70.44175781346691
SSZ-539,forage_random_baseline,0.0,0.0,,79.79045170312105
SUG-544,forage_dynamic_simdrop,9.35220875290713,5.575696261371391,,74.44047808801193
SUG-544,forage_random_baseline,0.0,0.0,,92.06590581129353
SUT-556,forage_dynamic_simdrop,10.404913116466025,3.321155137337647,,77.77545452537984
SUT-556,forage_random_baseline,0.0,0.0,,92.06590581129353
SUV-558,forage_dynamic_simdrop,6.593184510801952,4.062438274225666,,104.61492050871084
SUV-558,forage_random_baseline,0.0,0.0,,116.6168140276385
SVA-563,forage_dynamic_simdrop,7.212627404325344,3.0162700627236356,,116.18929435068874
SVA-563,forage_random_baseline,0.0,0.0,,128.89226813581098
SVH-570,forage_dynamic_simdrop,7.532901758258187,4.667883175597644,,78.96771127627471
SVH-570,forage_random_baseline,0.0,0.0,,92.06590581129353
SVY-587,forage_dynamic_simdrop,6.982244144772988,5.84216480894719,,96.11313243745875
SVY-587,forage_random_baseline,0.0,0.0,,116.6168140276385
SZA-781,forage_dynamic_simdrop,6.553982998720047,8.276781391788042,,84.7536243613936
SZA-781,forage_random_baseline,0.0,0.0,,104.34135991946602
