Subject,Model,Beta_Frequency,Beta_Semantic,Beta_Phonological,Negative_Log_Likelihood_Optimized
CAF-657,forage_dynamic_simdrop,8.192847328751935,2.232379966952384,,156.39753989466104
CAF-657,forage_random_baseline,0.0,0.0,,177.9940845685009
CAJ-663,forage_dynamic_simdrop,7.601850112107915,1.5480709562308195,,113.06943000497809
CAJ-663,forage_random_baseline,0.0,0.0,,122.75454108172474
CAM-666,forage_dynamic_simdrop,8.72221008648239,2.2519838190647112,,134.5067963486119
CAM-666,forage_random_baseline,0.0,0.0,,153.44317635215594
CAP-671,forage_dynamic_simdrop,9.763651123252533,1.9600649356780815,,99.59625055375196
CAP-671,forage_random_baseline,0.0,0.0,,116.6168140276385
CAQ-672,forage_dynamic_simdrop,8.20275803247908,2.5686154082710315,,125.05323441383418
CAQ-672,forage_random_baseline,0.0,0.0,,141.16772224398346
CAR-673,forage_dynamic_simdrop,8.382694498122659,2.74379613237768,,123.59737026887584
CAR-673,forage_random_baseline,0.0,0.0,,141.16772224398346
CAS-674,forage_dynamic_simdrop,6.3833913587672395,2.8263174395406043,,116.28228529518641
CAS-674,forage_random_baseline,0.0,0.0,,128.89226813581098
CAV-678,forage_dynamic_simdrop,6.259046056080093,2.0621608987273277,,160.81551534198053
CAV-678,forage_random_baseline,0.0,0.0,,171.85635751441467
CAY-681,forage_dynamic_simdrop,8.470414957016887,2.7492222940306723,,122.22397240216884
CAY-681,forage_random_baseline,0.0,0.0,,141.16772224398346
CBD-686,forage_dynamic_simdrop,7.969927739762381,2.8311724096948594,,109.0339711873484
CBD-686,forage_random_baseline,0.0,0.0,,128.89226813581098
CBF-691,forage_dynamic_simdrop,8.144068000990247,2.324808864688376,,104.49272217705052
CBF-691,forage_random_baseline,0.0,0.0,,116.6168140276385
CBH-693,forage_dynamic_simdrop,7.731967195381255,3.1248396751302376,,122.98246656787288
CBH-693,forage_random_baseline,0.0,0.0,,147.3054492980697
CBJ-697,forage_dynamic_simdrop,6.667323571235741,1.827914140510363,,131.5379716552314
CBJ-697,forage_random_baseline,0.0,0.0,,141.16772224398346
CBL-698,forage_dynamic_simdrop,5.263574188745587,2.724332759057454,,112.45566299696529
CBL-698,forage_random_baseline,0.0,0.0,,122.75454108172474
CBM-702,forage_dynamic_simdrop,6.820457783102383,2.759614834376617,,148.73359040754363
CBM-702,forage_random_baseline,0.0,0.0,,165.71863046032843
CBP-707,forage_dynamic_simdrop,8.336068726024598,2.2461570645479205,,152.68944087512716
CBP-707,forage_random_baseline,0.0,0.0,,171.85635751441467
CBS-711,forage_dynamic_simdrop,6.344076237885738,2.478978542773514,,134.6774196110978
CBS-711,forage_random_baseline,0.0,0.0,,147.3054492980697
CBW-715,forage_dynamic_simdrop,7.987470910256943,2.715505227613187,,97.09743708082917
CBW-715,forage_random_baseline,0.0,0.0,,110.47908697355226
CCB-720,forage_dynamic_simdrop,7.137277686899071,1.3844396098082876,,80.55944738673686
CCB-720,forage_random_baseline,0.0,0.0,,85.92817875720729
CCC-721,forage_dynamic_simdrop,11.599506899175486,2.0472439075226427,,72.7152453846995
CCC-721,forage_random_baseline,0.0,0.0,,92.06590581129353
CCD-722,forage_dynamic_simdrop,7.577014457758379,2.2771256467050485,,159.39850370681762
CCD-722,forage_random_baseline,0.0,0.0,,177.9940845685009
CCF-724,forage_dynamic_simdrop,10.856928978561905,2.056090272671294,,90.54504521311867
CCF-724,forage_random_baseline,0.0,0.0,,110.47908697355226
CCH-726,forage_dynamic_simdrop,9.351706426192154,2.203750487734886,,121.92358116856299
CCH-726,forage_random_baseline,0.0,0.0,,141.16772224398346
CCL-730,forage_dynamic_simdrop,8.864596808257756,2.1453348337854368,,127.09816770075997
CCL-730,forage_random_baseline,0.0,0.0,,147.3054492980697
CCX-744,forage_dynamic_simdrop,10.877156247428177,1.3137370690181842,,92.90401428025027
CCX-744,forage_random_baseline,0.0,0.0,,110.47908697355226
CDG-753,forage_dynamic_simdrop,6.965874854414829,2.9414718037338408,,126.64696458315623
CDG-753,forage_random_baseline,0.0,0.0,,147.3054492980697
CDH-754,forage_dynamic_simdrop,7.696220445134758,3.1450488852649596,,75.7139235740152
CDH-754,forage_random_baseline,0.0,0.0,,85.92817875720729
CDM-759,forage_dynamic_simdrop,8.80841129131421,2.1442593695737293,,103.4406483341178
CDM-759,forage_random_baseline,0.0,0.0,,116.6168140276385
CDR-764,forage_dynamic_simdrop,7.5745010786633,1.6407793965598416,,100.94236666426627
CDR-764,forage_random_baseline,0.0,0.0,,110.47908697355226
CDU-767,forage_dynamic_simdrop,9.060642744652366,1.2831479934777925,,103.5871943836529
CDU-767,forage_random_baseline,0.0,0.0,,116.6168140276385
SGO-159,forage_dynamic_simdrop,8.176154850438868,2.5514993298921773,,195.72544100344888
SGO-159,forage_random_baseline,0.0,0.0,,220.9581739471046
SIU-211,forage_dynamic_simdrop,8.511200744920515,2.794917586695532,,125.71520094737994
SIU-211,forage_random_baseline,0.0,0.0,,147.3054492980697
SIZ-390,forage_dynamic_simdrop,8.597908901095163,1.6001341485475609,,93.54560967371754
SIZ-390,forage_random_baseline,0.0,0.0,,104.34135991946602
SKE-234,forage_dynamic_simdrop,7.826112145147862,2.5739985017911744,,152.98470179886775
SKE-234,forage_random_baseline,0.0,0.0,,171.85635751441467
SMK-401,forage_dynamic_simdrop,8.673068246289429,2.582313795998225,,123.88367581405868
SMK-401,forage_random_baseline,0.0,0.0,,147.3054492980697
SNI-300,forage_dynamic_simdrop,8.009646978784929,2.695788328552319,,95.96189038185985
SNI-300,forage_random_baseline,0.0,0.0,,110.47908697355226
SNR-308,forage_dynamic_simdrop,8.722699795338462,2.2545684181513317,,86.18685750426614
SNR-308,forage_random_baseline,0.0,0.0,,98.20363286537977
SNT-310,forage_dynamic_simdrop,9.904892890767352,2.9333593012434105,,138.0971756130316
SNT-310,forage_random_baseline,0.0,0.0,,165.71863046032843
SNV-312,forage_dynamic_simdrop,11.041879572344369,2.5319495552639144,,88.13875481048161
SNV-312,forage_random_baseline,0.0,0.0,,110.47908697355226
SNY-315,forage_dynamic_simdrop,9.299648002029675,2.500410479549624,,104.47290782781509
SNY-315,forage_random_baseline,0.0,0.0,,122.75454108172474
SOE-320,forage_dynamic_simdrop,10.500682231744735,2.690245054076167,,65.36506942577553
SOE-320,forage_random_baseline,0.0,0.0,,79.79045170312105
SOQ-329,forage_dynamic_simdrop,8.970176428617522,2.3542286793086786,,122.10684854105665
SOQ-329,forage_random_baseline,0.0,0.0,,141.16772224398346
SOX-335,forage_dynamic_simdrop,10.300243240925052,1.9207047403661086,,56.953250694866774
SOX-335,forage_random_baseline,0.0,0.0,,67.51499759494857
SPA-338,forage_dynamic_simdrop,7.817099352424798,2.8331893249274636,,90.58659073120229
SPA-338,forage_random_baseline,0.0,0.0,,104.34135991946602
SPC-340,forage_dynamic_simdrop,8.437924348354787,2.382796565809404,,105.15514344508304
SPC-340,forage_random_baseline,0.0,0.0,,122.75454108172474
SPH-344,forage_dynamic_simdrop,9.501932004361947,2.708057581125205,,51.37075195170339
SPH-344,forage_random_baseline,0.0,0.0,,61.37727054086234
SPL-436,forage_dynamic_simdrop,8.86856643523137,2.4842618237315652,,87.1982051013137
SPL-436,forage_random_baseline,0.0,0.0,,104.34135991946602
SPV-450,forage_dynamic_simdrop,9.416860033405147,3.0043171222896885,,97.32230464904531
SPV-450,forage_random_baseline,0.0,0.0,,116.6168140276385
SPX-452,forage_dynamic_simdrop,8.08600904704643,2.935079010909161,,114.3962670728698
SPX-452,forage_random_baseline,0.0,0.0,,135.02999518989722
SRF-483,forage_dynamic_simdrop,9.90054118080825,2.1202605877152294,,83.22462154614522
SRF-483,forage_random_baseline,0.0,0.0,,98.20363286537977
SRR-498,forage_dynamic_simdrop,9.151928169758058,1.9074373443417938,,96.87990536413305
SRR-498,forage_random_baseline,0.0,0.0,,110.47908697355226
SSG-520,forage_dynamic_simdrop,11.170688228723181,3.2371424628288685,,71.86490932853087
SSG-520,forage_random_baseline,0.0,0.0,,98.20363286537977
SSZ-539,forage_dynamic_simdrop,8.990386233707547,1.7373167968502243,,71.55958176014268
SSZ-539,forage_random_baseline,0.0,0.0,,79.79045170312105
SUG-544,forage_dynamic_simdrop,9.373156636070693,2.5422914277652966,,78.00143482985195
SUG-544,forage_random_baseline,0.0,0.0,,92.06590581129353
SUT-556,forage_dynamic_simdrop,10.173432018587768,1.6829477633057293,,79.21039423103764
SUT-556,forage_random_baseline,0.0,0.0,,92.06590581129353
SUV-558,forage_dynamic_simdrop,6.765107399826128,2.2388916628868865,,105.59421004897969
SUV-558,forage_random_baseline,0.0,0.0,,116.6168140276385
SVA-563,forage_dynamic_simdrop,7.450442445737679,2.344452190760728,,113.91512304827219
SVA-563,forage_random_baseline,0.0,0.0,,128.89226813581098
SVH-570,forage_dynamic_simdrop,7.661207147467657,2.331432819636337,,81.49058173070043
SVH-570,forage_random_baseline,0.0,0.0,,92.06590581129353
SVY-587,forage_dynamic_simdrop,7.709540434625833,2.9706550402676744,,100.40080613881915
SVY-587,forage_random_baseline,0.0,0.0,,116.6168140276385
SZA-781,forage_dynamic_simdrop,7.569873718098498,3.208461659374984,,91.352402272614
SZA-781,forage_random_baseline,0.0,0.0,,104.34135991946602
