Subject,Model,Beta_Frequency,Beta_Semantic,Beta_Phonological,Negative_Log_Likelihood_Optimized
CAF-657,forage_dynamic_simdrop,8.995400550067195,2.3414567794408185,,157.60547061988538
CAF-657,forage_random_baseline,0.0,0.0,,177.9940845685009
CAJ-663,forage_dynamic_simdrop,8.053951830661125,1.7478975709892235,,112.65049036507926
CAJ-663,forage_random_baseline,0.0,0.0,,122.75454108172474
CAM-666,forage_dynamic_simdrop,9.226252118959179,2.3157716447862926,,134.75397241938973
CAM-666,forage_random_baseline,0.0,0.0,,153.44317635215594
CAP-671,forage_dynamic_simdrop,10.130360883108855,1.768301064111976,,100.89288485736998
CAP-671,forage_random_baseline,0.0,0.0,,116.6168140276385
CAQ-672,forage_dynamic_simdrop,8.948464164164962,2.44720477272046,,126.96177444226069
CAQ-672,forage_random_baseline,0.0,0.0,,141.16772224398346
CAR-673,forage_dynamic_simdrop,8.667226993232903,2.98671027201804,,121.75647448260777
CAR-673,forage_random_baseline,0.0,0.0,,141.16772224398346
CAS-674,forage_dynamic_simdrop,7.071047919636311,3.023005879026378,,114.81506609945161
CAS-674,forage_random_baseline,0.0,0.0,,128.89226813581098
CAV-678,forage_dynamic_simdrop,6.746335343256838,2.1992607190170537,,161.04512308826594
CAV-678,forage_random_baseline,0.0,0.0,,171.85635751441467
CAY-681,forage_dynamic_simdrop,9.20392928745691,2.8886384045635425,,120.94774094270734
CAY-681,forage_random_baseline,0.0,0.0,,141.16772224398346
CBD-686,forage_dynamic_simdrop,8.642494251645891,3.0337231872950423,,108.51735083060372
CBD-686,forage_random_baseline,0.0,0.0,,128.89226813581098
CBF-691,forage_dynamic_simdrop,8.582587907251057,2.626642041188045,,103.32438908152459
CBF-691,forage_random_baseline,0.0,0.0,,116.6168140276385
CBH-693,forage_dynamic_simdrop,8.115754300885763,3.0725431449097385,,126.2280627683317
CBH-693,forage_random_baseline,0.0,0.0,,147.3054492980697
CBJ-697,forage_dynamic_simdrop,7.222150805270128,2.2322617314687823,,130.21429697830501
CBJ-697,forage_random_baseline,0.0,0.0,,141.16772224398346
CBL-698,forage_dynamic_simdrop,6.060194475414242,3.220464561809403,,109.44421059235822
CBL-698,forage_random_baseline,0.0,0.0,,122.75454108172474
CBM-702,forage_dynamic_simdrop,7.448246000011295,2.9392283609633405,,149.67731322382411
CBM-702,forage_random_baseline,0.0,0.0,,165.71863046032843
CBP-707,forage_dynamic_simdrop,8.580777771075224,2.6909931287753963,,150.65742066419043
CBP-707,forage_random_baseline,0.0,0.0,,171.85635751441467
CBS-711,forage_dynamic_simdrop,6.8651204585890255,2.0938779438625956,,137.45929678586575
CBS-711,forage_random_baseline,0.0,0.0,,147.3054492980697
CBW-715,forage_dynamic_simdrop,8.438945263058981,2.852348888282446,,97.04051766212172
CBW-715,forage_random_baseline,0.0,0.0,,110.47908697355226
CCB-720,forage_dynamic_simdrop,7.352818774459928,1.5308853824755397,,80.50382764676536
CCB-720,forage_random_baseline,0.0,0.0,,85.92817875720729
CCC-721,forage_dynamic_simdrop,11.95143544244989,2.0517633886728284,,72.88798338920755
CCC-721,forage_random_baseline,0.0,0.0,,92.06590581129353
CCD-722,forage_dynamic_simdrop,8.09221793690779,2.223336091830916,,160.381364453077
CCD-722,forage_random_baseline,0.0,0.0,,177.9940845685009
CCF-724,forage_dynamic_simdrop,11.365511058254725,2.0802392003914094,,90.6287379993284
CCF-724,forage_random_baseline,0.0,0.0,,110.47908697355226
CCH-726,forage_dynamic_simdrop,9.790115169895207,2.360391307006698,,121.81244732259093
CCH-726,forage_random_baseline,0.0,0.0,,141.16772224398346
CCL-730,forage_dynamic_simdrop,9.60413947246061,2.6427154721387556,,125.07186160698431
CCL-730,forage_random_baseline,0.0,0.0,,147.3054492980697
CCX-744,forage_dynamic_simdrop,10.987903628225805,1.2243408131075146,,93.17618104686474
CCX-744,forage_random_baseline,0.0,0.0,,110.47908697355226
CDG-753,forage_dynamic_simdrop,7.409126595394019,3.0790210163011777,,125.5010067738294
CDG-753,forage_random_baseline,0.0,0.0,,147.3054492980697
CDH-754,forage_dynamic_simdrop,7.868319381473378,2.6698355558829774,,76.70445162952471
CDH-754,forage_random_baseline,0.0,0.0,,85.92817875720729
CDM-759,forage_dynamic_simdrop,9.08669260379877,1.811414603888658,,105.09030998561879
CDM-759,forage_random_baseline,0.0,0.0,,116.6168140276385
CDR-764,forage_dynamic_simdrop,7.734947492896801,1.0876466595301901,,102.52434694120173
CDR-764,forage_random_baseline,0.0,0.0,,110.47908697355226
CDU-767,forage_dynamic_simdrop,9.282161952090696,1.6146512851681594,,102.60853524811051
CDU-767,forage_random_baseline,0.0,0.0,,116.6168140276385
SGO-159,forage_dynamic_simdrop,8.569243657759497,2.4117871785519647,,197.76241243461158
SGO-159,forage_random_baseline,0.0,0.0,,220.9581739471046
SIU-211,forage_dynamic_simdrop,8.845307744288302,2.580544831189552,,127.52967658693757
SIU-211,forage_random_baseline,0.0,0.0,,147.3054492980697
SIZ-390,forage_dynamic_simdrop,8.813741935278074,1.445353779188837,,94.2933521588381
SIZ-390,forage_random_baseline,0.0,0.0,,104.34135991946602
SKE-234,forage_dynamic_simdrop,8.321586459426635,2.8542828846042543,,151.06997462309303
SKE-234,forage_random_baseline,0.0,0.0,,171.85635751441467
SMK-401,forage_dynamic_simdrop,9.11537630450482,2.5561185231822994,,124.16897866739373
SMK-401,forage_random_baseline,0.0,0.0,,147.3054492980697
SNI-300,forage_dynamic_simdrop,8.78229622313873,3.171690848470565,,95.32137266586084
SNI-300,forage_random_baseline,0.0,0.0,,110.47908697355226
SNR-308,forage_dynamic_simdrop,9.246365548588358,2.2932227706232426,,86.16861701345587
SNR-308,forage_random_baseline,0.0,0.0,,98.20363286537977
SNT-310,forage_dynamic_simdrop,10.313721104730268,2.9437283576638325,,138.58547670708867
SNT-310,forage_random_baseline,0.0,0.0,,165.71863046032843
SNV-312,forage_dynamic_simdrop,11.059350613637069,2.2184280706115214,,90.17688755772947
SNV-312,forage_random_baseline,0.0,0.0,,110.47908697355226
SNY-315,forage_dynamic_simdrop,9.381441048984367,1.4710145040808074,,108.92762643070445
SNY-315,forage_random_baseline,0.0,0.0,,122.75454108172474
SOE-320,forage_dynamic_simdrop,11.083169878804847,2.913246289872638,,64.73076505159229
SOE-320,forage_random_baseline,0.0,0.0,,79.79045170312105
SOQ-329,forage_dynamic_simdrop,9.228741495893532,2.275021004919231,,123.30582057813186
SOQ-329,forage_random_baseline,0.0,0.0,,141.16772224398346
SOX-335,forage_dynamic_simdrop,10.474903851136368,2.012919535084761,,56.71624323317448
SOX-335,forage_random_baseline,0.0,0.0,,67.51499759494857
SPA-338,forage_dynamic_simdrop,8.421959134603172,2.8079223535629483,,89.61280049317449
SPA-338,forage_random_baseline,0.0,0.0,,104.34135991946602
SPC-340,forage_dynamic_simdrop,9.171092218625933,2.5161416121585507,,106.62587173129945
SPC-340,forage_random_baseline,0.0,0.0,,122.75454108172474
SPH-344,forage_dynamic_simdrop,9.818779197359449,2.5364131921509894,,51.971023809065215
SPH-344,forage_random_baseline,0.0,0.0,,61.37727054086234
SPL-436,forage_dynamic_simdrop,9.282573146390808,2.3917738429434077,,88.27515957241421
SPL-436,forage_random_baseline,0.0,0.0,,104.34135991946602
SPV-450,forage_dynamic_simdrop,9.565090536815589,2.771911266789853,,99.03291835128752
SPV-450,forage_random_baseline,0.0,0.0,,116.6168140276385
SPX-452,forage_dynamic_simdrop,8.406955631326436,3.063651786943884,,113.4717701702726
SPX-452,forage_random_baseline,0.0,0.0,,135.02999518989722
SRF-483,forage_dynamic_simdrop,10.398542445879706,1.950831812523414,,84.03361245724277
SRF-483,forage_random_baseline,0.0,0.0,,98.20363286537977
SRR-498,forage_dynamic_simdrop,9.686212403116174,1.7713078398753195,,97.50365199625182
SRR-498,forage_random_baseline,0.0,0.0,,110.47908697355226
SSG-520,forage_dynamic_simdrop,11.360886337706296,3.2943367587145422,,71.05580165491244
SSG-520,forage_random_baseline,0.0,0.0,,98.20363286537977
SSZ-539,forage_dynamic_simdrop,9.326626873081857,1.7778513281702522,,71.46930945406937
SSZ-539,forage_random_baseline,0.0,0.0,,79.79045170312105
SUG-544,forage_dynamic_simdrop,10.158011110530335,2.9903807844521113,,75.95242086520545
SUG-544,forage_random_baseline,0.0,0.0,,92.06590581129353
SUT-556,forage_dynamic_simdrop,10.239121532949092,1.3922787202193703,,80.62380708743386
SUT-556,forage_random_baseline,0.0,0.0,,92.06590581129353
SUV-558,forage_dynamic_simdrop,7.431288682157546,2.5487858533267023,,104.270629425073
SUV-558,forage_random_baseline,0.0,0.0,,116.6168140276385
SVA-563,forage_dynamic_simdrop,7.801639718112846,1.784804833471274,,117.93894084779737
SVA-563,forage_random_baseline,0.0,0.0,,128.89226813581098
SVH-570,forage_dynamic_simdrop,8.602696489015143,2.4565953301532626,,82.4491622313872
SVH-570,forage_random_baseline,0.0,0.0,,92.06590581129353
SVY-587,forage_dynamic_simdrop,8.059038972350885,2.952136546309523,,100.9690137175797
SVY-587,forage_random_baseline,0.0,0.0,,116.6168140276385
SZA-781,forage_dynamic_simdrop,8.274533237040517,3.4449561908444815,,89.94747135782303
SZA-781,forage_random_baseline,0.0,0.0,,104.34135991946602
